00:12:00.355 [main] DEBUG o.s.b.t.c.SpringBootTestContextBootstrapper -Neither @ContextConfiguration nor @ContextHierarchy found for test class [EmailServiceTests]: using SpringBootContextLoader
00:12:00.360 [main] DEBUG o.s.t.c.s.AbstractContextLoader -Could not detect default resource locations for test class [com.journalingapp.soham.journalApp.service.EmailServiceTests]: no resource found for suffixes {-context.xml, Context.groovy}.
00:12:00.363 [main] INFO  o.s.t.c.s.AnnotationConfigContextLoaderUtils -Could not detect default configuration classes for test class [com.journalingapp.soham.journalApp.service.EmailServiceTests]: EmailServiceTests does not declare any static, non-private, non-final, nested classes annotated with @Configuration.
00:12:00.404 [main] DEBUG o.s.b.t.c.SpringBootTestContextBootstrapper -Using ContextCustomizerFactory implementations for test class [EmailServiceTests]: [ImportsContextCustomizerFactory, ExcludeFilterContextCustomizerFactory, HttpGraphQlTesterContextCustomizerFactory, DuplicateJsonObjectContextCustomizerFactory, MockitoContextCustomizerFactory, TestRestTemplateContextCustomizerFactory, WebTestClientContextCustomizerFactory, DisableReactorResourceFactoryGlobalResourcesContextCustomizerFactory, OnFailureConditionReportContextCustomizerFactory, OverrideAutoConfigurationContextCustomizerFactory, ObservabilityContextCustomizerFactory, TypeExcludeFiltersContextCustomizerFactory, PropertyMappingContextCustomizerFactory, WebDriverContextCustomizerFactory, BeanOverrideContextCustomizerFactory, MockServerContainerContextCustomizerFactory, DynamicPropertiesContextCustomizerFactory]
00:12:00.475 [main] DEBUG o.s.b.t.c.SpringBootTestContextBootstrapper -Using ContextCustomizers for test class [EmailServiceTests]: [ExcludeFilterContextCustomizer, DuplicateJsonObjectContextCustomizer, MockitoContextCustomizer, TestRestTemplateContextCustomizer, DisableReactorResourceFactoryGlobalResourcesContextCustomizerCustomizer, OnFailureConditionReportContextCustomizer, DisableObservabilityContextCustomizer, PropertyMappingContextCustomizer, WebDriverContextCustomizer, DynamicPropertiesContextCustomizer]
00:12:00.688 [main] DEBUG o.s.c.a.ClassPathScanningCandidateComponentProvider -Identified candidate component class: file [C:\Users\soham\Downloads\journalApp\journalApp\target\classes\com\journalingapp\soham\journalApp\JournalApplication.class]
00:12:00.691 [main] INFO  o.s.b.t.c.SpringBootTestContextBootstrapper -Found @SpringBootConfiguration com.journalingapp.soham.journalApp.JournalApplication for test class com.journalingapp.soham.journalApp.service.EmailServiceTests
00:12:00.922 [main] DEBUG o.s.t.c.u.TestContextSpringFactoriesUtils -Skipping candidate TestExecutionListener [org.springframework.test.context.observation.MicrometerObservationRegistryTestExecutionListener] due to a missing dependency. Specify custom TestExecutionListener classes or make the default TestExecutionListener classes and their required dependencies available. Offending class: io.micrometer.context.ThreadLocalAccessor. MicrometerObservationRegistryTestExecutionListener requires io.micrometer:micrometer-observation:1.10.8 or higher and io.micrometer:context-propagation:1.0.3 or higher.
00:12:00.950 [main] DEBUG o.s.b.t.c.SpringBootTestContextBootstrapper -Using TestExecutionListeners for test class [EmailServiceTests]: [ServletTestExecutionListener, DirtiesContextBeforeModesTestExecutionListener, ApplicationEventsTestExecutionListener, MockitoTestExecutionListener, BeanOverrideTestExecutionListener, DependencyInjectionTestExecutionListener, DirtiesContextTestExecutionListener, CommonCachesTestExecutionListener, TransactionalTestExecutionListener, SqlScriptsTestExecutionListener, EventPublishingTestExecutionListener, ResetMocksTestExecutionListener, RestDocsTestExecutionListener, MockRestServiceServerResetTestExecutionListener, MockMvcPrintOnlyOnFailureTestExecutionListener, WebDriverTestExecutionListener, MockWebServiceServerTestExecutionListener, MockitoResetTestExecutionListener]
00:12:00.957 [main] DEBUG o.s.t.c.s.DirtiesContextBeforeModesTestExecutionListener -Before test class: class [EmailServiceTests], class annotated with @DirtiesContext [false] with mode [null]
00:12:01.493 [main] INFO  c.j.s.j.service.EmailServiceTests -Starting EmailServiceTests using Java 17.0.13 with PID 3472 (started by soham in C:\Users\soham\Downloads\journalApp\journalApp)
00:12:01.496 [main] DEBUG c.j.s.j.service.EmailServiceTests -Running with Spring Boot v3.4.12, Spring v6.2.14
00:12:01.497 [main] INFO  c.j.s.j.service.EmailServiceTests -No active profile set, falling back to 1 default profile: "default"
00:12:01.498 [main] DEBUG o.s.boot.SpringApplication -Loading source class com.journalingapp.soham.journalApp.JournalApplication
00:12:01.580 [main] DEBUG o.s.w.c.s.GenericWebApplicationContext -Refreshing org.springframework.web.context.support.GenericWebApplicationContext@143d9a93
00:12:01.615 [main] DEBUG o.s.b.f.s.DefaultListableBeanFactory -Creating shared instance of singleton bean 'org.springframework.context.annotation.internalConfigurationAnnotationProcessor'
00:12:01.640 [main] DEBUG o.s.b.f.s.DefaultListableBeanFactory -Creating shared instance of singleton bean 'org.springframework.boot.autoconfigure.internalCachingMetadataReaderFactory'
00:12:01.702 [main] DEBUG o.s.c.a.ClassPathBeanDefinitionScanner -Identified candidate component class: file [C:\Users\soham\Downloads\journalApp\journalApp\target\classes\com\journalingapp\soham\journalApp\cache\AppCache.class]
00:12:01.714 [main] DEBUG o.s.c.a.ClassPathBeanDefinitionScanner -Identified candidate component class: file [C:\Users\soham\Downloads\journalApp\journalApp\target\classes\com\journalingapp\soham\journalApp\config\SpringSecurity.class]
00:12:01.732 [main] DEBUG o.s.c.a.ClassPathBeanDefinitionScanner -Identified candidate component class: file [C:\Users\soham\Downloads\journalApp\journalApp\target\classes\com\journalingapp\soham\journalApp\controller\AdminController.class]
00:12:01.738 [main] DEBUG o.s.c.a.ClassPathBeanDefinitionScanner -Identified candidate component class: file [C:\Users\soham\Downloads\journalApp\journalApp\target\classes\com\journalingapp\soham\journalApp\controller\JournalEntryController.class]
00:12:01.739 [main] DEBUG o.s.c.a.ClassPathBeanDefinitionScanner -Identified candidate component class: file [C:\Users\soham\Downloads\journalApp\journalApp\target\classes\com\journalingapp\soham\journalApp\controller\PublicController.class]
00:12:01.740 [main] DEBUG o.s.c.a.ClassPathBeanDefinitionScanner -Identified candidate component class: file [C:\Users\soham\Downloads\journalApp\journalApp\target\classes\com\journalingapp\soham\journalApp\controller\UserController.class]
00:12:01.753 [main] DEBUG o.s.c.a.ClassPathBeanDefinitionScanner -Identified candidate component class: file [C:\Users\soham\Downloads\journalApp\journalApp\target\classes\com\journalingapp\soham\journalApp\repository\UserRepositoryImpl.class]
00:12:01.754 [main] DEBUG o.s.c.a.ClassPathBeanDefinitionScanner -Identified candidate component class: file [C:\Users\soham\Downloads\journalApp\journalApp\target\classes\com\journalingapp\soham\journalApp\service\EmailService.class]
00:12:01.755 [main] DEBUG o.s.c.a.ClassPathBeanDefinitionScanner -Identified candidate component class: file [C:\Users\soham\Downloads\journalApp\journalApp\target\classes\com\journalingapp\soham\journalApp\service\JournalEntryService.class]
00:12:01.756 [main] DEBUG o.s.c.a.ClassPathBeanDefinitionScanner -Identified candidate component class: file [C:\Users\soham\Downloads\journalApp\journalApp\target\classes\com\journalingapp\soham\journalApp\service\UserDetailsServiceImpl.class]
00:12:01.757 [main] DEBUG o.s.c.a.ClassPathBeanDefinitionScanner -Identified candidate component class: file [C:\Users\soham\Downloads\journalApp\journalApp\target\classes\com\journalingapp\soham\journalApp\service\UserService.class]
00:12:01.758 [main] DEBUG o.s.c.a.ClassPathBeanDefinitionScanner -Identified candidate component class: file [C:\Users\soham\Downloads\journalApp\journalApp\target\classes\com\journalingapp\soham\journalApp\service\WeatherService.class]
00:12:02.592 [main] INFO  o.s.d.r.c.RepositoryConfigurationDelegate -Bootstrapping Spring Data MongoDB repositories in DEFAULT mode.
00:12:02.603 [main] DEBUG o.s.b.f.s.DefaultListableBeanFactory -Creating shared instance of singleton bean 'org.springframework.boot.autoconfigure.AutoConfigurationPackages'
00:12:02.616 [main] DEBUG o.s.b.a.AutoConfigurationPackages -@EnableAutoConfiguration was declared on a class in the package 'com.journalingapp.soham.journalApp'. Automatic @Repository and @Entity scanning is enabled.
00:12:02.618 [main] DEBUG o.s.d.r.c.RepositoryConfigurationDelegate -Scanning for MongoDB repositories in packages com.journalingapp.soham.journalApp.
00:12:02.639 [main] DEBUG o.s.d.r.c.RepositoryComponentProvider -Identified candidate component class: file [C:\Users\soham\Downloads\journalApp\journalApp\target\classes\com\journalingapp\soham\journalApp\repository\ConfigJournalAppRepository.class]
00:12:02.639 [main] DEBUG o.s.d.r.c.RepositoryComponentProvider -Identified candidate component class: file [C:\Users\soham\Downloads\journalApp\journalApp\target\classes\com\journalingapp\soham\journalApp\repository\JournalEntryRepository.class]
00:12:02.639 [main] DEBUG o.s.d.r.c.RepositoryComponentProvider -Identified candidate component class: file [C:\Users\soham\Downloads\journalApp\journalApp\target\classes\com\journalingapp\soham\journalApp\repository\UserRepository.class]
00:12:02.688 [main] DEBUG o.s.c.a.ClassPathScanningCandidateComponentProvider -Identified candidate component class: file [C:\Users\soham\Downloads\journalApp\journalApp\target\classes\com\journalingapp\soham\journalApp\repository\UserRepositoryImpl.class]
00:12:02.688 [main] DEBUG o.s.c.a.ClassPathScanningCandidateComponentProvider -Identified candidate component class: file [C:\Users\soham\Downloads\journalApp\journalApp\target\classes\com\journalingapp\soham\journalApp\service\UserDetailsServiceImpl.class]
00:12:02.717 [main] DEBUG o.s.d.r.c.RepositoryBeanDefinitionBuilder -Custom repository implementation already registered: userRepositoryImpl
00:12:02.723 [main] INFO  o.s.d.r.c.RepositoryConfigurationDelegate -Finished Spring Data repository scanning in 103 ms. Found 3 MongoDB repository interfaces.
00:12:02.888 [main] DEBUG o.s.b.f.s.DefaultListableBeanFactory -Creating shared instance of singleton bean 'springSecurityHandlerMappingIntrospectorBeanDefinitionRegistryPostProcessor'
00:12:03.048 [main] DEBUG o.s.b.f.s.DefaultListableBeanFactory -Creating shared instance of singleton bean 'propertySourcesPlaceholderConfigurer'
00:12:03.053 [main] DEBUG o.s.b.f.s.DefaultListableBeanFactory -Creating shared instance of singleton bean 'org.springframework.boot.test.mock.mockito.MockitoPostProcessor'
00:12:03.055 [main] DEBUG o.s.b.f.s.DefaultListableBeanFactory -Creating shared instance of singleton bean 'org.springframework.boot.sql.init.dependency.DatabaseInitializationDependencyConfigurer$DependsOnDatabaseInitializationPostProcessor'
00:12:03.112 [main] DEBUG o.s.b.f.s.DefaultListableBeanFactory -Creating shared instance of singleton bean 'org.springframework.context.event.internalEventListenerProcessor'
00:12:03.114 [main] DEBUG o.s.b.f.s.DefaultListableBeanFactory -Creating shared instance of singleton bean 'conversionServicePostProcessor'
00:12:03.131 [main] DEBUG o.s.b.f.s.DefaultListableBeanFactory -Creating shared instance of singleton bean 'preserveErrorControllerTargetClassPostProcessor'
00:12:03.131 [main] DEBUG o.s.b.f.s.DefaultListableBeanFactory -Creating shared instance of singleton bean 'forceAutoProxyCreatorToUseClassProxying'
00:12:03.133 [main] DEBUG o.s.b.f.s.DefaultListableBeanFactory -Creating shared instance of singleton bean 'org.springframework.context.event.internalEventListenerFactory'
00:12:03.134 [main] DEBUG o.s.b.f.s.DefaultListableBeanFactory -Creating shared instance of singleton bean 'org.springframework.transaction.config.internalTransactionalEventListenerFactory'
00:12:03.139 [main] DEBUG o.s.b.f.s.DefaultListableBeanFactory -Creating shared instance of singleton bean 'org.springframework.boot.test.mock.mockito.MockitoPostProcessor$SpyPostProcessor'
00:12:03.140 [main] DEBUG o.s.b.f.s.DefaultListableBeanFactory -Creating shared instance of singleton bean 'org.springframework.context.annotation.internalAutowiredAnnotationProcessor'
00:12:03.142 [main] DEBUG o.s.b.f.s.DefaultListableBeanFactory -Creating shared instance of singleton bean 'org.springframework.context.annotation.internalCommonAnnotationProcessor'
00:12:03.148 [main] DEBUG o.s.b.f.s.DefaultListableBeanFactory -Creating shared instance of singleton bean 'org.springframework.boot.context.properties.ConfigurationPropertiesBindingPostProcessor'
00:12:03.148 [main] DEBUG o.s.b.f.s.DefaultListableBeanFactory -Creating shared instance of singleton bean 'org.springframework.boot.context.internalConfigurationPropertiesBinder'
00:12:03.152 [main] DEBUG o.s.b.f.s.DefaultListableBeanFactory -Creating shared instance of singleton bean 'persistenceExceptionTranslationPostProcessor'
00:12:03.156 [main] DEBUG o.s.b.f.s.DefaultListableBeanFactory -Autowiring by type from bean name 'persistenceExceptionTranslationPostProcessor' via factory method to bean named 'environment'
00:12:03.166 [main] DEBUG o.s.b.f.s.DefaultListableBeanFactory -Creating shared instance of singleton bean 'org.springframework.aop.config.internalAutoProxyCreator'
00:12:03.175 [main] DEBUG o.s.b.f.s.DefaultListableBeanFactory -Creating shared instance of singleton bean 'webServerFactoryCustomizerBeanPostProcessor'
00:12:03.177 [main] DEBUG o.s.b.f.s.DefaultListableBeanFactory -Creating shared instance of singleton bean 'errorPageRegistrarBeanPostProcessor'
00:12:03.177 [main] DEBUG o.s.b.f.s.DefaultListableBeanFactory -Creating shared instance of singleton bean 'projectingArgumentResolverBeanPostProcessor'
00:12:03.199 [main] DEBUG o.s.b.f.s.DefaultListableBeanFactory -Creating shared instance of singleton bean 'org.springframework.transaction.config.internalTransactionAdvisor'
00:12:03.200 [main] DEBUG o.s.b.f.s.DefaultListableBeanFactory -Creating shared instance of singleton bean 'org.springframework.transaction.annotation.ProxyTransactionManagementConfiguration'
00:12:03.224 [main] DEBUG o.s.b.f.s.DefaultListableBeanFactory -Creating shared instance of singleton bean 'transactionAttributeSource'
00:12:03.225 [main] DEBUG o.s.b.f.s.DefaultListableBeanFactory -Creating shared instance of singleton bean 'transactionInterceptor'
00:12:03.226 [main] DEBUG o.s.b.f.s.DefaultListableBeanFactory -Autowiring by type from bean name 'transactionInterceptor' via factory method to bean named 'transactionAttributeSource'
00:12:03.235 [main] DEBUG o.s.b.f.s.DefaultListableBeanFactory -Autowiring by type from bean name 'org.springframework.transaction.config.internalTransactionAdvisor' via factory method to bean named 'transactionAttributeSource'
00:12:03.235 [main] DEBUG o.s.b.f.s.DefaultListableBeanFactory -Autowiring by type from bean name 'org.springframework.transaction.config.internalTransactionAdvisor' via factory method to bean named 'transactionInterceptor'
00:12:03.244 [main] DEBUG o.s.u.c.s.UiApplicationContextUtils -Unable to locate ThemeSource with name 'themeSource': using default [org.springframework.ui.context.support.ResourceBundleThemeSource@3610f277]
00:12:03.246 [main] DEBUG o.s.b.f.s.DefaultListableBeanFactory -Creating shared instance of singleton bean 'org.springframework.test.context.support.internalDynamicPropertyRegistrarBeanInitializer'
00:12:03.250 [main] DEBUG o.s.b.f.s.DefaultListableBeanFactory -Creating shared instance of singleton bean 'journalApplication'
00:12:03.252 [main] DEBUG o.s.b.f.s.DefaultListableBeanFactory -Creating shared instance of singleton bean 'appCache'
00:12:03.256 [main] DEBUG o.s.b.f.s.DefaultListableBeanFactory -Creating shared instance of singleton bean 'configJournalAppRepository'
00:12:03.262 [main] DEBUG o.s.b.f.s.DefaultListableBeanFactory -Creating shared instance of singleton bean 'mongo.named-queries#2'
00:12:03.267 [main] DEBUG o.s.b.f.s.DefaultListableBeanFactory -Creating shared instance of singleton bean 'mongodb.ConfigJournalAppRepository.fragments#0'
00:12:03.273 [main] DEBUG o.s.b.f.s.DefaultListableBeanFactory -Creating shared instance of singleton bean 'mongoTemplate'
00:12:03.273 [main] DEBUG o.s.b.f.s.DefaultListableBeanFactory -Creating shared instance of singleton bean 'org.springframework.boot.autoconfigure.data.mongo.MongoDatabaseFactoryDependentConfiguration'
00:12:03.276 [main] DEBUG o.s.b.f.s.DefaultListableBeanFactory -Creating shared instance of singleton bean 'mongoDatabaseFactory'
00:12:03.276 [main] DEBUG o.s.b.f.s.DefaultListableBeanFactory -Creating shared instance of singleton bean 'org.springframework.boot.autoconfigure.data.mongo.MongoDatabaseFactoryConfiguration'
00:12:03.277 [main] DEBUG o.s.b.f.s.DefaultListableBeanFactory -Creating shared instance of singleton bean 'mongo'
00:12:03.277 [main] DEBUG o.s.b.f.s.DefaultListableBeanFactory -Creating shared instance of singleton bean 'org.springframework.boot.autoconfigure.mongo.MongoAutoConfiguration'
00:12:03.280 [main] DEBUG o.s.b.f.s.DefaultListableBeanFactory -Creating shared instance of singleton bean 'mongoClientSettings'
00:12:03.280 [main] DEBUG o.s.b.f.s.DefaultListableBeanFactory -Creating shared instance of singleton bean 'org.springframework.boot.autoconfigure.mongo.MongoAutoConfiguration$MongoClientSettingsConfiguration'
00:12:03.369 [main] DEBUG o.s.b.f.s.DefaultListableBeanFactory -Autowiring by type from bean name 'mongo' via factory method to bean named 'mongoClientSettings'
00:12:03.372 [main] DEBUG o.s.b.f.s.DefaultListableBeanFactory -Creating shared instance of singleton bean 'standardMongoSettingsCustomizer'
00:12:03.373 [main] DEBUG o.s.b.f.s.DefaultListableBeanFactory -Creating shared instance of singleton bean 'spring.data.mongodb-org.springframework.boot.autoconfigure.mongo.MongoProperties'
00:12:03.375 [main] DEBUG o.s.b.f.s.DefaultListableBeanFactory -Creating shared instance of singleton bean 'org.springframework.boot.context.properties.BoundConfigurationProperties'
00:12:03.390 [main] DEBUG o.s.b.f.s.DefaultListableBeanFactory -Creating shared instance of singleton bean 'mongoConnectionDetails'
00:12:03.392 [main] DEBUG o.s.b.f.s.DefaultListableBeanFactory -Autowiring by type from bean name 'mongoConnectionDetails' via factory method to bean named 'spring.data.mongodb-org.springframework.boot.autoconfigure.mongo.MongoProperties'
00:12:03.396 [main] DEBUG o.s.b.f.s.DefaultListableBeanFactory -Autowiring by type from bean name 'standardMongoSettingsCustomizer' via factory method to bean named 'spring.data.mongodb-org.springframework.boot.autoconfigure.mongo.MongoProperties'
00:12:03.396 [main] DEBUG o.s.b.f.s.DefaultListableBeanFactory -Autowiring by type from bean name 'standardMongoSettingsCustomizer' via factory method to bean named 'mongoConnectionDetails'
00:12:03.403 [main] DEBUG o.s.b.f.s.DefaultListableBeanFactory -Creating shared instance of singleton bean 'sslBundleRegistry'
00:12:03.404 [main] DEBUG o.s.b.f.s.DefaultListableBeanFactory -Creating shared instance of singleton bean 'org.springframework.boot.autoconfigure.ssl.SslAutoConfiguration'
00:12:03.405 [main] DEBUG o.s.b.f.s.DefaultListableBeanFactory -Creating shared instance of singleton bean 'spring.ssl-org.springframework.boot.autoconfigure.ssl.SslProperties'
00:12:03.408 [main] DEBUG o.s.b.f.s.DefaultListableBeanFactory -Autowiring by type from bean name 'org.springframework.boot.autoconfigure.ssl.SslAutoConfiguration' via constructor to bean named 'org.springframework.web.context.support.GenericWebApplicationContext@143d9a93'
00:12:03.409 [main] DEBUG o.s.b.f.s.DefaultListableBeanFactory -Autowiring by type from bean name 'org.springframework.boot.autoconfigure.ssl.SslAutoConfiguration' via constructor to bean named 'spring.ssl-org.springframework.boot.autoconfigure.ssl.SslProperties'
00:12:03.413 [main] DEBUG o.s.b.f.s.DefaultListableBeanFactory -Creating shared instance of singleton bean 'sslPropertiesSslBundleRegistrar'
00:12:03.414 [main] DEBUG o.s.b.f.s.DefaultListableBeanFactory -Creating shared instance of singleton bean 'fileWatcher'
00:12:03.416 [main] DEBUG o.s.b.f.s.DefaultListableBeanFactory -Autowiring by type from bean name 'sslPropertiesSslBundleRegistrar' via factory method to bean named 'fileWatcher'
00:12:03.591 [main] DEBUG org.mongodb.driver.connection -Connection pool created for localhost:27017 using options maxIdleTimeMS=0, minPoolSize=0, maxPoolSize=100, maxConnecting=2, waitQueueTimeoutMS=120000
00:12:03.611 [main] DEBUG org.mongodb.driver.cluster -Updating cluster description to  {type=UNKNOWN, servers=[{address=localhost:27017, type=UNKNOWN, state=CONNECTING}]
00:12:03.665 [cluster-ClusterId{value='693b107bd42ee03ac62f4eeb', description='null'}-localhost:27017] INFO  org.mongodb.driver.cluster -Exception in monitor thread while connecting to server localhost:27017
com.mongodb.MongoSocketOpenException: Exception opening socket
	at com.mongodb.internal.connection.SocketStream.lambda$open$0(SocketStream.java:85)
	at java.base/java.util.Optional.orElseThrow(Optional.java:403)
	at com.mongodb.internal.connection.SocketStream.open(SocketStream.java:85)
	at com.mongodb.internal.connection.InternalStreamConnection.open(InternalStreamConnection.java:233)
	at com.mongodb.internal.connection.DefaultServerMonitor$ServerMonitor.lookupServerDescription(DefaultServerMonitor.java:219)
	at com.mongodb.internal.connection.DefaultServerMonitor$ServerMonitor.run(DefaultServerMonitor.java:176)
Caused by: java.net.ConnectException: Connection refused: getsockopt
	at java.base/sun.nio.ch.Net.pollConnect(Native Method)
	at java.base/sun.nio.ch.Net.pollConnectNow(Net.java:672)
	at java.base/sun.nio.ch.NioSocketImpl.timedFinishConnect(NioSocketImpl.java:547)
	at java.base/sun.nio.ch.NioSocketImpl.connect(NioSocketImpl.java:602)
	at java.base/java.net.SocksSocketImpl.connect(SocksSocketImpl.java:327)
	at java.base/java.net.Socket.connect(Socket.java:633)
	at com.mongodb.internal.connection.SocketStreamHelper.initialize(SocketStreamHelper.java:76)
	at com.mongodb.internal.connection.SocketStream.initializeSocket(SocketStream.java:104)
	at com.mongodb.internal.connection.SocketStream.open(SocketStream.java:79)
	... 3 common frames omitted
00:12:03.672 [cluster-ClusterId{value='693b107bd42ee03ac62f4eeb', description='null'}-localhost:27017] DEBUG org.mongodb.driver.cluster -Updating cluster description to  {type=UNKNOWN, servers=[{address=localhost:27017, type=UNKNOWN, state=CONNECTING, exception={com.mongodb.MongoSocketOpenException: Exception opening socket}, caused by {java.net.ConnectException: Connection refused: getsockopt}}]
00:12:03.673 [main] INFO  org.mongodb.driver.client -MongoClient with metadata {"driver": {"name": "mongo-java-driver|sync|spring-boot", "version": "5.2.1"}, "os": {"type": "Windows", "name": "Windows 11", "architecture": "amd64", "version": "10.0"}, "platform": "Java/Amazon.com Inc./17.0.13+11-LTS"} created with settings MongoClientSettings{readPreference=primary, writeConcern=WriteConcern{w=null, wTimeout=null ms, journal=null}, retryWrites=true, retryReads=true, readConcern=ReadConcern{level=null}, credential=null, transportSettings=null, commandListeners=[], codecRegistry=ProvidersCodecRegistry{codecProviders=[ValueCodecProvider{}, BsonValueCodecProvider{}, DBRefCodecProvider{}, DBObjectCodecProvider{}, DocumentCodecProvider{}, CollectionCodecProvider{}, IterableCodecProvider{}, MapCodecProvider{}, GeoJsonCodecProvider{}, GridFSFileCodecProvider{}, Jsr310CodecProvider{}, JsonObjectCodecProvider{}, BsonCodecProvider{}, EnumCodecProvider{}, com.mongodb.client.model.mql.ExpressionCodecProvider@70b2fa10, com.mongodb.Jep395RecordCodecProvider@7c96c85, com.mongodb.KotlinCodecProvider@b0f2d91]}, loggerSettings=LoggerSettings{maxDocumentLength=1000}, clusterSettings={hosts=[localhost:27017], srvServiceName=mongodb, mode=SINGLE, requiredClusterType=UNKNOWN, requiredReplicaSetName='null', serverSelector='null', clusterListeners='[]', serverSelectionTimeout='30000 ms', localThreshold='15 ms'}, socketSettings=SocketSettings{connectTimeoutMS=10000, readTimeoutMS=0, receiveBufferSize=0, proxySettings=ProxySettings{host=null, port=null, username=null, password=null}}, heartbeatSocketSettings=SocketSettings{connectTimeoutMS=10000, readTimeoutMS=10000, receiveBufferSize=0, proxySettings=ProxySettings{host=null, port=null, username=null, password=null}}, connectionPoolSettings=ConnectionPoolSettings{maxSize=100, minSize=0, maxWaitTimeMS=120000, maxConnectionLifeTimeMS=0, maxConnectionIdleTimeMS=0, maintenanceInitialDelayMS=0, maintenanceFrequencyMS=60000, connectionPoolListeners=[], maxConnecting=2}, serverSettings=ServerSettings{heartbeatFrequencyMS=10000, minHeartbeatFrequencyMS=500, serverMonitoringMode=AUTO, serverListeners='[]', serverMonitorListeners='[]'}, sslSettings=SslSettings{enabled=false, invalidHostNameAllowed=false, context=null}, applicationName='null', compressorList=[], uuidRepresentation=JAVA_LEGACY, serverApi=null, autoEncryptionSettings=null, dnsClient=null, inetAddressResolver=null, contextProvider=null, timeoutMS=null}
00:12:03.680 [main] DEBUG o.s.b.f.s.DefaultListableBeanFactory -Autowiring by type from bean name 'mongoDatabaseFactory' via factory method to bean named 'mongo'
00:12:03.681 [main] DEBUG o.s.b.f.s.DefaultListableBeanFactory -Autowiring by type from bean name 'mongoDatabaseFactory' via factory method to bean named 'spring.data.mongodb-org.springframework.boot.autoconfigure.mongo.MongoProperties'
00:12:03.681 [main] DEBUG o.s.b.f.s.DefaultListableBeanFactory -Autowiring by type from bean name 'mongoDatabaseFactory' via factory method to bean named 'mongoConnectionDetails'
00:12:03.693 [main] DEBUG o.s.b.f.s.DefaultListableBeanFactory -Creating shared instance of singleton bean 'mappingMongoConverter'
00:12:03.694 [main] DEBUG o.s.b.f.s.DefaultListableBeanFactory -Creating shared instance of singleton bean 'org.springframework.boot.autoconfigure.data.mongo.MongoDataConfiguration'
00:12:03.696 [main] DEBUG o.s.b.f.s.DefaultListableBeanFactory -Creating shared instance of singleton bean 'mongoMappingContext'
00:12:03.698 [main] DEBUG o.s.b.f.s.DefaultListableBeanFactory -Creating shared instance of singleton bean 'mongoCustomConversions'
00:12:03.864 [main] DEBUG o.s.data.convert.CustomConversions -Adding converter from class java.lang.Character to class java.lang.String as writing converter
00:12:03.865 [main] DEBUG o.s.data.convert.CustomConversions -Adding converter from class java.util.Locale to class java.lang.String as writing converter
00:12:03.866 [main] DEBUG o.s.data.convert.CustomConversions -Adding converter from class java.math.BigDecimal to class java.lang.String as writing converter
00:12:03.867 [main] DEBUG o.s.data.convert.CustomConversions -Adding converter from class java.math.BigDecimal to class org.bson.types.Decimal128 as writing converter
00:12:03.867 [main] DEBUG o.s.data.convert.CustomConversions -Adding converter from class java.lang.String to class java.math.BigDecimal as reading converter
00:12:03.868 [main] DEBUG o.s.data.convert.CustomConversions -Adding converter from class org.bson.types.Decimal128 to class java.math.BigDecimal as reading converter
00:12:03.869 [main] DEBUG o.s.data.convert.CustomConversions -Adding converter from class java.math.BigInteger to class java.lang.String as writing converter
00:12:03.870 [main] DEBUG o.s.data.convert.CustomConversions -Adding converter from class java.lang.String to class java.math.BigInteger as reading converter
00:12:03.871 [main] DEBUG o.s.data.convert.CustomConversions -Adding converter from class java.net.URL to class java.lang.String as writing converter
00:12:03.871 [main] DEBUG o.s.data.convert.CustomConversions -Adding converter from class java.lang.String to class java.net.URL as reading converter
00:12:03.871 [main] DEBUG o.s.data.convert.CustomConversions -Adding converter from class org.bson.Document to class java.lang.String as reading converter
00:12:03.871 [main] DEBUG o.s.data.convert.CustomConversions -Adding converter from class org.springframework.data.mongodb.core.query.Term to class java.lang.String as writing converter
00:12:03.871 [main] DEBUG o.s.data.convert.CustomConversions -Adding converter from class org.springframework.data.mongodb.core.script.NamedMongoScript to class org.bson.Document as writing converter
00:12:03.871 [main] DEBUG o.s.data.convert.CustomConversions -Adding converter from class org.bson.Document to class org.springframework.data.mongodb.core.script.NamedMongoScript as reading converter
00:12:03.871 [main] DEBUG o.s.data.convert.CustomConversions -Adding converter from class java.util.Currency to class java.lang.String as writing converter
00:12:03.871 [main] DEBUG o.s.data.convert.CustomConversions -Adding converter from class java.lang.String to class java.util.Currency as reading converter
00:12:03.871 [main] DEBUG o.s.data.convert.CustomConversions -Adding converter from class java.util.concurrent.atomic.AtomicInteger to class java.lang.Integer as writing converter
00:12:03.872 [main] DEBUG o.s.data.convert.CustomConversions -Adding converter from class java.util.concurrent.atomic.AtomicLong to class java.lang.Long as writing converter
00:12:03.872 [main] DEBUG o.s.data.convert.CustomConversions -Adding converter from class java.lang.Long to class java.util.concurrent.atomic.AtomicLong as reading converter
00:12:03.872 [main] DEBUG o.s.data.convert.CustomConversions -Adding converter from class java.lang.Integer to class java.util.concurrent.atomic.AtomicInteger as reading converter
00:12:03.872 [main] DEBUG o.s.data.convert.CustomConversions -Adding converter from class org.bson.types.Binary to class [B as reading converter
00:12:03.872 [main] DEBUG o.s.data.convert.CustomConversions -Adding converter from class org.bson.BsonTimestamp to class java.time.Instant as reading converter
00:12:03.872 [main] DEBUG o.s.data.convert.CustomConversions -Adding converter from class org.bson.BsonUndefined to class java.lang.Object as reading converter
00:12:03.872 [main] DEBUG o.s.data.convert.CustomConversions -Adding converter from class java.net.URI to class java.lang.String as writing converter
00:12:03.872 [main] DEBUG o.s.data.convert.CustomConversions -Adding converter from class java.lang.String to class java.net.URI as reading converter
00:12:03.872 [main] DEBUG o.s.data.convert.CustomConversions -Adding converter from class org.springframework.data.geo.Box to class org.bson.Document as writing converter
00:12:03.874 [main] DEBUG o.s.data.convert.CustomConversions -Adding converter from class org.springframework.data.geo.Polygon to class org.bson.Document as writing converter
00:12:03.875 [main] DEBUG o.s.data.convert.CustomConversions -Adding converter from class org.springframework.data.geo.Circle to class org.bson.Document as writing converter
00:12:03.875 [main] DEBUG o.s.data.convert.CustomConversions -Adding converter from class org.springframework.data.mongodb.core.geo.Sphere to class org.bson.Document as writing converter
00:12:03.876 [main] DEBUG o.s.data.convert.CustomConversions -Adding converter from class org.bson.Document to class org.springframework.data.geo.Box as reading converter
00:12:03.876 [main] DEBUG o.s.data.convert.CustomConversions -Adding converter from class org.bson.Document to class org.springframework.data.geo.Polygon as reading converter
00:12:03.876 [main] DEBUG o.s.data.convert.CustomConversions -Adding converter from class org.bson.Document to class org.springframework.data.geo.Circle as reading converter
00:12:03.876 [main] DEBUG o.s.data.convert.CustomConversions -Adding converter from class org.bson.Document to class org.springframework.data.mongodb.core.geo.Sphere as reading converter
00:12:03.876 [main] DEBUG o.s.data.convert.CustomConversions -Adding converter from class org.bson.Document to class org.springframework.data.geo.Point as reading converter
00:12:03.877 [main] DEBUG o.s.data.convert.CustomConversions -Adding converter from class org.springframework.data.geo.Point to class org.bson.Document as writing converter
00:12:03.877 [main] DEBUG o.s.data.convert.CustomConversions -Adding converter from class org.springframework.data.mongodb.core.query.GeoCommand to class org.bson.Document as writing converter
00:12:03.877 [main] DEBUG o.s.data.convert.CustomConversions -Adding converter from interface org.springframework.data.mongodb.core.geo.GeoJson to class org.bson.Document as writing converter
00:12:03.877 [main] DEBUG o.s.data.convert.CustomConversions -Adding converter from class org.springframework.data.mongodb.core.geo.GeoJsonPoint to class org.bson.Document as writing converter
00:12:03.877 [main] DEBUG o.s.data.convert.CustomConversions -Adding converter from class org.springframework.data.mongodb.core.geo.GeoJsonPolygon to class org.bson.Document as writing converter
00:12:03.877 [main] DEBUG o.s.data.convert.CustomConversions -Adding converter from class org.bson.Document to class org.springframework.data.mongodb.core.geo.GeoJsonPoint as reading converter
00:12:03.878 [main] DEBUG o.s.data.convert.CustomConversions -Adding converter from class org.bson.Document to class org.springframework.data.mongodb.core.geo.GeoJsonPolygon as reading converter
00:12:03.878 [main] DEBUG o.s.data.convert.CustomConversions -Adding converter from class org.bson.Document to class org.springframework.data.mongodb.core.geo.GeoJsonLineString as reading converter
00:12:03.879 [main] DEBUG o.s.data.convert.CustomConversions -Adding converter from class org.bson.Document to class org.springframework.data.mongodb.core.geo.GeoJsonMultiLineString as reading converter
00:12:03.879 [main] DEBUG o.s.data.convert.CustomConversions -Adding converter from class org.bson.Document to class org.springframework.data.mongodb.core.geo.GeoJsonMultiPoint as reading converter
00:12:03.879 [main] DEBUG o.s.data.convert.CustomConversions -Adding converter from class org.bson.Document to class org.springframework.data.mongodb.core.geo.GeoJsonMultiPolygon as reading converter
00:12:03.879 [main] DEBUG o.s.data.convert.CustomConversions -Adding converter from class org.bson.Document to class org.springframework.data.mongodb.core.geo.GeoJsonGeometryCollection as reading converter
00:12:03.880 [main] DEBUG o.s.data.convert.CustomConversions -Adding converter from class org.bson.Document to interface org.springframework.data.mongodb.core.geo.GeoJson as reading converter
00:12:03.880 [main] DEBUG o.s.data.convert.CustomConversions -Adding converter from class java.util.Date to class java.time.LocalDateTime as reading converter
00:12:03.880 [main] DEBUG o.s.data.convert.CustomConversions -Adding converter from class java.time.LocalDateTime to class java.util.Date as writing converter
00:12:03.880 [main] DEBUG o.s.data.convert.CustomConversions -Adding converter from class java.util.Date to class java.time.LocalDate as reading converter
00:12:03.880 [main] DEBUG o.s.data.convert.CustomConversions -Adding converter from class java.time.LocalDate to class java.util.Date as writing converter
00:12:03.880 [main] DEBUG o.s.data.convert.CustomConversions -Adding converter from class java.util.Date to class java.time.LocalTime as reading converter
00:12:03.880 [main] DEBUG o.s.data.convert.CustomConversions -Adding converter from class java.time.LocalTime to class java.util.Date as writing converter
00:12:03.881 [main] DEBUG o.s.data.convert.CustomConversions -Adding converter from class java.util.Date to class java.time.Instant as reading converter
00:12:03.881 [main] DEBUG o.s.data.convert.CustomConversions -Adding converter from class java.time.Instant to class java.util.Date as writing converter
00:12:03.881 [main] DEBUG o.s.data.convert.CustomConversions -Skipping converter from class java.time.LocalDateTime to class java.time.Instant as reading converter class java.time.LocalDateTime is not a store supported simple type
00:12:03.881 [main] DEBUG o.s.data.convert.CustomConversions -Skipping converter from class java.time.Instant to class java.time.LocalDateTime as reading converter class java.time.Instant is not a store supported simple type
00:12:03.881 [main] DEBUG o.s.data.convert.CustomConversions -Adding converter from class java.time.ZoneId to class java.lang.String as writing converter
00:12:03.881 [main] DEBUG o.s.data.convert.CustomConversions -Adding converter from class java.lang.String to class java.time.ZoneId as reading converter
00:12:03.881 [main] DEBUG o.s.data.convert.CustomConversions -Adding converter from class java.time.Duration to class java.lang.String as writing converter
00:12:03.881 [main] DEBUG o.s.data.convert.CustomConversions -Adding converter from class java.lang.String to class java.time.Duration as reading converter
00:12:03.881 [main] DEBUG o.s.data.convert.CustomConversions -Adding converter from class java.time.Period to class java.lang.String as writing converter
00:12:03.882 [main] DEBUG o.s.data.convert.CustomConversions -Adding converter from class java.lang.String to class java.time.Period as reading converter
00:12:03.882 [main] DEBUG o.s.data.convert.CustomConversions -Adding converter from class java.lang.String to class java.time.LocalDate as reading converter
00:12:03.882 [main] DEBUG o.s.data.convert.CustomConversions -Adding converter from class java.lang.String to class java.time.LocalDateTime as reading converter
00:12:03.882 [main] DEBUG o.s.data.convert.CustomConversions -Adding converter from class java.lang.String to class java.time.Instant as reading converter
00:12:03.886 [main] DEBUG o.s.b.f.s.DefaultListableBeanFactory -Creating shared instance of singleton bean 'mongoManagedTypes'
00:12:03.887 [main] DEBUG o.s.b.f.s.DefaultListableBeanFactory -Autowiring by type from bean name 'mongoManagedTypes' via factory method to bean named 'org.springframework.web.context.support.GenericWebApplicationContext@143d9a93'
00:12:03.900 [main] DEBUG o.s.c.a.ClassPathScanningCandidateComponentProvider -Identified candidate component class: file [C:\Users\soham\Downloads\journalApp\journalApp\target\classes\com\journalingapp\soham\journalApp\entity\ConfigJournalAppEntity.class]
00:12:03.901 [main] DEBUG o.s.c.a.ClassPathScanningCandidateComponentProvider -Identified candidate component class: file [C:\Users\soham\Downloads\journalApp\journalApp\target\classes\com\journalingapp\soham\journalApp\entity\JournalEntry.class]
00:12:03.901 [main] DEBUG o.s.c.a.ClassPathScanningCandidateComponentProvider -Identified candidate component class: file [C:\Users\soham\Downloads\journalApp\journalApp\target\classes\com\journalingapp\soham\journalApp\entity\User.class]
00:12:03.903 [main] DEBUG o.s.b.f.s.DefaultListableBeanFactory -Autowiring by type from bean name 'mongoMappingContext' via factory method to bean named 'spring.data.mongodb-org.springframework.boot.autoconfigure.mongo.MongoProperties'
00:12:03.904 [main] DEBUG o.s.b.f.s.DefaultListableBeanFactory -Autowiring by type from bean name 'mongoMappingContext' via factory method to bean named 'mongoCustomConversions'
00:12:03.904 [main] DEBUG o.s.b.f.s.DefaultListableBeanFactory -Autowiring by type from bean name 'mongoMappingContext' via factory method to bean named 'mongoManagedTypes'
00:12:04.042 [main] DEBUG o.s.b.f.s.DefaultListableBeanFactory -Creating shared instance of singleton bean 'delegatingApplicationListener'
00:12:04.060 [main] DEBUG o.s.b.f.s.DefaultListableBeanFactory -Autowiring by type from bean name 'mappingMongoConverter' via factory method to bean named 'mongoMappingContext'
00:12:04.061 [main] DEBUG o.s.b.f.s.DefaultListableBeanFactory -Autowiring by type from bean name 'mappingMongoConverter' via factory method to bean named 'mongoCustomConversions'
00:12:04.086 [main] DEBUG o.s.data.convert.CustomConversions -Adding converter from class java.lang.Character to class java.lang.String as writing converter
00:12:04.086 [main] DEBUG o.s.data.convert.CustomConversions -Adding converter from class java.util.Locale to class java.lang.String as writing converter
00:12:04.086 [main] DEBUG o.s.data.convert.CustomConversions -Adding converter from class java.math.BigDecimal to class java.lang.String as writing converter
00:12:04.086 [main] DEBUG o.s.data.convert.CustomConversions -Adding converter from class java.math.BigDecimal to class org.bson.types.Decimal128 as writing converter
00:12:04.086 [main] DEBUG o.s.data.convert.CustomConversions -Adding converter from class java.lang.String to class java.math.BigDecimal as reading converter
00:12:04.088 [main] DEBUG o.s.data.convert.CustomConversions -Adding converter from class org.bson.types.Decimal128 to class java.math.BigDecimal as reading converter
00:12:04.088 [main] DEBUG o.s.data.convert.CustomConversions -Adding converter from class java.math.BigInteger to class java.lang.String as writing converter
00:12:04.088 [main] DEBUG o.s.data.convert.CustomConversions -Adding converter from class java.lang.String to class java.math.BigInteger as reading converter
00:12:04.088 [main] DEBUG o.s.data.convert.CustomConversions -Adding converter from class java.net.URL to class java.lang.String as writing converter
00:12:04.088 [main] DEBUG o.s.data.convert.CustomConversions -Adding converter from class java.lang.String to class java.net.URL as reading converter
00:12:04.088 [main] DEBUG o.s.data.convert.CustomConversions -Adding converter from class org.bson.Document to class java.lang.String as reading converter
00:12:04.088 [main] DEBUG o.s.data.convert.CustomConversions -Adding converter from class org.springframework.data.mongodb.core.query.Term to class java.lang.String as writing converter
00:12:04.088 [main] DEBUG o.s.data.convert.CustomConversions -Adding converter from class org.springframework.data.mongodb.core.script.NamedMongoScript to class org.bson.Document as writing converter
00:12:04.088 [main] DEBUG o.s.data.convert.CustomConversions -Adding converter from class org.bson.Document to class org.springframework.data.mongodb.core.script.NamedMongoScript as reading converter
00:12:04.089 [main] DEBUG o.s.data.convert.CustomConversions -Adding converter from class java.util.Currency to class java.lang.String as writing converter
00:12:04.089 [main] DEBUG o.s.data.convert.CustomConversions -Adding converter from class java.lang.String to class java.util.Currency as reading converter
00:12:04.089 [main] DEBUG o.s.data.convert.CustomConversions -Adding converter from class java.util.concurrent.atomic.AtomicInteger to class java.lang.Integer as writing converter
00:12:04.089 [main] DEBUG o.s.data.convert.CustomConversions -Adding converter from class java.util.concurrent.atomic.AtomicLong to class java.lang.Long as writing converter
00:12:04.089 [main] DEBUG o.s.data.convert.CustomConversions -Adding converter from class java.lang.Long to class java.util.concurrent.atomic.AtomicLong as reading converter
00:12:04.089 [main] DEBUG o.s.data.convert.CustomConversions -Adding converter from class java.lang.Integer to class java.util.concurrent.atomic.AtomicInteger as reading converter
00:12:04.089 [main] DEBUG o.s.data.convert.CustomConversions -Adding converter from class org.bson.types.Binary to class [B as reading converter
00:12:04.089 [main] DEBUG o.s.data.convert.CustomConversions -Adding converter from class org.bson.BsonTimestamp to class java.time.Instant as reading converter
00:12:04.089 [main] DEBUG o.s.data.convert.CustomConversions -Adding converter from class org.bson.BsonUndefined to class java.lang.Object as reading converter
00:12:04.089 [main] DEBUG o.s.data.convert.CustomConversions -Adding converter from class java.net.URI to class java.lang.String as writing converter
00:12:04.089 [main] DEBUG o.s.data.convert.CustomConversions -Adding converter from class java.lang.String to class java.net.URI as reading converter
00:12:04.089 [main] DEBUG o.s.data.convert.CustomConversions -Adding converter from class org.springframework.data.geo.Box to class org.bson.Document as writing converter
00:12:04.089 [main] DEBUG o.s.data.convert.CustomConversions -Adding converter from class org.springframework.data.geo.Polygon to class org.bson.Document as writing converter
00:12:04.090 [main] DEBUG o.s.data.convert.CustomConversions -Adding converter from class org.springframework.data.geo.Circle to class org.bson.Document as writing converter
00:12:04.090 [main] DEBUG o.s.data.convert.CustomConversions -Adding converter from class org.springframework.data.mongodb.core.geo.Sphere to class org.bson.Document as writing converter
00:12:04.090 [main] DEBUG o.s.data.convert.CustomConversions -Adding converter from class org.bson.Document to class org.springframework.data.geo.Box as reading converter
00:12:04.090 [main] DEBUG o.s.data.convert.CustomConversions -Adding converter from class org.bson.Document to class org.springframework.data.geo.Polygon as reading converter
00:12:04.090 [main] DEBUG o.s.data.convert.CustomConversions -Adding converter from class org.bson.Document to class org.springframework.data.geo.Circle as reading converter
00:12:04.090 [main] DEBUG o.s.data.convert.CustomConversions -Adding converter from class org.bson.Document to class org.springframework.data.mongodb.core.geo.Sphere as reading converter
00:12:04.090 [main] DEBUG o.s.data.convert.CustomConversions -Adding converter from class org.bson.Document to class org.springframework.data.geo.Point as reading converter
00:12:04.090 [main] DEBUG o.s.data.convert.CustomConversions -Adding converter from class org.springframework.data.geo.Point to class org.bson.Document as writing converter
00:12:04.090 [main] DEBUG o.s.data.convert.CustomConversions -Adding converter from class org.springframework.data.mongodb.core.query.GeoCommand to class org.bson.Document as writing converter
00:12:04.090 [main] DEBUG o.s.data.convert.CustomConversions -Adding converter from interface org.springframework.data.mongodb.core.geo.GeoJson to class org.bson.Document as writing converter
00:12:04.090 [main] DEBUG o.s.data.convert.CustomConversions -Adding converter from class org.springframework.data.mongodb.core.geo.GeoJsonPoint to class org.bson.Document as writing converter
00:12:04.090 [main] DEBUG o.s.data.convert.CustomConversions -Adding converter from class org.springframework.data.mongodb.core.geo.GeoJsonPolygon to class org.bson.Document as writing converter
00:12:04.090 [main] DEBUG o.s.data.convert.CustomConversions -Adding converter from class org.bson.Document to class org.springframework.data.mongodb.core.geo.GeoJsonPoint as reading converter
00:12:04.091 [main] DEBUG o.s.data.convert.CustomConversions -Adding converter from class org.bson.Document to class org.springframework.data.mongodb.core.geo.GeoJsonPolygon as reading converter
00:12:04.091 [main] DEBUG o.s.data.convert.CustomConversions -Adding converter from class org.bson.Document to class org.springframework.data.mongodb.core.geo.GeoJsonLineString as reading converter
00:12:04.091 [main] DEBUG o.s.data.convert.CustomConversions -Adding converter from class org.bson.Document to class org.springframework.data.mongodb.core.geo.GeoJsonMultiLineString as reading converter
00:12:04.091 [main] DEBUG o.s.data.convert.CustomConversions -Adding converter from class org.bson.Document to class org.springframework.data.mongodb.core.geo.GeoJsonMultiPoint as reading converter
00:12:04.091 [main] DEBUG o.s.data.convert.CustomConversions -Adding converter from class org.bson.Document to class org.springframework.data.mongodb.core.geo.GeoJsonMultiPolygon as reading converter
00:12:04.091 [main] DEBUG o.s.data.convert.CustomConversions -Adding converter from class org.bson.Document to class org.springframework.data.mongodb.core.geo.GeoJsonGeometryCollection as reading converter
00:12:04.091 [main] DEBUG o.s.data.convert.CustomConversions -Adding converter from class org.bson.Document to interface org.springframework.data.mongodb.core.geo.GeoJson as reading converter
00:12:04.091 [main] DEBUG o.s.data.convert.CustomConversions -Adding converter from class java.util.Date to class java.time.LocalDateTime as reading converter
00:12:04.091 [main] DEBUG o.s.data.convert.CustomConversions -Adding converter from class java.time.LocalDateTime to class java.util.Date as writing converter
00:12:04.091 [main] DEBUG o.s.data.convert.CustomConversions -Adding converter from class java.util.Date to class java.time.LocalDate as reading converter
00:12:04.091 [main] DEBUG o.s.data.convert.CustomConversions -Adding converter from class java.time.LocalDate to class java.util.Date as writing converter
00:12:04.091 [main] DEBUG o.s.data.convert.CustomConversions -Adding converter from class java.util.Date to class java.time.LocalTime as reading converter
00:12:04.091 [main] DEBUG o.s.data.convert.CustomConversions -Adding converter from class java.time.LocalTime to class java.util.Date as writing converter
00:12:04.092 [main] DEBUG o.s.data.convert.CustomConversions -Adding converter from class java.util.Date to class java.time.Instant as reading converter
00:12:04.092 [main] DEBUG o.s.data.convert.CustomConversions -Adding converter from class java.time.Instant to class java.util.Date as writing converter
00:12:04.092 [main] DEBUG o.s.data.convert.CustomConversions -Skipping converter from class java.time.LocalDateTime to class java.time.Instant as reading converter class java.time.LocalDateTime is not a store supported simple type
00:12:04.092 [main] DEBUG o.s.data.convert.CustomConversions -Skipping converter from class java.time.Instant to class java.time.LocalDateTime as reading converter class java.time.Instant is not a store supported simple type
00:12:04.092 [main] DEBUG o.s.data.convert.CustomConversions -Adding converter from class java.time.ZoneId to class java.lang.String as writing converter
00:12:04.092 [main] DEBUG o.s.data.convert.CustomConversions -Adding converter from class java.lang.String to class java.time.ZoneId as reading converter
00:12:04.092 [main] DEBUG o.s.data.convert.CustomConversions -Adding converter from class java.time.Duration to class java.lang.String as writing converter
00:12:04.092 [main] DEBUG o.s.data.convert.CustomConversions -Adding converter from class java.lang.String to class java.time.Duration as reading converter
00:12:04.092 [main] DEBUG o.s.data.convert.CustomConversions -Adding converter from class java.time.Period to class java.lang.String as writing converter
00:12:04.092 [main] DEBUG o.s.data.convert.CustomConversions -Adding converter from class java.lang.String to class java.time.Period as reading converter
00:12:04.092 [main] DEBUG o.s.data.convert.CustomConversions -Adding converter from class java.lang.String to class java.time.LocalDate as reading converter
00:12:04.092 [main] DEBUG o.s.data.convert.CustomConversions -Adding converter from class java.lang.String to class java.time.LocalDateTime as reading converter
00:12:04.092 [main] DEBUG o.s.data.convert.CustomConversions -Adding converter from class java.lang.String to class java.time.Instant as reading converter
00:12:04.156 [main] DEBUG o.s.b.f.s.DefaultListableBeanFactory -Autowiring by type from bean name 'mongoTemplate' via factory method to bean named 'mongoDatabaseFactory'
00:12:04.156 [main] DEBUG o.s.b.f.s.DefaultListableBeanFactory -Autowiring by type from bean name 'mongoTemplate' via factory method to bean named 'mappingMongoConverter'
00:12:04.294 [main] DEBUG o.s.d.r.c.s.RepositoryFactorySupport -Initializing repository instance for com.journalingapp.soham.journalApp.repository.ConfigJournalAppRepository…
00:12:04.381 [main] DEBUG o.s.d.r.c.s.RepositoryFactorySupport -Finished creation of repository instance for com.journalingapp.soham.journalApp.repository.ConfigJournalAppRepository.
00:12:04.451 [main] DEBUG o.s.data.mongodb.core.MongoTemplate -find using query: {} fields: Document{{}} sort: null for class: class com.journalingapp.soham.journalApp.entity.ConfigJournalAppEntity in collection: config_journal_app
00:12:04.536 [main] DEBUG org.mongodb.driver.cluster -Server selection started for operation with ID 3. Selector: ReadPreferenceServerSelector{readPreference=primary}, topology description: {type=UNKNOWN, servers=[{address=localhost:27017, type=UNKNOWN, state=CONNECTING, exception={com.mongodb.MongoSocketOpenException: Exception opening socket}, caused by {java.net.ConnectException: Connection refused: getsockopt}}]
00:12:04.552 [main] INFO  org.mongodb.driver.cluster -Waiting for server to become available for operation with ID 3. Remaining time: 29985 ms. Selector: ReadPreferenceServerSelector{readPreference=primary}, topology description: {type=UNKNOWN, servers=[{address=localhost:27017, type=UNKNOWN, state=CONNECTING, exception={com.mongodb.MongoSocketOpenException: Exception opening socket}, caused by {java.net.ConnectException: Connection refused: getsockopt}}].
00:12:04.556 [cluster-ClusterId{value='693b107bd42ee03ac62f4eeb', description='null'}-localhost:27017] DEBUG org.mongodb.driver.cluster -Updating cluster description to  {type=UNKNOWN, servers=[{address=localhost:27017, type=UNKNOWN, state=CONNECTING, exception={com.mongodb.MongoSocketOpenException: Exception opening socket}, caused by {java.net.ConnectException: Connection refused: getsockopt}}]
00:12:05.058 [cluster-ClusterId{value='693b107bd42ee03ac62f4eeb', description='null'}-localhost:27017] DEBUG org.mongodb.driver.cluster -Updating cluster description to  {type=UNKNOWN, servers=[{address=localhost:27017, type=UNKNOWN, state=CONNECTING, exception={com.mongodb.MongoSocketOpenException: Exception opening socket}, caused by {java.net.ConnectException: Connection refused: getsockopt}}]
00:12:05.560 [cluster-ClusterId{value='693b107bd42ee03ac62f4eeb', description='null'}-localhost:27017] DEBUG org.mongodb.driver.cluster -Updating cluster description to  {type=UNKNOWN, servers=[{address=localhost:27017, type=UNKNOWN, state=CONNECTING, exception={com.mongodb.MongoSocketOpenException: Exception opening socket}, caused by {java.net.ConnectException: Connection refused: getsockopt}}]
00:12:06.081 [cluster-ClusterId{value='693b107bd42ee03ac62f4eeb', description='null'}-localhost:27017] DEBUG org.mongodb.driver.cluster -Updating cluster description to  {type=UNKNOWN, servers=[{address=localhost:27017, type=UNKNOWN, state=CONNECTING, exception={com.mongodb.MongoSocketOpenException: Exception opening socket}, caused by {java.net.ConnectException: Connection refused: getsockopt}}]
00:12:06.596 [cluster-ClusterId{value='693b107bd42ee03ac62f4eeb', description='null'}-localhost:27017] DEBUG org.mongodb.driver.cluster -Updating cluster description to  {type=UNKNOWN, servers=[{address=localhost:27017, type=UNKNOWN, state=CONNECTING, exception={com.mongodb.MongoSocketOpenException: Exception opening socket}, caused by {java.net.ConnectException: Connection refused: getsockopt}}]
00:12:07.099 [cluster-ClusterId{value='693b107bd42ee03ac62f4eeb', description='null'}-localhost:27017] DEBUG org.mongodb.driver.cluster -Updating cluster description to  {type=UNKNOWN, servers=[{address=localhost:27017, type=UNKNOWN, state=CONNECTING, exception={com.mongodb.MongoSocketOpenException: Exception opening socket}, caused by {java.net.ConnectException: Connection refused: getsockopt}}]
00:12:07.620 [cluster-ClusterId{value='693b107bd42ee03ac62f4eeb', description='null'}-localhost:27017] DEBUG org.mongodb.driver.cluster -Updating cluster description to  {type=UNKNOWN, servers=[{address=localhost:27017, type=UNKNOWN, state=CONNECTING, exception={com.mongodb.MongoSocketOpenException: Exception opening socket}, caused by {java.net.ConnectException: Connection refused: getsockopt}}]
00:12:08.133 [cluster-ClusterId{value='693b107bd42ee03ac62f4eeb', description='null'}-localhost:27017] DEBUG org.mongodb.driver.cluster -Updating cluster description to  {type=UNKNOWN, servers=[{address=localhost:27017, type=UNKNOWN, state=CONNECTING, exception={com.mongodb.MongoSocketOpenException: Exception opening socket}, caused by {java.net.ConnectException: Connection refused: getsockopt}}]
00:12:08.636 [cluster-ClusterId{value='693b107bd42ee03ac62f4eeb', description='null'}-localhost:27017] DEBUG org.mongodb.driver.cluster -Updating cluster description to  {type=UNKNOWN, servers=[{address=localhost:27017, type=UNKNOWN, state=CONNECTING, exception={com.mongodb.MongoSocketOpenException: Exception opening socket}, caused by {java.net.ConnectException: Connection refused: getsockopt}}]
00:12:09.160 [cluster-ClusterId{value='693b107bd42ee03ac62f4eeb', description='null'}-localhost:27017] DEBUG org.mongodb.driver.cluster -Updating cluster description to  {type=UNKNOWN, servers=[{address=localhost:27017, type=UNKNOWN, state=CONNECTING, exception={com.mongodb.MongoSocketOpenException: Exception opening socket}, caused by {java.net.ConnectException: Connection refused: getsockopt}}]
00:12:09.685 [cluster-ClusterId{value='693b107bd42ee03ac62f4eeb', description='null'}-localhost:27017] DEBUG org.mongodb.driver.cluster -Updating cluster description to  {type=UNKNOWN, servers=[{address=localhost:27017, type=UNKNOWN, state=CONNECTING, exception={com.mongodb.MongoSocketOpenException: Exception opening socket}, caused by {java.net.ConnectException: Connection refused: getsockopt}}]
00:12:10.211 [cluster-ClusterId{value='693b107bd42ee03ac62f4eeb', description='null'}-localhost:27017] DEBUG org.mongodb.driver.cluster -Updating cluster description to  {type=UNKNOWN, servers=[{address=localhost:27017, type=UNKNOWN, state=CONNECTING, exception={com.mongodb.MongoSocketOpenException: Exception opening socket}, caused by {java.net.ConnectException: Connection refused: getsockopt}}]
00:12:10.729 [cluster-ClusterId{value='693b107bd42ee03ac62f4eeb', description='null'}-localhost:27017] DEBUG org.mongodb.driver.cluster -Updating cluster description to  {type=UNKNOWN, servers=[{address=localhost:27017, type=UNKNOWN, state=CONNECTING, exception={com.mongodb.MongoSocketOpenException: Exception opening socket}, caused by {java.net.ConnectException: Connection refused: getsockopt}}]
00:12:11.253 [cluster-ClusterId{value='693b107bd42ee03ac62f4eeb', description='null'}-localhost:27017] DEBUG org.mongodb.driver.cluster -Updating cluster description to  {type=UNKNOWN, servers=[{address=localhost:27017, type=UNKNOWN, state=CONNECTING, exception={com.mongodb.MongoSocketOpenException: Exception opening socket}, caused by {java.net.ConnectException: Connection refused: getsockopt}}]
00:12:11.764 [cluster-ClusterId{value='693b107bd42ee03ac62f4eeb', description='null'}-localhost:27017] DEBUG org.mongodb.driver.cluster -Updating cluster description to  {type=UNKNOWN, servers=[{address=localhost:27017, type=UNKNOWN, state=CONNECTING, exception={com.mongodb.MongoSocketOpenException: Exception opening socket}, caused by {java.net.ConnectException: Connection refused: getsockopt}}]
00:12:12.266 [cluster-ClusterId{value='693b107bd42ee03ac62f4eeb', description='null'}-localhost:27017] DEBUG org.mongodb.driver.cluster -Updating cluster description to  {type=UNKNOWN, servers=[{address=localhost:27017, type=UNKNOWN, state=CONNECTING, exception={com.mongodb.MongoSocketOpenException: Exception opening socket}, caused by {java.net.ConnectException: Connection refused: getsockopt}}]
00:12:12.780 [cluster-ClusterId{value='693b107bd42ee03ac62f4eeb', description='null'}-localhost:27017] DEBUG org.mongodb.driver.cluster -Updating cluster description to  {type=UNKNOWN, servers=[{address=localhost:27017, type=UNKNOWN, state=CONNECTING, exception={com.mongodb.MongoSocketOpenException: Exception opening socket}, caused by {java.net.ConnectException: Connection refused: getsockopt}}]
00:12:13.291 [cluster-ClusterId{value='693b107bd42ee03ac62f4eeb', description='null'}-localhost:27017] DEBUG org.mongodb.driver.cluster -Updating cluster description to  {type=UNKNOWN, servers=[{address=localhost:27017, type=UNKNOWN, state=CONNECTING, exception={com.mongodb.MongoSocketOpenException: Exception opening socket}, caused by {java.net.ConnectException: Connection refused: getsockopt}}]
00:12:13.807 [cluster-ClusterId{value='693b107bd42ee03ac62f4eeb', description='null'}-localhost:27017] DEBUG org.mongodb.driver.cluster -Updating cluster description to  {type=UNKNOWN, servers=[{address=localhost:27017, type=UNKNOWN, state=CONNECTING, exception={com.mongodb.MongoSocketOpenException: Exception opening socket}, caused by {java.net.ConnectException: Connection refused: getsockopt}}]
00:12:14.309 [cluster-ClusterId{value='693b107bd42ee03ac62f4eeb', description='null'}-localhost:27017] DEBUG org.mongodb.driver.cluster -Updating cluster description to  {type=UNKNOWN, servers=[{address=localhost:27017, type=UNKNOWN, state=CONNECTING, exception={com.mongodb.MongoSocketOpenException: Exception opening socket}, caused by {java.net.ConnectException: Connection refused: getsockopt}}]
00:12:14.821 [cluster-ClusterId{value='693b107bd42ee03ac62f4eeb', description='null'}-localhost:27017] DEBUG org.mongodb.driver.cluster -Updating cluster description to  {type=UNKNOWN, servers=[{address=localhost:27017, type=UNKNOWN, state=CONNECTING, exception={com.mongodb.MongoSocketOpenException: Exception opening socket}, caused by {java.net.ConnectException: Connection refused: getsockopt}}]
00:12:15.324 [cluster-ClusterId{value='693b107bd42ee03ac62f4eeb', description='null'}-localhost:27017] DEBUG org.mongodb.driver.cluster -Updating cluster description to  {type=UNKNOWN, servers=[{address=localhost:27017, type=UNKNOWN, state=CONNECTING, exception={com.mongodb.MongoSocketOpenException: Exception opening socket}, caused by {java.net.ConnectException: Connection refused: getsockopt}}]
00:12:15.849 [cluster-ClusterId{value='693b107bd42ee03ac62f4eeb', description='null'}-localhost:27017] DEBUG org.mongodb.driver.cluster -Updating cluster description to  {type=UNKNOWN, servers=[{address=localhost:27017, type=UNKNOWN, state=CONNECTING, exception={com.mongodb.MongoSocketOpenException: Exception opening socket}, caused by {java.net.ConnectException: Connection refused: getsockopt}}]
00:12:16.363 [cluster-ClusterId{value='693b107bd42ee03ac62f4eeb', description='null'}-localhost:27017] DEBUG org.mongodb.driver.cluster -Updating cluster description to  {type=UNKNOWN, servers=[{address=localhost:27017, type=UNKNOWN, state=CONNECTING, exception={com.mongodb.MongoSocketOpenException: Exception opening socket}, caused by {java.net.ConnectException: Connection refused: getsockopt}}]
00:12:16.866 [cluster-ClusterId{value='693b107bd42ee03ac62f4eeb', description='null'}-localhost:27017] DEBUG org.mongodb.driver.cluster -Updating cluster description to  {type=UNKNOWN, servers=[{address=localhost:27017, type=UNKNOWN, state=CONNECTING, exception={com.mongodb.MongoSocketOpenException: Exception opening socket}, caused by {java.net.ConnectException: Connection refused: getsockopt}}]
00:12:17.391 [cluster-ClusterId{value='693b107bd42ee03ac62f4eeb', description='null'}-localhost:27017] DEBUG org.mongodb.driver.cluster -Updating cluster description to  {type=UNKNOWN, servers=[{address=localhost:27017, type=UNKNOWN, state=CONNECTING, exception={com.mongodb.MongoSocketOpenException: Exception opening socket}, caused by {java.net.ConnectException: Connection refused: getsockopt}}]
00:12:17.909 [cluster-ClusterId{value='693b107bd42ee03ac62f4eeb', description='null'}-localhost:27017] DEBUG org.mongodb.driver.cluster -Updating cluster description to  {type=UNKNOWN, servers=[{address=localhost:27017, type=UNKNOWN, state=CONNECTING, exception={com.mongodb.MongoSocketOpenException: Exception opening socket}, caused by {java.net.ConnectException: Connection refused: getsockopt}}]
00:12:18.424 [cluster-ClusterId{value='693b107bd42ee03ac62f4eeb', description='null'}-localhost:27017] DEBUG org.mongodb.driver.cluster -Updating cluster description to  {type=UNKNOWN, servers=[{address=localhost:27017, type=UNKNOWN, state=CONNECTING, exception={com.mongodb.MongoSocketOpenException: Exception opening socket}, caused by {java.net.ConnectException: Connection refused: getsockopt}}]
00:12:18.937 [cluster-ClusterId{value='693b107bd42ee03ac62f4eeb', description='null'}-localhost:27017] DEBUG org.mongodb.driver.cluster -Updating cluster description to  {type=UNKNOWN, servers=[{address=localhost:27017, type=UNKNOWN, state=CONNECTING, exception={com.mongodb.MongoSocketOpenException: Exception opening socket}, caused by {java.net.ConnectException: Connection refused: getsockopt}}]
00:12:19.441 [cluster-ClusterId{value='693b107bd42ee03ac62f4eeb', description='null'}-localhost:27017] DEBUG org.mongodb.driver.cluster -Updating cluster description to  {type=UNKNOWN, servers=[{address=localhost:27017, type=UNKNOWN, state=CONNECTING, exception={com.mongodb.MongoSocketOpenException: Exception opening socket}, caused by {java.net.ConnectException: Connection refused: getsockopt}}]
00:12:19.966 [cluster-ClusterId{value='693b107bd42ee03ac62f4eeb', description='null'}-localhost:27017] DEBUG org.mongodb.driver.cluster -Updating cluster description to  {type=UNKNOWN, servers=[{address=localhost:27017, type=UNKNOWN, state=CONNECTING, exception={com.mongodb.MongoSocketOpenException: Exception opening socket}, caused by {java.net.ConnectException: Connection refused: getsockopt}}]
00:12:20.480 [cluster-ClusterId{value='693b107bd42ee03ac62f4eeb', description='null'}-localhost:27017] DEBUG org.mongodb.driver.cluster -Updating cluster description to  {type=UNKNOWN, servers=[{address=localhost:27017, type=UNKNOWN, state=CONNECTING, exception={com.mongodb.MongoSocketOpenException: Exception opening socket}, caused by {java.net.ConnectException: Connection refused: getsockopt}}]
00:12:20.993 [cluster-ClusterId{value='693b107bd42ee03ac62f4eeb', description='null'}-localhost:27017] DEBUG org.mongodb.driver.cluster -Updating cluster description to  {type=UNKNOWN, servers=[{address=localhost:27017, type=UNKNOWN, state=CONNECTING, exception={com.mongodb.MongoSocketOpenException: Exception opening socket}, caused by {java.net.ConnectException: Connection refused: getsockopt}}]
00:12:21.496 [cluster-ClusterId{value='693b107bd42ee03ac62f4eeb', description='null'}-localhost:27017] DEBUG org.mongodb.driver.cluster -Updating cluster description to  {type=UNKNOWN, servers=[{address=localhost:27017, type=UNKNOWN, state=CONNECTING, exception={com.mongodb.MongoSocketOpenException: Exception opening socket}, caused by {java.net.ConnectException: Connection refused: getsockopt}}]
00:12:22.018 [cluster-ClusterId{value='693b107bd42ee03ac62f4eeb', description='null'}-localhost:27017] DEBUG org.mongodb.driver.cluster -Updating cluster description to  {type=UNKNOWN, servers=[{address=localhost:27017, type=UNKNOWN, state=CONNECTING, exception={com.mongodb.MongoSocketOpenException: Exception opening socket}, caused by {java.net.ConnectException: Connection refused: getsockopt}}]
00:12:22.544 [cluster-ClusterId{value='693b107bd42ee03ac62f4eeb', description='null'}-localhost:27017] DEBUG org.mongodb.driver.cluster -Updating cluster description to  {type=UNKNOWN, servers=[{address=localhost:27017, type=UNKNOWN, state=CONNECTING, exception={com.mongodb.MongoSocketOpenException: Exception opening socket}, caused by {java.net.ConnectException: Connection refused: getsockopt}}]
00:12:23.046 [cluster-ClusterId{value='693b107bd42ee03ac62f4eeb', description='null'}-localhost:27017] DEBUG org.mongodb.driver.cluster -Updating cluster description to  {type=UNKNOWN, servers=[{address=localhost:27017, type=UNKNOWN, state=CONNECTING, exception={com.mongodb.MongoSocketOpenException: Exception opening socket}, caused by {java.net.ConnectException: Connection refused: getsockopt}}]
00:12:23.546 [cluster-ClusterId{value='693b107bd42ee03ac62f4eeb', description='null'}-localhost:27017] DEBUG org.mongodb.driver.cluster -Updating cluster description to  {type=UNKNOWN, servers=[{address=localhost:27017, type=UNKNOWN, state=CONNECTING, exception={com.mongodb.MongoSocketOpenException: Exception opening socket}, caused by {java.net.ConnectException: Connection refused: getsockopt}}]
00:12:24.048 [cluster-ClusterId{value='693b107bd42ee03ac62f4eeb', description='null'}-localhost:27017] DEBUG org.mongodb.driver.cluster -Updating cluster description to  {type=UNKNOWN, servers=[{address=localhost:27017, type=UNKNOWN, state=CONNECTING, exception={com.mongodb.MongoSocketOpenException: Exception opening socket}, caused by {java.net.ConnectException: Connection refused: getsockopt}}]
00:12:24.549 [cluster-ClusterId{value='693b107bd42ee03ac62f4eeb', description='null'}-localhost:27017] DEBUG org.mongodb.driver.cluster -Updating cluster description to  {type=UNKNOWN, servers=[{address=localhost:27017, type=UNKNOWN, state=CONNECTING, exception={com.mongodb.MongoSocketOpenException: Exception opening socket}, caused by {java.net.ConnectException: Connection refused: getsockopt}}]
00:12:25.054 [cluster-ClusterId{value='693b107bd42ee03ac62f4eeb', description='null'}-localhost:27017] DEBUG org.mongodb.driver.cluster -Updating cluster description to  {type=UNKNOWN, servers=[{address=localhost:27017, type=UNKNOWN, state=CONNECTING, exception={com.mongodb.MongoSocketOpenException: Exception opening socket}, caused by {java.net.ConnectException: Connection refused: getsockopt}}]
00:12:25.555 [cluster-ClusterId{value='693b107bd42ee03ac62f4eeb', description='null'}-localhost:27017] DEBUG org.mongodb.driver.cluster -Updating cluster description to  {type=UNKNOWN, servers=[{address=localhost:27017, type=UNKNOWN, state=CONNECTING, exception={com.mongodb.MongoSocketOpenException: Exception opening socket}, caused by {java.net.ConnectException: Connection refused: getsockopt}}]
00:12:26.055 [cluster-ClusterId{value='693b107bd42ee03ac62f4eeb', description='null'}-localhost:27017] DEBUG org.mongodb.driver.cluster -Updating cluster description to  {type=UNKNOWN, servers=[{address=localhost:27017, type=UNKNOWN, state=CONNECTING, exception={com.mongodb.MongoSocketOpenException: Exception opening socket}, caused by {java.net.ConnectException: Connection refused: getsockopt}}]
00:12:26.557 [cluster-ClusterId{value='693b107bd42ee03ac62f4eeb', description='null'}-localhost:27017] DEBUG org.mongodb.driver.cluster -Updating cluster description to  {type=UNKNOWN, servers=[{address=localhost:27017, type=UNKNOWN, state=CONNECTING, exception={com.mongodb.MongoSocketOpenException: Exception opening socket}, caused by {java.net.ConnectException: Connection refused: getsockopt}}]
00:12:27.077 [cluster-ClusterId{value='693b107bd42ee03ac62f4eeb', description='null'}-localhost:27017] DEBUG org.mongodb.driver.cluster -Updating cluster description to  {type=UNKNOWN, servers=[{address=localhost:27017, type=UNKNOWN, state=CONNECTING, exception={com.mongodb.MongoSocketOpenException: Exception opening socket}, caused by {java.net.ConnectException: Connection refused: getsockopt}}]
00:12:27.592 [cluster-ClusterId{value='693b107bd42ee03ac62f4eeb', description='null'}-localhost:27017] DEBUG org.mongodb.driver.cluster -Updating cluster description to  {type=UNKNOWN, servers=[{address=localhost:27017, type=UNKNOWN, state=CONNECTING, exception={com.mongodb.MongoSocketOpenException: Exception opening socket}, caused by {java.net.ConnectException: Connection refused: getsockopt}}]
00:12:28.104 [cluster-ClusterId{value='693b107bd42ee03ac62f4eeb', description='null'}-localhost:27017] DEBUG org.mongodb.driver.cluster -Updating cluster description to  {type=UNKNOWN, servers=[{address=localhost:27017, type=UNKNOWN, state=CONNECTING, exception={com.mongodb.MongoSocketOpenException: Exception opening socket}, caused by {java.net.ConnectException: Connection refused: getsockopt}}]
00:12:28.605 [cluster-ClusterId{value='693b107bd42ee03ac62f4eeb', description='null'}-localhost:27017] DEBUG org.mongodb.driver.cluster -Updating cluster description to  {type=UNKNOWN, servers=[{address=localhost:27017, type=UNKNOWN, state=CONNECTING, exception={com.mongodb.MongoSocketOpenException: Exception opening socket}, caused by {java.net.ConnectException: Connection refused: getsockopt}}]
00:12:29.106 [cluster-ClusterId{value='693b107bd42ee03ac62f4eeb', description='null'}-localhost:27017] DEBUG org.mongodb.driver.cluster -Updating cluster description to  {type=UNKNOWN, servers=[{address=localhost:27017, type=UNKNOWN, state=CONNECTING, exception={com.mongodb.MongoSocketOpenException: Exception opening socket}, caused by {java.net.ConnectException: Connection refused: getsockopt}}]
00:12:29.618 [cluster-ClusterId{value='693b107bd42ee03ac62f4eeb', description='null'}-localhost:27017] DEBUG org.mongodb.driver.cluster -Updating cluster description to  {type=UNKNOWN, servers=[{address=localhost:27017, type=UNKNOWN, state=CONNECTING, exception={com.mongodb.MongoSocketOpenException: Exception opening socket}, caused by {java.net.ConnectException: Connection refused: getsockopt}}]
00:12:30.120 [cluster-ClusterId{value='693b107bd42ee03ac62f4eeb', description='null'}-localhost:27017] DEBUG org.mongodb.driver.cluster -Updating cluster description to  {type=UNKNOWN, servers=[{address=localhost:27017, type=UNKNOWN, state=CONNECTING, exception={com.mongodb.MongoSocketOpenException: Exception opening socket}, caused by {java.net.ConnectException: Connection refused: getsockopt}}]
00:12:30.632 [cluster-ClusterId{value='693b107bd42ee03ac62f4eeb', description='null'}-localhost:27017] DEBUG org.mongodb.driver.cluster -Updating cluster description to  {type=UNKNOWN, servers=[{address=localhost:27017, type=UNKNOWN, state=CONNECTING, exception={com.mongodb.MongoSocketOpenException: Exception opening socket}, caused by {java.net.ConnectException: Connection refused: getsockopt}}]
00:12:31.145 [cluster-ClusterId{value='693b107bd42ee03ac62f4eeb', description='null'}-localhost:27017] DEBUG org.mongodb.driver.cluster -Updating cluster description to  {type=UNKNOWN, servers=[{address=localhost:27017, type=UNKNOWN, state=CONNECTING, exception={com.mongodb.MongoSocketOpenException: Exception opening socket}, caused by {java.net.ConnectException: Connection refused: getsockopt}}]
00:12:31.658 [cluster-ClusterId{value='693b107bd42ee03ac62f4eeb', description='null'}-localhost:27017] DEBUG org.mongodb.driver.cluster -Updating cluster description to  {type=UNKNOWN, servers=[{address=localhost:27017, type=UNKNOWN, state=CONNECTING, exception={com.mongodb.MongoSocketOpenException: Exception opening socket}, caused by {java.net.ConnectException: Connection refused: getsockopt}}]
00:12:32.158 [cluster-ClusterId{value='693b107bd42ee03ac62f4eeb', description='null'}-localhost:27017] DEBUG org.mongodb.driver.cluster -Updating cluster description to  {type=UNKNOWN, servers=[{address=localhost:27017, type=UNKNOWN, state=CONNECTING, exception={com.mongodb.MongoSocketOpenException: Exception opening socket}, caused by {java.net.ConnectException: Connection refused: getsockopt}}]
00:12:32.683 [cluster-ClusterId{value='693b107bd42ee03ac62f4eeb', description='null'}-localhost:27017] DEBUG org.mongodb.driver.cluster -Updating cluster description to  {type=UNKNOWN, servers=[{address=localhost:27017, type=UNKNOWN, state=CONNECTING, exception={com.mongodb.MongoSocketOpenException: Exception opening socket}, caused by {java.net.ConnectException: Connection refused: getsockopt}}]
00:12:33.196 [cluster-ClusterId{value='693b107bd42ee03ac62f4eeb', description='null'}-localhost:27017] DEBUG org.mongodb.driver.cluster -Updating cluster description to  {type=UNKNOWN, servers=[{address=localhost:27017, type=UNKNOWN, state=CONNECTING, exception={com.mongodb.MongoSocketOpenException: Exception opening socket}, caused by {java.net.ConnectException: Connection refused: getsockopt}}]
00:12:33.698 [cluster-ClusterId{value='693b107bd42ee03ac62f4eeb', description='null'}-localhost:27017] DEBUG org.mongodb.driver.cluster -Updating cluster description to  {type=UNKNOWN, servers=[{address=localhost:27017, type=UNKNOWN, state=CONNECTING, exception={com.mongodb.MongoSocketOpenException: Exception opening socket}, caused by {java.net.ConnectException: Connection refused: getsockopt}}]
00:12:34.224 [cluster-ClusterId{value='693b107bd42ee03ac62f4eeb', description='null'}-localhost:27017] DEBUG org.mongodb.driver.cluster -Updating cluster description to  {type=UNKNOWN, servers=[{address=localhost:27017, type=UNKNOWN, state=CONNECTING, exception={com.mongodb.MongoSocketOpenException: Exception opening socket}, caused by {java.net.ConnectException: Connection refused: getsockopt}}]
00:12:34.538 [main] DEBUG org.mongodb.driver.cluster -Server selection failed for operation with ID 3. Failure: com.mongodb.MongoTimeoutException: Timed out while waiting for a suitable server. Selector: ReadPreferenceServerSelector{readPreference=primary}, topology description: {type=UNKNOWN, servers=[{address=localhost:27017, type=UNKNOWN, state=CONNECTING, exception={com.mongodb.MongoSocketOpenException: Exception opening socket}, caused by {java.net.ConnectException: Connection refused: getsockopt}}]
00:12:34.540 [main] DEBUG org.mongodb.driver.operation -Unable to retry an operation due to the error "com.mongodb.MongoTimeoutException: Timed out while waiting for a server that matches ReadPreferenceServerSelector{readPreference=primary}. Client view of cluster state is {type=UNKNOWN, servers=[{address=localhost:27017, type=UNKNOWN, state=CONNECTING, exception={com.mongodb.MongoSocketOpenException: Exception opening socket}, caused by {java.net.ConnectException: Connection refused: getsockopt}}]"
00:12:34.542 [main] WARN  o.s.w.c.s.GenericWebApplicationContext -Exception encountered during context initialization - cancelling refresh attempt: org.springframework.beans.factory.BeanCreationException: Error creating bean with name 'appCache': Invocation of init method failed
00:12:34.544 [main] DEBUG org.mongodb.driver.connection -Connection pool closed for localhost:27017
00:12:34.566 [main] DEBUG o.s.b.a.l.ConditionEvaluationReportLogger -


============================
CONDITIONS EVALUATION REPORT
============================


Positive matches:
-----------------

   AopAutoConfiguration matched:
      - @ConditionalOnProperty (spring.aop.auto=true) matched (OnPropertyCondition)

   AopAutoConfiguration.ClassProxyingConfiguration matched:
      - @ConditionalOnMissingClass did not find unwanted class 'org.aspectj.weaver.Advice' (OnClassCondition)
      - @ConditionalOnProperty (spring.aop.proxy-target-class=true) matched (OnPropertyCondition)

   ApplicationAvailabilityAutoConfiguration#applicationAvailability matched:
      - @ConditionalOnMissingBean (types: org.springframework.boot.availability.ApplicationAvailability; SearchStrategy: all) did not find any beans (OnBeanCondition)

   DispatcherServletAutoConfiguration matched:
      - @ConditionalOnClass found required class 'org.springframework.web.servlet.DispatcherServlet' (OnClassCondition)
      - found 'session' scope (OnWebApplicationCondition)

   DispatcherServletAutoConfiguration.DispatcherServletConfiguration matched:
      - @ConditionalOnClass found required class 'jakarta.servlet.ServletRegistration' (OnClassCondition)
      - Default DispatcherServlet did not find dispatcher servlet beans (DispatcherServletAutoConfiguration.DefaultDispatcherServletCondition)

   DispatcherServletAutoConfiguration.DispatcherServletRegistrationConfiguration matched:
      - @ConditionalOnClass found required class 'jakarta.servlet.ServletRegistration' (OnClassCondition)
      - DispatcherServlet Registration did not find servlet registration bean (DispatcherServletAutoConfiguration.DispatcherServletRegistrationCondition)

   DispatcherServletAutoConfiguration.DispatcherServletRegistrationConfiguration#dispatcherServletRegistration matched:
      - @ConditionalOnBean (names: dispatcherServlet types: org.springframework.web.servlet.DispatcherServlet; SearchStrategy: all) found bean 'dispatcherServlet' (OnBeanCondition)

   ErrorMvcAutoConfiguration matched:
      - @ConditionalOnClass found required classes 'jakarta.servlet.Servlet', 'org.springframework.web.servlet.DispatcherServlet' (OnClassCondition)
      - found 'session' scope (OnWebApplicationCondition)

   ErrorMvcAutoConfiguration#basicErrorController matched:
      - @ConditionalOnMissingBean (types: org.springframework.boot.web.servlet.error.ErrorController; SearchStrategy: current) did not find any beans (OnBeanCondition)

   ErrorMvcAutoConfiguration#errorAttributes matched:
      - @ConditionalOnMissingBean (types: org.springframework.boot.web.servlet.error.ErrorAttributes; SearchStrategy: current) did not find any beans (OnBeanCondition)

   ErrorMvcAutoConfiguration.DefaultErrorViewResolverConfiguration#conventionErrorViewResolver matched:
      - @ConditionalOnBean (types: org.springframework.web.servlet.DispatcherServlet; SearchStrategy: all) found bean 'dispatcherServlet'; @ConditionalOnMissingBean (types: org.springframework.boot.autoconfigure.web.servlet.error.ErrorViewResolver; SearchStrategy: all) did not find any beans (OnBeanCondition)

   ErrorMvcAutoConfiguration.WhitelabelErrorViewConfiguration matched:
      - @ConditionalOnProperty (server.error.whitelabel.enabled) matched (OnPropertyCondition)
      - ErrorTemplate Missing did not find error template view (ErrorMvcAutoConfiguration.ErrorTemplateMissingCondition)

   ErrorMvcAutoConfiguration.WhitelabelErrorViewConfiguration#beanNameViewResolver matched:
      - @ConditionalOnMissingBean (types: org.springframework.web.servlet.view.BeanNameViewResolver; SearchStrategy: all) did not find any beans (OnBeanCondition)

   ErrorMvcAutoConfiguration.WhitelabelErrorViewConfiguration#defaultErrorView matched:
      - @ConditionalOnMissingBean (names: error; SearchStrategy: all) did not find any beans (OnBeanCondition)

   GenericCacheConfiguration matched:
      - Cache org.springframework.boot.autoconfigure.cache.GenericCacheConfiguration automatic cache type (CacheCondition)

   HttpClientAutoConfiguration matched:
      - @ConditionalOnClass found required class 'org.springframework.http.client.ClientHttpRequestFactory' (OnClassCondition)
      - NoneNestedConditions 0 matched 1 did not; NestedCondition on NotReactiveWebApplicationCondition.ReactiveWebApplication did not find reactive web application classes (NotReactiveWebApplicationCondition)

   HttpClientAutoConfiguration#clientHttpRequestFactoryBuilder matched:
      - @ConditionalOnMissingBean (types: org.springframework.boot.http.client.ClientHttpRequestFactoryBuilder; SearchStrategy: all) did not find any beans (OnBeanCondition)

   HttpClientAutoConfiguration#clientHttpRequestFactorySettings matched:
      - @ConditionalOnMissingBean (types: org.springframework.boot.http.client.ClientHttpRequestFactorySettings; SearchStrategy: all) did not find any beans (OnBeanCondition)

   HttpEncodingAutoConfiguration matched:
      - @ConditionalOnClass found required class 'org.springframework.web.filter.CharacterEncodingFilter' (OnClassCondition)
      - found 'session' scope (OnWebApplicationCondition)
      - @ConditionalOnProperty (server.servlet.encoding.enabled) matched (OnPropertyCondition)

   HttpEncodingAutoConfiguration#characterEncodingFilter matched:
      - @ConditionalOnMissingBean (types: org.springframework.web.filter.CharacterEncodingFilter; SearchStrategy: all) did not find any beans (OnBeanCondition)

   HttpMessageConvertersAutoConfiguration matched:
      - @ConditionalOnClass found required class 'org.springframework.http.converter.HttpMessageConverter' (OnClassCondition)
      - NoneNestedConditions 0 matched 1 did not; NestedCondition on HttpMessageConvertersAutoConfiguration.NotReactiveWebApplicationCondition.ReactiveWebApplication did not find reactive web application classes (HttpMessageConvertersAutoConfiguration.NotReactiveWebApplicationCondition)

   HttpMessageConvertersAutoConfiguration#messageConverters matched:
      - @ConditionalOnMissingBean (types: org.springframework.boot.autoconfigure.http.HttpMessageConverters; SearchStrategy: all) did not find any beans (OnBeanCondition)

   HttpMessageConvertersAutoConfiguration.StringHttpMessageConverterConfiguration matched:
      - @ConditionalOnClass found required class 'org.springframework.http.converter.StringHttpMessageConverter' (OnClassCondition)

   HttpMessageConvertersAutoConfiguration.StringHttpMessageConverterConfiguration#stringHttpMessageConverter matched:
      - @ConditionalOnMissingBean (types: org.springframework.http.converter.StringHttpMessageConverter; SearchStrategy: all) did not find any beans (OnBeanCondition)

   JacksonAutoConfiguration matched:
      - @ConditionalOnClass found required class 'com.fasterxml.jackson.databind.ObjectMapper' (OnClassCondition)

   JacksonAutoConfiguration.Jackson2ObjectMapperBuilderCustomizerConfiguration matched:
      - @ConditionalOnClass found required class 'org.springframework.http.converter.json.Jackson2ObjectMapperBuilder' (OnClassCondition)

   JacksonAutoConfiguration.JacksonObjectMapperBuilderConfiguration matched:
      - @ConditionalOnClass found required class 'org.springframework.http.converter.json.Jackson2ObjectMapperBuilder' (OnClassCondition)

   JacksonAutoConfiguration.JacksonObjectMapperBuilderConfiguration#jacksonObjectMapperBuilder matched:
      - @ConditionalOnMissingBean (types: org.springframework.http.converter.json.Jackson2ObjectMapperBuilder; SearchStrategy: all) did not find any beans (OnBeanCondition)

   JacksonAutoConfiguration.JacksonObjectMapperConfiguration matched:
      - @ConditionalOnClass found required class 'org.springframework.http.converter.json.Jackson2ObjectMapperBuilder' (OnClassCondition)

   JacksonAutoConfiguration.JacksonObjectMapperConfiguration#jacksonObjectMapper matched:
      - @ConditionalOnMissingBean (types: com.fasterxml.jackson.databind.ObjectMapper; SearchStrategy: all) did not find any beans (OnBeanCondition)

   JacksonAutoConfiguration.ParameterNamesModuleConfiguration matched:
      - @ConditionalOnClass found required class 'com.fasterxml.jackson.module.paramnames.ParameterNamesModule' (OnClassCondition)

   JacksonAutoConfiguration.ParameterNamesModuleConfiguration#parameterNamesModule matched:
      - @ConditionalOnMissingBean (types: com.fasterxml.jackson.module.paramnames.ParameterNamesModule; SearchStrategy: all) did not find any beans (OnBeanCondition)

   JacksonHttpMessageConvertersConfiguration.MappingJackson2HttpMessageConverterConfiguration matched:
      - @ConditionalOnClass found required class 'com.fasterxml.jackson.databind.ObjectMapper' (OnClassCondition)
      - @ConditionalOnProperty (spring.mvc.converters.preferred-json-mapper=jackson) matched (OnPropertyCondition)
      - @ConditionalOnBean (types: com.fasterxml.jackson.databind.ObjectMapper; SearchStrategy: all) found bean 'jacksonObjectMapper' (OnBeanCondition)

   JacksonHttpMessageConvertersConfiguration.MappingJackson2HttpMessageConverterConfiguration#mappingJackson2HttpMessageConverter matched:
      - @ConditionalOnMissingBean (types: org.springframework.http.converter.json.MappingJackson2HttpMessageConverter ignored: org.springframework.hateoas.server.mvc.TypeConstrainedMappingJackson2HttpMessageConverter,org.springframework.data.rest.webmvc.alps.AlpsJsonHttpMessageConverter; SearchStrategy: all) did not find any beans (OnBeanCondition)

   LifecycleAutoConfiguration#defaultLifecycleProcessor matched:
      - @ConditionalOnMissingBean (names: lifecycleProcessor; SearchStrategy: current) did not find any beans (OnBeanCondition)

   MongoAutoConfiguration matched:
      - @ConditionalOnClass found required class 'com.mongodb.client.MongoClient' (OnClassCondition)
      - @ConditionalOnMissingBean (types: org.springframework.data.mongodb.MongoDatabaseFactory; SearchStrategy: all) did not find any beans (OnBeanCondition)

   MongoAutoConfiguration#mongo matched:
      - @ConditionalOnMissingBean (types: com.mongodb.client.MongoClient; SearchStrategy: all) did not find any beans (OnBeanCondition)

   MongoAutoConfiguration#mongoConnectionDetails matched:
      - @ConditionalOnMissingBean (types: org.springframework.boot.autoconfigure.mongo.MongoConnectionDetails; SearchStrategy: all) did not find any beans (OnBeanCondition)

   MongoAutoConfiguration.MongoClientSettingsConfiguration matched:
      - @ConditionalOnMissingBean (types: com.mongodb.MongoClientSettings; SearchStrategy: all) did not find any beans (OnBeanCondition)

   MongoDataAutoConfiguration matched:
      - @ConditionalOnClass found required classes 'com.mongodb.client.MongoClient', 'org.springframework.data.mongodb.core.MongoTemplate' (OnClassCondition)

   MongoDataConfiguration#mappingMongoConverter matched:
      - @ConditionalOnMissingBean (types: org.springframework.data.mongodb.core.convert.MongoConverter; SearchStrategy: all) did not find any beans (OnBeanCondition)

   MongoDataConfiguration#mongoCustomConversions matched:
      - @ConditionalOnMissingBean (types: org.springframework.data.mongodb.core.convert.MongoCustomConversions; SearchStrategy: all) did not find any beans (OnBeanCondition)

   MongoDataConfiguration#mongoManagedTypes matched:
      - @ConditionalOnMissingBean (types: org.springframework.data.mongodb.MongoManagedTypes; SearchStrategy: all) did not find any beans (OnBeanCondition)

   MongoDataConfiguration#mongoMappingContext matched:
      - @ConditionalOnMissingBean (types: org.springframework.data.mongodb.core.mapping.MongoMappingContext; SearchStrategy: all) did not find any beans (OnBeanCondition)

   MongoDatabaseFactoryConfiguration matched:
      - @ConditionalOnSingleCandidate (types: com.mongodb.client.MongoClient; SearchStrategy: all) found a single bean 'mongo'; @ConditionalOnMissingBean (types: org.springframework.data.mongodb.MongoDatabaseFactory; SearchStrategy: all) did not find any beans (OnBeanCondition)

   MongoDatabaseFactoryDependentConfiguration matched:
      - @ConditionalOnBean (types: org.springframework.data.mongodb.MongoDatabaseFactory; SearchStrategy: all) found bean 'mongoDatabaseFactory' (OnBeanCondition)

   MongoDatabaseFactoryDependentConfiguration#gridFsTemplate matched:
      - @ConditionalOnMissingBean (types: org.springframework.data.mongodb.gridfs.GridFsOperations; SearchStrategy: all) did not find any beans (OnBeanCondition)

   MongoDatabaseFactoryDependentConfiguration#mongoTemplate matched:
      - @ConditionalOnMissingBean (types: org.springframework.data.mongodb.core.MongoOperations; SearchStrategy: all) did not find any beans (OnBeanCondition)

   MongoRepositoriesAutoConfiguration matched:
      - @ConditionalOnClass found required classes 'com.mongodb.client.MongoClient', 'org.springframework.data.mongodb.repository.MongoRepository' (OnClassCondition)
      - @ConditionalOnRepositoryType configured type of 'AUTO' matched required type (OnRepositoryTypeCondition)
      - @ConditionalOnMissingBean (types: org.springframework.data.mongodb.repository.support.MongoRepositoryFactoryBean,org.springframework.data.mongodb.repository.config.MongoRepositoryConfigurationExtension; SearchStrategy: all) did not find any beans (OnBeanCondition)

   MultipartAutoConfiguration matched:
      - @ConditionalOnClass found required classes 'jakarta.servlet.Servlet', 'org.springframework.web.multipart.support.StandardServletMultipartResolver', 'jakarta.servlet.MultipartConfigElement' (OnClassCondition)
      - found 'session' scope (OnWebApplicationCondition)
      - @ConditionalOnProperty (spring.servlet.multipart.enabled) matched (OnPropertyCondition)

   MultipartAutoConfiguration#multipartConfigElement matched:
      - @ConditionalOnMissingBean (types: jakarta.servlet.MultipartConfigElement; SearchStrategy: all) did not find any beans (OnBeanCondition)

   MultipartAutoConfiguration#multipartResolver matched:
      - @ConditionalOnMissingBean (types: org.springframework.web.multipart.MultipartResolver; SearchStrategy: all) did not find any beans (OnBeanCondition)

   NoOpCacheConfiguration matched:
      - Cache org.springframework.boot.autoconfigure.cache.NoOpCacheConfiguration automatic cache type (CacheCondition)

   PersistenceExceptionTranslationAutoConfiguration matched:
      - @ConditionalOnClass found required class 'org.springframework.dao.annotation.PersistenceExceptionTranslationPostProcessor' (OnClassCondition)

   PersistenceExceptionTranslationAutoConfiguration#persistenceExceptionTranslationPostProcessor matched:
      - @ConditionalOnProperty (spring.dao.exceptiontranslation.enabled) matched (OnPropertyCondition)
      - @ConditionalOnMissingBean (types: org.springframework.dao.annotation.PersistenceExceptionTranslationPostProcessor; SearchStrategy: all) did not find any beans (OnBeanCondition)

   PropertyPlaceholderAutoConfiguration#propertySourcesPlaceholderConfigurer matched:
      - @ConditionalOnMissingBean (types: org.springframework.context.support.PropertySourcesPlaceholderConfigurer; SearchStrategy: current) did not find any beans (OnBeanCondition)

   RestClientAutoConfiguration matched:
      - @ConditionalOnClass found required class 'org.springframework.web.client.RestClient' (OnClassCondition)
      - NoneNestedConditions 0 matched 1 did not; NestedCondition on NotReactiveWebApplicationCondition.ReactiveWebApplication did not find reactive web application classes (NotReactiveWebApplicationCondition)

   RestClientAutoConfiguration#httpMessageConvertersRestClientCustomizer matched:
      - @ConditionalOnMissingBean (types: org.springframework.boot.autoconfigure.web.client.HttpMessageConvertersRestClientCustomizer; SearchStrategy: all) did not find any beans (OnBeanCondition)

   RestClientAutoConfiguration#restClientBuilder matched:
      - @ConditionalOnMissingBean (types: org.springframework.web.client.RestClient$Builder; SearchStrategy: all) did not find any beans (OnBeanCondition)

   RestClientAutoConfiguration#restClientBuilderConfigurer matched:
      - @ConditionalOnMissingBean (types: org.springframework.boot.autoconfigure.web.client.RestClientBuilderConfigurer; SearchStrategy: all) did not find any beans (OnBeanCondition)

   RestClientAutoConfiguration#restClientSsl matched:
      - @ConditionalOnBean (types: org.springframework.boot.ssl.SslBundles; SearchStrategy: all) found bean 'sslBundleRegistry'; @ConditionalOnMissingBean (types: org.springframework.boot.autoconfigure.web.client.RestClientSsl; SearchStrategy: all) did not find any beans (OnBeanCondition)

   RestTemplateAutoConfiguration matched:
      - @ConditionalOnClass found required class 'org.springframework.web.client.RestTemplate' (OnClassCondition)
      - NoneNestedConditions 0 matched 1 did not; NestedCondition on NotReactiveWebApplicationCondition.ReactiveWebApplication did not find reactive web application classes (NotReactiveWebApplicationCondition)

   RestTemplateAutoConfiguration#restTemplateBuilder matched:
      - @ConditionalOnMissingBean (types: org.springframework.boot.web.client.RestTemplateBuilder; SearchStrategy: all) did not find any beans (OnBeanCondition)

   SecurityAutoConfiguration matched:
      - @ConditionalOnClass found required class 'org.springframework.security.authentication.DefaultAuthenticationEventPublisher' (OnClassCondition)

   SecurityAutoConfiguration#authenticationEventPublisher matched:
      - @ConditionalOnMissingBean (types: org.springframework.security.authentication.AuthenticationEventPublisher; SearchStrategy: all) did not find any beans (OnBeanCondition)

   SecurityFilterAutoConfiguration matched:
      - @ConditionalOnClass found required classes 'org.springframework.security.web.context.AbstractSecurityWebApplicationInitializer', 'org.springframework.security.config.http.SessionCreationPolicy' (OnClassCondition)
      - found 'session' scope (OnWebApplicationCondition)

   SecurityFilterAutoConfiguration#securityFilterChainRegistration matched:
      - @ConditionalOnBean (names: springSecurityFilterChain; SearchStrategy: all) found bean 'springSecurityFilterChain' (OnBeanCondition)

   ServletWebServerFactoryAutoConfiguration matched:
      - @ConditionalOnClass found required class 'jakarta.servlet.ServletRequest' (OnClassCondition)
      - found 'session' scope (OnWebApplicationCondition)

   ServletWebServerFactoryAutoConfiguration.TomcatConfiguration matched:
      - @ConditionalOnClass found required class 'org.apache.catalina.startup.Tomcat' (OnClassCondition)

   ServletWebServerFactoryConfiguration.EmbeddedTomcat matched:
      - @ConditionalOnClass found required classes 'jakarta.servlet.Servlet', 'org.apache.catalina.startup.Tomcat', 'org.apache.coyote.UpgradeProtocol' (OnClassCondition)
      - @ConditionalOnMissingBean (types: org.springframework.boot.web.servlet.server.ServletWebServerFactory; SearchStrategy: current) did not find any beans (OnBeanCondition)

   SimpleCacheConfiguration matched:
      - Cache org.springframework.boot.autoconfigure.cache.SimpleCacheConfiguration automatic cache type (CacheCondition)

   SpringBootWebSecurityConfiguration matched:
      - found 'session' scope (OnWebApplicationCondition)

   SpringDataWebAutoConfiguration matched:
      - @ConditionalOnClass found required classes 'org.springframework.data.web.PageableHandlerMethodArgumentResolver', 'org.springframework.web.servlet.config.annotation.WebMvcConfigurer' (OnClassCondition)
      - found 'session' scope (OnWebApplicationCondition)
      - @ConditionalOnMissingBean (types: org.springframework.data.web.PageableHandlerMethodArgumentResolver; SearchStrategy: all) did not find any beans (OnBeanCondition)

   SpringDataWebAutoConfiguration#pageableCustomizer matched:
      - @ConditionalOnMissingBean (types: org.springframework.data.web.config.PageableHandlerMethodArgumentResolverCustomizer; SearchStrategy: all) did not find any beans (OnBeanCondition)

   SpringDataWebAutoConfiguration#sortCustomizer matched:
      - @ConditionalOnMissingBean (types: org.springframework.data.web.config.SortHandlerMethodArgumentResolverCustomizer; SearchStrategy: all) did not find any beans (OnBeanCondition)

   SpringDataWebAutoConfiguration#springDataWebSettings matched:
      - @ConditionalOnMissingBean (types: org.springframework.data.web.config.SpringDataWebSettings; SearchStrategy: all) did not find any beans (OnBeanCondition)

   SqlInitializationAutoConfiguration matched:
      - @ConditionalOnProperty (spring.sql.init.enabled) matched (OnPropertyCondition)
      - NoneNestedConditions 0 matched 1 did not; NestedCondition on SqlInitializationAutoConfiguration.SqlInitializationModeCondition.ModeIsNever @ConditionalOnProperty (spring.sql.init.mode=never) did not find property 'mode' (SqlInitializationAutoConfiguration.SqlInitializationModeCondition)

   SslAutoConfiguration#sslBundleRegistry matched:
      - @ConditionalOnMissingBean (types: org.springframework.boot.ssl.SslBundleRegistry,org.springframework.boot.ssl.SslBundles; SearchStrategy: all) did not find any beans (OnBeanCondition)

   TaskExecutionAutoConfiguration matched:
      - @ConditionalOnClass found required class 'org.springframework.scheduling.concurrent.ThreadPoolTaskExecutor' (OnClassCondition)

   TaskExecutorConfigurations.SimpleAsyncTaskExecutorBuilderConfiguration#simpleAsyncTaskExecutorBuilder matched:
      - @ConditionalOnMissingBean (types: org.springframework.boot.task.SimpleAsyncTaskExecutorBuilder; SearchStrategy: all) did not find any beans (OnBeanCondition)
      - @ConditionalOnThreading found PLATFORM (OnThreadingCondition)

   TaskExecutorConfigurations.TaskExecutorConfiguration matched:
      - @ConditionalOnMissingBean (types: java.util.concurrent.Executor; SearchStrategy: all) did not find any beans (OnBeanCondition)

   TaskExecutorConfigurations.TaskExecutorConfiguration#applicationTaskExecutor matched:
      - @ConditionalOnThreading found PLATFORM (OnThreadingCondition)

   TaskExecutorConfigurations.ThreadPoolTaskExecutorBuilderConfiguration#threadPoolTaskExecutorBuilder matched:
      - @ConditionalOnMissingBean (types: org.springframework.boot.task.ThreadPoolTaskExecutorBuilder; SearchStrategy: all) did not find any beans (OnBeanCondition)

   TaskSchedulingAutoConfiguration matched:
      - @ConditionalOnClass found required class 'org.springframework.scheduling.concurrent.ThreadPoolTaskScheduler' (OnClassCondition)

   TaskSchedulingConfigurations.SimpleAsyncTaskSchedulerBuilderConfiguration#simpleAsyncTaskSchedulerBuilder matched:
      - @ConditionalOnMissingBean (types: org.springframework.boot.task.SimpleAsyncTaskSchedulerBuilder; SearchStrategy: all) did not find any beans (OnBeanCondition)
      - @ConditionalOnThreading found PLATFORM (OnThreadingCondition)

   TaskSchedulingConfigurations.ThreadPoolTaskSchedulerBuilderConfiguration#threadPoolTaskSchedulerBuilder matched:
      - @ConditionalOnMissingBean (types: org.springframework.boot.task.ThreadPoolTaskSchedulerBuilder; SearchStrategy: all) did not find any beans (OnBeanCondition)

   TransactionAutoConfiguration matched:
      - @ConditionalOnClass found required class 'org.springframework.transaction.PlatformTransactionManager' (OnClassCondition)

   TransactionAutoConfiguration.EnableTransactionManagementConfiguration matched:
      - @ConditionalOnBean (types: org.springframework.transaction.TransactionManager; SearchStrategy: all) found bean 'falana'; @ConditionalOnMissingBean (types: org.springframework.transaction.annotation.AbstractTransactionManagementConfiguration; SearchStrategy: all) did not find any beans (OnBeanCondition)

   TransactionAutoConfiguration.EnableTransactionManagementConfiguration.CglibAutoProxyConfiguration matched:
      - @ConditionalOnProperty (spring.aop.proxy-target-class=true) matched (OnPropertyCondition)

   TransactionAutoConfiguration.TransactionTemplateConfiguration matched:
      - @ConditionalOnSingleCandidate (types: org.springframework.transaction.PlatformTransactionManager; SearchStrategy: all) found a single bean 'falana' (OnBeanCondition)

   TransactionAutoConfiguration.TransactionTemplateConfiguration#transactionTemplate matched:
      - @ConditionalOnMissingBean (types: org.springframework.transaction.support.TransactionOperations; SearchStrategy: all) did not find any beans (OnBeanCondition)

   TransactionManagerCustomizationAutoConfiguration matched:
      - @ConditionalOnClass found required class 'org.springframework.transaction.PlatformTransactionManager' (OnClassCondition)

   TransactionManagerCustomizationAutoConfiguration#platformTransactionManagerCustomizers matched:
      - @ConditionalOnMissingBean (types: org.springframework.boot.autoconfigure.transaction.TransactionManagerCustomizers; SearchStrategy: all) did not find any beans (OnBeanCondition)

   WebMvcAutoConfiguration matched:
      - @ConditionalOnClass found required classes 'jakarta.servlet.Servlet', 'org.springframework.web.servlet.DispatcherServlet', 'org.springframework.web.servlet.config.annotation.WebMvcConfigurer' (OnClassCondition)
      - found 'session' scope (OnWebApplicationCondition)
      - @ConditionalOnMissingBean (types: org.springframework.web.servlet.config.annotation.WebMvcConfigurationSupport; SearchStrategy: all) did not find any beans (OnBeanCondition)

   WebMvcAutoConfiguration#formContentFilter matched:
      - @ConditionalOnProperty (spring.mvc.formcontent.filter.enabled) matched (OnPropertyCondition)
      - @ConditionalOnMissingBean (types: org.springframework.web.filter.FormContentFilter; SearchStrategy: all) did not find any beans (OnBeanCondition)

   WebMvcAutoConfiguration.EnableWebMvcConfiguration#flashMapManager matched:
      - @ConditionalOnMissingBean (names: flashMapManager; SearchStrategy: all) did not find any beans (OnBeanCondition)

   WebMvcAutoConfiguration.EnableWebMvcConfiguration#localeResolver matched:
      - @ConditionalOnMissingBean (names: localeResolver; SearchStrategy: all) did not find any beans (OnBeanCondition)

   WebMvcAutoConfiguration.EnableWebMvcConfiguration#themeResolver matched:
      - @ConditionalOnMissingBean (names: themeResolver; SearchStrategy: all) did not find any beans (OnBeanCondition)

   WebMvcAutoConfiguration.EnableWebMvcConfiguration#viewNameTranslator matched:
      - @ConditionalOnMissingBean (names: viewNameTranslator; SearchStrategy: all) did not find any beans (OnBeanCondition)

   WebMvcAutoConfiguration.WebMvcAutoConfigurationAdapter#defaultViewResolver matched:
      - @ConditionalOnMissingBean (types: org.springframework.web.servlet.view.InternalResourceViewResolver; SearchStrategy: all) did not find any beans (OnBeanCondition)

   WebMvcAutoConfiguration.WebMvcAutoConfigurationAdapter#requestContextFilter matched:
      - @ConditionalOnMissingBean (types: org.springframework.web.context.request.RequestContextListener,org.springframework.web.filter.RequestContextFilter; SearchStrategy: all) did not find any beans (OnBeanCondition)

   WebMvcAutoConfiguration.WebMvcAutoConfigurationAdapter#viewResolver matched:
      - @ConditionalOnBean (types: org.springframework.web.servlet.ViewResolver; SearchStrategy: all) found beans 'defaultViewResolver', 'beanNameViewResolver', 'mvcViewResolver'; @ConditionalOnMissingBean (names: viewResolver types: org.springframework.web.servlet.view.ContentNegotiatingViewResolver; SearchStrategy: all) did not find any beans (OnBeanCondition)

   WebSocketServletAutoConfiguration matched:
      - @ConditionalOnClass found required classes 'jakarta.servlet.Servlet', 'jakarta.websocket.server.ServerContainer' (OnClassCondition)
      - found 'session' scope (OnWebApplicationCondition)

   WebSocketServletAutoConfiguration.TomcatWebSocketConfiguration matched:
      - @ConditionalOnClass found required classes 'org.apache.catalina.startup.Tomcat', 'org.apache.tomcat.websocket.server.WsSci' (OnClassCondition)

   WebSocketServletAutoConfiguration.TomcatWebSocketConfiguration#websocketServletWebServerCustomizer matched:
      - @ConditionalOnMissingBean (names: websocketServletWebServerCustomizer; SearchStrategy: all) did not find any beans (OnBeanCondition)


Negative matches:
-----------------

   ActiveMQAutoConfiguration:
      Did not match:
         - @ConditionalOnClass did not find required class 'jakarta.jms.ConnectionFactory' (OnClassCondition)

   AopAutoConfiguration.AspectJAutoProxyingConfiguration:
      Did not match:
         - @ConditionalOnClass did not find required class 'org.aspectj.weaver.Advice' (OnClassCondition)

   ArtemisAutoConfiguration:
      Did not match:
         - @ConditionalOnClass did not find required class 'jakarta.jms.ConnectionFactory' (OnClassCondition)

   BatchAutoConfiguration:
      Did not match:
         - @ConditionalOnClass did not find required class 'org.springframework.batch.core.launch.JobLauncher' (OnClassCondition)

   Cache2kCacheConfiguration:
      Did not match:
         - @ConditionalOnClass did not find required class 'org.cache2k.Cache2kBuilder' (OnClassCondition)

   CacheAutoConfiguration:
      Did not match:
         - @ConditionalOnBean (types: org.springframework.cache.interceptor.CacheAspectSupport; SearchStrategy: all) did not find any beans of type org.springframework.cache.interceptor.CacheAspectSupport (OnBeanCondition)
      Matched:
         - @ConditionalOnClass found required class 'org.springframework.cache.CacheManager' (OnClassCondition)

   CacheAutoConfiguration.CacheManagerEntityManagerFactoryDependsOnPostProcessor:
      Did not match:
         - @ConditionalOnClass did not find required class 'org.springframework.orm.jpa.LocalContainerEntityManagerFactoryBean' (OnClassCondition)
         - Ancestor org.springframework.boot.autoconfigure.cache.CacheAutoConfiguration did not match (ConditionEvaluationReport.AncestorsMatchedCondition)

   CaffeineCacheConfiguration:
      Did not match:
         - @ConditionalOnClass did not find required class 'com.github.benmanes.caffeine.cache.Caffeine' (OnClassCondition)

   CassandraAutoConfiguration:
      Did not match:
         - @ConditionalOnClass did not find required class 'com.datastax.oss.driver.api.core.CqlSession' (OnClassCondition)

   CassandraDataAutoConfiguration:
      Did not match:
         - @ConditionalOnClass did not find required class 'com.datastax.oss.driver.api.core.CqlSession' (OnClassCondition)

   CassandraReactiveDataAutoConfiguration:
      Did not match:
         - @ConditionalOnClass did not find required class 'com.datastax.oss.driver.api.core.CqlSession' (OnClassCondition)

   CassandraReactiveRepositoriesAutoConfiguration:
      Did not match:
         - @ConditionalOnClass did not find required class 'org.springframework.data.cassandra.ReactiveSession' (OnClassCondition)

   CassandraRepositoriesAutoConfiguration:
      Did not match:
         - @ConditionalOnClass did not find required class 'com.datastax.oss.driver.api.core.CqlSession' (OnClassCondition)

   ClientHttpConnectorAutoConfiguration:
      Did not match:
         - @ConditionalOnClass did not find required class 'org.springframework.web.reactive.function.client.WebClient' (OnClassCondition)

   CodecsAutoConfiguration:
      Did not match:
         - @ConditionalOnClass did not find required class 'org.springframework.web.reactive.function.client.WebClient' (OnClassCondition)

   CouchbaseAutoConfiguration:
      Did not match:
         - @ConditionalOnClass did not find required class 'com.couchbase.client.java.Cluster' (OnClassCondition)

   CouchbaseCacheConfiguration:
      Did not match:
         - @ConditionalOnClass did not find required class 'com.couchbase.client.java.Cluster' (OnClassCondition)

   CouchbaseDataAutoConfiguration:
      Did not match:
         - @ConditionalOnClass did not find required class 'com.couchbase.client.java.Bucket' (OnClassCondition)

   CouchbaseReactiveDataAutoConfiguration:
      Did not match:
         - @ConditionalOnClass did not find required class 'com.couchbase.client.java.Cluster' (OnClassCondition)

   CouchbaseReactiveRepositoriesAutoConfiguration:
      Did not match:
         - @ConditionalOnClass did not find required class 'com.couchbase.client.java.Cluster' (OnClassCondition)

   CouchbaseRepositoriesAutoConfiguration:
      Did not match:
         - @ConditionalOnClass did not find required class 'com.couchbase.client.java.Bucket' (OnClassCondition)

   DataSourceAutoConfiguration:
      Did not match:
         - @ConditionalOnClass did not find required class 'org.springframework.jdbc.datasource.embedded.EmbeddedDatabaseType' (OnClassCondition)

   DataSourceInitializationConfiguration:
      Did not match:
         - @ConditionalOnClass did not find required class 'org.springframework.jdbc.datasource.init.DatabasePopulator' (OnClassCondition)

   DataSourceTransactionManagerAutoConfiguration:
      Did not match:
         - @ConditionalOnClass did not find required class 'org.springframework.jdbc.core.JdbcTemplate' (OnClassCondition)

   DispatcherServletAutoConfiguration.DispatcherServletConfiguration#multipartResolver:
      Did not match:
         - @ConditionalOnBean (types: org.springframework.web.multipart.MultipartResolver; SearchStrategy: all) did not find any beans of type org.springframework.web.multipart.MultipartResolver (OnBeanCondition)

   ElasticsearchClientAutoConfiguration:
      Did not match:
         - @ConditionalOnClass did not find required class 'co.elastic.clients.elasticsearch.ElasticsearchClient' (OnClassCondition)

   ElasticsearchDataAutoConfiguration:
      Did not match:
         - @ConditionalOnClass did not find required class 'org.springframework.data.elasticsearch.client.elc.ElasticsearchTemplate' (OnClassCondition)

   ElasticsearchRepositoriesAutoConfiguration:
      Did not match:
         - @ConditionalOnClass did not find required class 'org.springframework.data.elasticsearch.repository.ElasticsearchRepository' (OnClassCondition)

   ElasticsearchRestClientAutoConfiguration:
      Did not match:
         - @ConditionalOnClass did not find required class 'org.elasticsearch.client.RestClientBuilder' (OnClassCondition)

   EmbeddedLdapAutoConfiguration:
      Did not match:
         - @ConditionalOnClass did not find required class 'com.unboundid.ldap.listener.InMemoryDirectoryServer' (OnClassCondition)

   EmbeddedWebServerFactoryCustomizerAutoConfiguration:
      Did not match:
         - Application is deployed as a WAR file. (OnWarDeploymentCondition)
      Matched:
         - @ConditionalOnWebApplication (required) found 'session' scope (OnWebApplicationCondition)

   ErrorWebFluxAutoConfiguration:
      Did not match:
         - @ConditionalOnClass did not find required class 'org.springframework.web.reactive.config.WebFluxConfigurer' (OnClassCondition)

   FlywayAutoConfiguration:
      Did not match:
         - @ConditionalOnClass did not find required class 'org.flywaydb.core.Flyway' (OnClassCondition)

   FreeMarkerAutoConfiguration:
      Did not match:
         - @ConditionalOnClass did not find required class 'freemarker.template.Configuration' (OnClassCondition)

   GraphQlAutoConfiguration:
      Did not match:
         - @ConditionalOnClass did not find required class 'graphql.GraphQL' (OnClassCondition)

   GraphQlQueryByExampleAutoConfiguration:
      Did not match:
         - @ConditionalOnClass did not find required class 'graphql.GraphQL' (OnClassCondition)

   GraphQlQuerydslAutoConfiguration:
      Did not match:
         - @ConditionalOnClass did not find required class 'com.querydsl.core.Query' (OnClassCondition)

   GraphQlRSocketAutoConfiguration:
      Did not match:
         - @ConditionalOnClass did not find required class 'graphql.GraphQL' (OnClassCondition)

   GraphQlReactiveQueryByExampleAutoConfiguration:
      Did not match:
         - @ConditionalOnClass did not find required class 'graphql.GraphQL' (OnClassCondition)

   GraphQlReactiveQuerydslAutoConfiguration:
      Did not match:
         - @ConditionalOnClass did not find required class 'com.querydsl.core.Query' (OnClassCondition)

   GraphQlWebFluxAutoConfiguration:
      Did not match:
         - @ConditionalOnClass did not find required class 'graphql.GraphQL' (OnClassCondition)

   GraphQlWebFluxSecurityAutoConfiguration:
      Did not match:
         - @ConditionalOnClass did not find required class 'graphql.GraphQL' (OnClassCondition)

   GraphQlWebMvcAutoConfiguration:
      Did not match:
         - @ConditionalOnClass did not find required class 'graphql.GraphQL' (OnClassCondition)

   GraphQlWebMvcSecurityAutoConfiguration:
      Did not match:
         - @ConditionalOnClass did not find required class 'graphql.GraphQL' (OnClassCondition)

   GroovyTemplateAutoConfiguration:
      Did not match:
         - @ConditionalOnClass did not find required class 'groovy.text.markup.MarkupTemplateEngine' (OnClassCondition)

   GsonAutoConfiguration:
      Did not match:
         - @ConditionalOnClass did not find required class 'com.google.gson.Gson' (OnClassCondition)

   GsonHttpMessageConvertersConfiguration:
      Did not match:
         - @ConditionalOnClass did not find required class 'com.google.gson.Gson' (OnClassCondition)

   H2ConsoleAutoConfiguration:
      Did not match:
         - @ConditionalOnClass did not find required class 'org.h2.server.web.JakartaWebServlet' (OnClassCondition)

   HazelcastAutoConfiguration:
      Did not match:
         - @ConditionalOnClass did not find required class 'com.hazelcast.core.HazelcastInstance' (OnClassCondition)

   HazelcastCacheConfiguration:
      Did not match:
         - @ConditionalOnClass did not find required class 'com.hazelcast.core.HazelcastInstance' (OnClassCondition)

   HazelcastJpaDependencyAutoConfiguration:
      Did not match:
         - @ConditionalOnClass did not find required class 'com.hazelcast.core.HazelcastInstance' (OnClassCondition)

   HibernateJpaAutoConfiguration:
      Did not match:
         - @ConditionalOnClass did not find required class 'jakarta.persistence.EntityManager' (OnClassCondition)

   HttpHandlerAutoConfiguration:
      Did not match:
         - @ConditionalOnClass did not find required class 'org.springframework.web.reactive.DispatcherHandler' (OnClassCondition)

   HypermediaAutoConfiguration:
      Did not match:
         - @ConditionalOnClass did not find required class 'org.springframework.hateoas.EntityModel' (OnClassCondition)

   InfinispanCacheConfiguration:
      Did not match:
         - @ConditionalOnClass did not find required class 'org.infinispan.spring.embedded.provider.SpringEmbeddedCacheManager' (OnClassCondition)

   IntegrationAutoConfiguration:
      Did not match:
         - @ConditionalOnClass did not find required class 'org.springframework.integration.config.EnableIntegration' (OnClassCondition)

   JCacheCacheConfiguration:
      Did not match:
         - @ConditionalOnClass did not find required class 'javax.cache.Caching' (OnClassCondition)

   JacksonHttpMessageConvertersConfiguration.MappingJackson2XmlHttpMessageConverterConfiguration:
      Did not match:
         - @ConditionalOnClass did not find required class 'com.fasterxml.jackson.dataformat.xml.XmlMapper' (OnClassCondition)

   JdbcClientAutoConfiguration:
      Did not match:
         - @ConditionalOnSingleCandidate did not find required type 'org.springframework.jdbc.core.namedparam.NamedParameterJdbcTemplate' (OnBeanCondition)

   JdbcRepositoriesAutoConfiguration:
      Did not match:
         - @ConditionalOnClass did not find required class 'org.springframework.data.jdbc.repository.config.AbstractJdbcConfiguration' (OnClassCondition)

   JdbcTemplateAutoConfiguration:
      Did not match:
         - @ConditionalOnClass did not find required class 'org.springframework.jdbc.core.JdbcTemplate' (OnClassCondition)

   JerseyAutoConfiguration:
      Did not match:
         - @ConditionalOnClass did not find required class 'org.glassfish.jersey.server.spring.SpringComponentProvider' (OnClassCondition)

   JmsAutoConfiguration:
      Did not match:
         - @ConditionalOnClass did not find required class 'jakarta.jms.Message' (OnClassCondition)

   JmxAutoConfiguration:
      Did not match:
         - @ConditionalOnProperty (spring.jmx.enabled=true) found different value in property 'enabled' (OnPropertyCondition)
      Matched:
         - @ConditionalOnClass found required class 'org.springframework.jmx.export.MBeanExporter' (OnClassCondition)

   JndiConnectionFactoryAutoConfiguration:
      Did not match:
         - @ConditionalOnClass did not find required class 'org.springframework.jms.core.JmsTemplate' (OnClassCondition)

   JndiDataSourceAutoConfiguration:
      Did not match:
         - @ConditionalOnClass did not find required class 'org.springframework.jdbc.datasource.embedded.EmbeddedDatabaseType' (OnClassCondition)

   JooqAutoConfiguration:
      Did not match:
         - @ConditionalOnClass did not find required class 'org.jooq.DSLContext' (OnClassCondition)

   JpaRepositoriesAutoConfiguration:
      Did not match:
         - @ConditionalOnClass did not find required class 'org.springframework.data.jpa.repository.JpaRepository' (OnClassCondition)

   JsonbAutoConfiguration:
      Did not match:
         - @ConditionalOnClass did not find required class 'jakarta.json.bind.Jsonb' (OnClassCondition)

   JsonbHttpMessageConvertersConfiguration:
      Did not match:
         - @ConditionalOnClass did not find required class 'jakarta.json.bind.Jsonb' (OnClassCondition)

   JtaAutoConfiguration:
      Did not match:
         - @ConditionalOnClass did not find required class 'jakarta.transaction.Transaction' (OnClassCondition)

   KafkaAutoConfiguration:
      Did not match:
         - @ConditionalOnClass did not find required class 'org.springframework.kafka.core.KafkaTemplate' (OnClassCondition)

   LdapAutoConfiguration:
      Did not match:
         - @ConditionalOnClass did not find required class 'org.springframework.ldap.core.ContextSource' (OnClassCondition)

   LdapRepositoriesAutoConfiguration:
      Did not match:
         - @ConditionalOnClass did not find required class 'org.springframework.data.ldap.repository.LdapRepository' (OnClassCondition)

   LiquibaseAutoConfiguration:
      Did not match:
         - @ConditionalOnClass did not find required class 'liquibase.change.DatabaseChange' (OnClassCondition)

   MailSenderAutoConfiguration:
      Did not match:
         - AnyNestedCondition 0 matched 2 did not; NestedCondition on MailSenderAutoConfiguration.MailSenderCondition.JndiNameProperty @ConditionalOnProperty (spring.mail.jndi-name) did not find property 'jndi-name'; NestedCondition on MailSenderAutoConfiguration.MailSenderCondition.HostProperty @ConditionalOnProperty (spring.mail.host) did not find property 'host' (MailSenderAutoConfiguration.MailSenderCondition)
      Matched:
         - @ConditionalOnClass found required classes 'jakarta.mail.internet.MimeMessage', 'jakarta.activation.MimeType', 'org.springframework.mail.MailSender' (OnClassCondition)

   MailSenderValidatorAutoConfiguration:
      Did not match:
         - @ConditionalOnProperty (spring.mail.test-connection) did not find property 'test-connection' (OnPropertyCondition)

   MessageSourceAutoConfiguration:
      Did not match:
         - ResourceBundle did not find bundle with basename messages (MessageSourceAutoConfiguration.ResourceBundleCondition)

   MongoDataAutoConfiguration#mongoConnectionDetails:
      Did not match:
         - @ConditionalOnMissingBean (types: org.springframework.boot.autoconfigure.mongo.MongoConnectionDetails; SearchStrategy: all) found beans of type 'org.springframework.boot.autoconfigure.mongo.MongoConnectionDetails' mongoConnectionDetails (OnBeanCondition)

   MongoReactiveAutoConfiguration:
      Did not match:
         - @ConditionalOnClass did not find required class 'com.mongodb.reactivestreams.client.MongoClient' (OnClassCondition)

   MongoReactiveDataAutoConfiguration:
      Did not match:
         - @ConditionalOnClass did not find required class 'com.mongodb.reactivestreams.client.MongoClient' (OnClassCondition)

   MongoReactiveRepositoriesAutoConfiguration:
      Did not match:
         - @ConditionalOnClass did not find required class 'com.mongodb.reactivestreams.client.MongoClient' (OnClassCondition)

   MustacheAutoConfiguration:
      Did not match:
         - @ConditionalOnClass did not find required class 'com.samskivert.mustache.Mustache' (OnClassCondition)

   Neo4jAutoConfiguration:
      Did not match:
         - @ConditionalOnClass did not find required class 'org.neo4j.driver.Driver' (OnClassCondition)

   Neo4jDataAutoConfiguration:
      Did not match:
         - @ConditionalOnClass did not find required class 'org.neo4j.driver.Driver' (OnClassCondition)

   Neo4jReactiveDataAutoConfiguration:
      Did not match:
         - @ConditionalOnClass did not find required class 'org.neo4j.driver.Driver' (OnClassCondition)

   Neo4jReactiveRepositoriesAutoConfiguration:
      Did not match:
         - @ConditionalOnClass did not find required class 'org.neo4j.driver.Driver' (OnClassCondition)

   Neo4jRepositoriesAutoConfiguration:
      Did not match:
         - @ConditionalOnClass did not find required class 'org.neo4j.driver.Driver' (OnClassCondition)

   NettyAutoConfiguration:
      Did not match:
         - @ConditionalOnClass did not find required class 'io.netty.util.NettyRuntime' (OnClassCondition)

   OAuth2AuthorizationServerAutoConfiguration:
      Did not match:
         - @ConditionalOnClass did not find required class 'org.springframework.security.oauth2.server.authorization.OAuth2Authorization' (OnClassCondition)

   OAuth2AuthorizationServerJwtAutoConfiguration:
      Did not match:
         - @ConditionalOnClass did not find required class 'com.nimbusds.jose.jwk.source.JWKSource' (OnClassCondition)

   OAuth2ClientAutoConfiguration:
      Did not match:
         - @ConditionalOnClass did not find required class 'org.springframework.security.oauth2.client.registration.ClientRegistration' (OnClassCondition)

   OAuth2ResourceServerAutoConfiguration:
      Did not match:
         - @ConditionalOnClass did not find required class 'org.springframework.security.oauth2.server.resource.authentication.BearerTokenAuthenticationToken' (OnClassCondition)

   ProjectInfoAutoConfiguration#buildProperties:
      Did not match:
         - @ConditionalOnResource did not find resource '${spring.info.build.location:classpath:META-INF/build-info.properties}' (OnResourceCondition)

   ProjectInfoAutoConfiguration#gitProperties:
      Did not match:
         - GitResource did not find git info at classpath:git.properties (ProjectInfoAutoConfiguration.GitResourceAvailableCondition)

   PulsarAutoConfiguration:
      Did not match:
         - @ConditionalOnClass did not find required class 'org.apache.pulsar.client.api.PulsarClient' (OnClassCondition)

   PulsarReactiveAutoConfiguration:
      Did not match:
         - @ConditionalOnClass did not find required class 'org.apache.pulsar.client.api.PulsarClient' (OnClassCondition)

   QuartzAutoConfiguration:
      Did not match:
         - @ConditionalOnClass did not find required class 'org.quartz.Scheduler' (OnClassCondition)

   R2dbcAutoConfiguration:
      Did not match:
         - @ConditionalOnClass did not find required class 'io.r2dbc.spi.ConnectionFactory' (OnClassCondition)

   R2dbcDataAutoConfiguration:
      Did not match:
         - @ConditionalOnClass did not find required class 'org.springframework.data.r2dbc.core.R2dbcEntityTemplate' (OnClassCondition)

   R2dbcInitializationConfiguration:
      Did not match:
         - @ConditionalOnClass did not find required classes 'io.r2dbc.spi.ConnectionFactory', 'org.springframework.r2dbc.connection.init.DatabasePopulator' (OnClassCondition)

   R2dbcProxyAutoConfiguration:
      Did not match:
         - @ConditionalOnClass did not find required class 'io.r2dbc.proxy.ProxyConnectionFactory' (OnClassCondition)

   R2dbcRepositoriesAutoConfiguration:
      Did not match:
         - @ConditionalOnClass did not find required class 'io.r2dbc.spi.ConnectionFactory' (OnClassCondition)

   R2dbcTransactionManagerAutoConfiguration:
      Did not match:
         - @ConditionalOnClass did not find required class 'org.springframework.r2dbc.connection.R2dbcTransactionManager' (OnClassCondition)

   RSocketGraphQlClientAutoConfiguration:
      Did not match:
         - @ConditionalOnClass did not find required class 'graphql.GraphQL' (OnClassCondition)

   RSocketMessagingAutoConfiguration:
      Did not match:
         - @ConditionalOnClass did not find required class 'io.rsocket.RSocket' (OnClassCondition)

   RSocketRequesterAutoConfiguration:
      Did not match:
         - @ConditionalOnClass did not find required class 'io.rsocket.RSocket' (OnClassCondition)

   RSocketSecurityAutoConfiguration:
      Did not match:
         - @ConditionalOnClass did not find required class 'org.springframework.security.rsocket.core.SecuritySocketAcceptorInterceptor' (OnClassCondition)

   RSocketServerAutoConfiguration:
      Did not match:
         - @ConditionalOnClass did not find required class 'io.rsocket.core.RSocketServer' (OnClassCondition)

   RSocketStrategiesAutoConfiguration:
      Did not match:
         - @ConditionalOnClass did not find required class 'io.netty.buffer.PooledByteBufAllocator' (OnClassCondition)

   RabbitAutoConfiguration:
      Did not match:
         - @ConditionalOnClass did not find required class 'com.rabbitmq.client.Channel' (OnClassCondition)

   ReactiveElasticsearchClientAutoConfiguration:
      Did not match:
         - @ConditionalOnClass did not find required class 'co.elastic.clients.transport.ElasticsearchTransport' (OnClassCondition)

   ReactiveElasticsearchRepositoriesAutoConfiguration:
      Did not match:
         - @ConditionalOnClass did not find required class 'reactor.core.publisher.Mono' (OnClassCondition)

   ReactiveMultipartAutoConfiguration:
      Did not match:
         - @ConditionalOnClass did not find required class 'org.springframework.web.reactive.config.WebFluxConfigurer' (OnClassCondition)

   ReactiveOAuth2ClientAutoConfiguration:
      Did not match:
         - @ConditionalOnClass did not find required class 'reactor.core.publisher.Flux' (OnClassCondition)

   ReactiveOAuth2ResourceServerAutoConfiguration:
      Did not match:
         - @ConditionalOnWebApplication did not find reactive web application classes (OnWebApplicationCondition)

   ReactiveSecurityAutoConfiguration:
      Did not match:
         - @ConditionalOnClass did not find required class 'reactor.core.publisher.Flux' (OnClassCondition)

   ReactiveUserDetailsServiceAutoConfiguration:
      Did not match:
         - AnyNestedCondition 0 matched 2 did not; NestedCondition on ReactiveUserDetailsServiceAutoConfiguration.RSocketEnabledOrReactiveWebApplication.ReactiveWebApplicationCondition did not find reactive web application classes; NestedCondition on ReactiveUserDetailsServiceAutoConfiguration.RSocketEnabledOrReactiveWebApplication.RSocketSecurityEnabledCondition @ConditionalOnBean (types: org.springframework.messaging.rsocket.annotation.support.RSocketMessageHandler; SearchStrategy: all) did not find any beans of type org.springframework.messaging.rsocket.annotation.support.RSocketMessageHandler (ReactiveUserDetailsServiceAutoConfiguration.RSocketEnabledOrReactiveWebApplication)
      Matched:
         - @ConditionalOnClass found required class 'org.springframework.security.authentication.ReactiveAuthenticationManager' (OnClassCondition)
         - AnyNestedCondition 1 matched 2 did not; NestedCondition on ReactiveUserDetailsServiceAutoConfiguration.MissingAlternativeOrUserPropertiesConfigured.PasswordConfigured @ConditionalOnProperty (spring.security.user.password) did not find property 'password'; NestedCondition on ReactiveUserDetailsServiceAutoConfiguration.MissingAlternativeOrUserPropertiesConfigured.NameConfigured @ConditionalOnProperty (spring.security.user.name) did not find property 'name'; NestedCondition on ReactiveUserDetailsServiceAutoConfiguration.MissingAlternativeOrUserPropertiesConfigured.MissingAlternative @ConditionalOnMissingClass did not find unwanted classes 'org.springframework.security.oauth2.client.registration.ClientRegistrationRepository', 'org.springframework.security.oauth2.server.resource.introspection.ReactiveOpaqueTokenIntrospector' (ReactiveUserDetailsServiceAutoConfiguration.MissingAlternativeOrUserPropertiesConfigured)

   ReactiveWebServerFactoryAutoConfiguration:
      Did not match:
         - @ConditionalOnWebApplication did not find reactive web application classes (OnWebApplicationCondition)

   ReactorAutoConfiguration:
      Did not match:
         - @ConditionalOnClass did not find required class 'reactor.core.publisher.Hooks' (OnClassCondition)

   RedisAutoConfiguration:
      Did not match:
         - @ConditionalOnClass did not find required class 'org.springframework.data.redis.core.RedisOperations' (OnClassCondition)

   RedisCacheConfiguration:
      Did not match:
         - @ConditionalOnClass did not find required class 'org.springframework.data.redis.connection.RedisConnectionFactory' (OnClassCondition)

   RedisReactiveAutoConfiguration:
      Did not match:
         - @ConditionalOnClass did not find required class 'reactor.core.publisher.Flux' (OnClassCondition)

   RedisRepositoriesAutoConfiguration:
      Did not match:
         - @ConditionalOnClass did not find required class 'org.springframework.data.redis.repository.configuration.EnableRedisRepositories' (OnClassCondition)

   RepositoryRestMvcAutoConfiguration:
      Did not match:
         - @ConditionalOnClass did not find required class 'org.springframework.data.rest.webmvc.config.RepositoryRestMvcConfiguration' (OnClassCondition)

   Saml2RelyingPartyAutoConfiguration:
      Did not match:
         - @ConditionalOnClass did not find required class 'org.springframework.security.saml2.provider.service.registration.RelyingPartyRegistrationRepository' (OnClassCondition)

   SecurityDataConfiguration:
      Did not match:
         - @ConditionalOnClass did not find required class 'org.springframework.security.data.repository.query.SecurityEvaluationContextExtension' (OnClassCondition)

   SendGridAutoConfiguration:
      Did not match:
         - @ConditionalOnClass did not find required class 'com.sendgrid.SendGrid' (OnClassCondition)

   ServletWebServerFactoryAutoConfiguration.ForwardedHeaderFilterConfiguration:
      Did not match:
         - @ConditionalOnProperty (server.forward-headers-strategy=framework) did not find property 'server.forward-headers-strategy' (OnPropertyCondition)

   ServletWebServerFactoryConfiguration.EmbeddedJetty:
      Did not match:
         - @ConditionalOnClass did not find required classes 'org.eclipse.jetty.server.Server', 'org.eclipse.jetty.util.Loader', 'org.eclipse.jetty.ee10.webapp.WebAppContext' (OnClassCondition)

   ServletWebServerFactoryConfiguration.EmbeddedUndertow:
      Did not match:
         - @ConditionalOnClass did not find required classes 'io.undertow.Undertow', 'org.xnio.SslClientAuthMode' (OnClassCondition)

   SessionAutoConfiguration:
      Did not match:
         - @ConditionalOnClass did not find required class 'org.springframework.session.Session' (OnClassCondition)

   SpringApplicationAdminJmxAutoConfiguration:
      Did not match:
         - @ConditionalOnProperty (spring.application.admin.enabled=true) did not find property 'enabled' (OnPropertyCondition)

   SpringBootWebSecurityConfiguration.SecurityFilterChainConfiguration:
      Did not match:
         - AllNestedConditions 1 matched 1 did not; NestedCondition on DefaultWebSecurityCondition.Beans @ConditionalOnMissingBean (types: org.springframework.security.web.SecurityFilterChain; SearchStrategy: all) found beans of type 'org.springframework.security.web.SecurityFilterChain' securityFilterChain; NestedCondition on DefaultWebSecurityCondition.Classes @ConditionalOnClass found required classes 'org.springframework.security.web.SecurityFilterChain', 'org.springframework.security.config.annotation.web.builders.HttpSecurity' (DefaultWebSecurityCondition)

   SpringBootWebSecurityConfiguration.WebSecurityEnablerConfiguration:
      Did not match:
         - @ConditionalOnMissingBean (names: springSecurityFilterChain; SearchStrategy: all) found beans named springSecurityFilterChain (OnBeanCondition)
      Matched:
         - @ConditionalOnClass found required class 'org.springframework.security.config.annotation.web.configuration.EnableWebSecurity' (OnClassCondition)

   TaskExecutorConfigurations.SimpleAsyncTaskExecutorBuilderConfiguration#simpleAsyncTaskExecutorBuilderVirtualThreads:
      Did not match:
         - @ConditionalOnMissingBean (types: org.springframework.boot.task.SimpleAsyncTaskExecutorBuilder; SearchStrategy: all) found beans of type 'org.springframework.boot.task.SimpleAsyncTaskExecutorBuilder' simpleAsyncTaskExecutorBuilder (OnBeanCondition)

   TaskExecutorConfigurations.TaskExecutorConfiguration#applicationTaskExecutorVirtualThreads:
      Did not match:
         - @ConditionalOnThreading did not find VIRTUAL (OnThreadingCondition)

   TaskSchedulingAutoConfiguration#scheduledBeanLazyInitializationExcludeFilter:
      Did not match:
         - @ConditionalOnBean (names: org.springframework.context.annotation.internalScheduledAnnotationProcessor; SearchStrategy: all) did not find any beans named org.springframework.context.annotation.internalScheduledAnnotationProcessor (OnBeanCondition)

   TaskSchedulingConfigurations.SimpleAsyncTaskSchedulerBuilderConfiguration#simpleAsyncTaskSchedulerBuilderVirtualThreads:
      Did not match:
         - @ConditionalOnMissingBean (types: org.springframework.boot.task.SimpleAsyncTaskSchedulerBuilder; SearchStrategy: all) found beans of type 'org.springframework.boot.task.SimpleAsyncTaskSchedulerBuilder' simpleAsyncTaskSchedulerBuilder (OnBeanCondition)

   TaskSchedulingConfigurations.TaskSchedulerConfiguration:
      Did not match:
         - @ConditionalOnBean (names: org.springframework.context.annotation.internalScheduledAnnotationProcessor; SearchStrategy: all) did not find any beans named org.springframework.context.annotation.internalScheduledAnnotationProcessor (OnBeanCondition)

   ThymeleafAutoConfiguration:
      Did not match:
         - @ConditionalOnClass did not find required class 'org.thymeleaf.spring6.SpringTemplateEngine' (OnClassCondition)

   TransactionAutoConfiguration#transactionalOperator:
      Did not match:
         - @ConditionalOnSingleCandidate (types: org.springframework.transaction.ReactiveTransactionManager; SearchStrategy: all) did not find any beans (OnBeanCondition)

   TransactionAutoConfiguration.AspectJTransactionManagementConfiguration:
      Did not match:
         - @ConditionalOnBean did not find required type 'org.springframework.transaction.aspectj.AbstractTransactionAspect' (OnBeanCondition)
         - @ConditionalOnBean (types: org.springframework.transaction.aspectj.AbstractTransactionAspect; SearchStrategy: all) did not find any beans of type org.springframework.transaction.aspectj.AbstractTransactionAspect (OnBeanCondition)

   TransactionAutoConfiguration.EnableTransactionManagementConfiguration.JdkDynamicAutoProxyConfiguration:
      Did not match:
         - @ConditionalOnProperty (spring.aop.proxy-target-class=false) did not find property 'proxy-target-class' (OnPropertyCondition)

   UserDetailsServiceAutoConfiguration:
      Did not match:
         - @ConditionalOnMissingBean (types: org.springframework.security.authentication.AuthenticationManager,org.springframework.security.authentication.AuthenticationProvider,org.springframework.security.core.userdetails.UserDetailsService,org.springframework.security.authentication.AuthenticationManagerResolver,org.springframework.security.oauth2.jwt.JwtDecoder; SearchStrategy: all) found beans of type 'org.springframework.security.authentication.AuthenticationManager' authenticationManager and found beans of type 'org.springframework.security.core.userdetails.UserDetailsService' userDetailsServiceImpl (OnBeanCondition)
      Matched:
         - @ConditionalOnClass found required class 'org.springframework.security.authentication.AuthenticationManager' (OnClassCondition)
         - found 'session' scope (OnWebApplicationCondition)
         - AnyNestedCondition 1 matched 2 did not; NestedCondition on UserDetailsServiceAutoConfiguration.MissingAlternativeOrUserPropertiesConfigured.PasswordConfigured @ConditionalOnProperty (spring.security.user.password) did not find property 'password'; NestedCondition on UserDetailsServiceAutoConfiguration.MissingAlternativeOrUserPropertiesConfigured.NameConfigured @ConditionalOnProperty (spring.security.user.name) did not find property 'name'; NestedCondition on UserDetailsServiceAutoConfiguration.MissingAlternativeOrUserPropertiesConfigured.MissingAlternative @ConditionalOnMissingClass did not find unwanted classes 'org.springframework.security.oauth2.client.registration.ClientRegistrationRepository', 'org.springframework.security.oauth2.server.resource.introspection.OpaqueTokenIntrospector', 'org.springframework.security.saml2.provider.service.registration.RelyingPartyRegistrationRepository' (UserDetailsServiceAutoConfiguration.MissingAlternativeOrUserPropertiesConfigured)

   ValidationAutoConfiguration:
      Did not match:
         - @ConditionalOnClass did not find required class 'jakarta.validation.executable.ExecutableValidator' (OnClassCondition)

   WebClientAutoConfiguration:
      Did not match:
         - @ConditionalOnClass did not find required class 'org.springframework.web.reactive.function.client.WebClient' (OnClassCondition)

   WebFluxAutoConfiguration:
      Did not match:
         - @ConditionalOnClass did not find required class 'org.springframework.web.reactive.config.WebFluxConfigurer' (OnClassCondition)

   WebMvcAutoConfiguration#hiddenHttpMethodFilter:
      Did not match:
         - @ConditionalOnProperty (spring.mvc.hiddenmethod.filter.enabled) did not find property 'enabled' (OnPropertyCondition)

   WebMvcAutoConfiguration.ProblemDetailsErrorHandlingConfiguration:
      Did not match:
         - @ConditionalOnProperty (spring.mvc.problemdetails.enabled=true) did not find property 'enabled' (OnPropertyCondition)

   WebMvcAutoConfiguration.ResourceChainCustomizerConfiguration:
      Did not match:
         - @ConditionalOnEnabledResourceChain did not find class org.webjars.WebJarVersionLocator (OnEnabledResourceChainCondition)

   WebMvcAutoConfiguration.WebMvcAutoConfigurationAdapter#beanNameViewResolver:
      Did not match:
         - @ConditionalOnMissingBean (types: org.springframework.web.servlet.view.BeanNameViewResolver; SearchStrategy: all) found beans of type 'org.springframework.web.servlet.view.BeanNameViewResolver' beanNameViewResolver (OnBeanCondition)

   WebServiceTemplateAutoConfiguration:
      Did not match:
         - @ConditionalOnClass did not find required class 'org.springframework.oxm.Marshaller' (OnClassCondition)

   WebServicesAutoConfiguration:
      Did not match:
         - @ConditionalOnClass did not find required class 'org.springframework.ws.transport.http.MessageDispatcherServlet' (OnClassCondition)

   WebSessionIdResolverAutoConfiguration:
      Did not match:
         - @ConditionalOnClass did not find required class 'reactor.core.publisher.Mono' (OnClassCondition)

   WebSocketMessagingAutoConfiguration:
      Did not match:
         - @ConditionalOnClass did not find required class 'org.springframework.web.socket.config.annotation.WebSocketMessageBrokerConfigurer' (OnClassCondition)

   WebSocketReactiveAutoConfiguration:
      Did not match:
         - @ConditionalOnWebApplication did not find reactive web application classes (OnWebApplicationCondition)

   WebSocketServletAutoConfiguration.JettyWebSocketConfiguration:
      Did not match:
         - @ConditionalOnClass did not find required class 'org.eclipse.jetty.ee10.websocket.jakarta.server.config.JakartaWebSocketServletContainerInitializer' (OnClassCondition)

   WebSocketServletAutoConfiguration.UndertowWebSocketConfiguration:
      Did not match:
         - @ConditionalOnClass did not find required class 'io.undertow.websockets.jsr.Bootstrap' (OnClassCondition)

   XADataSourceAutoConfiguration:
      Did not match:
         - @ConditionalOnClass did not find required class 'jakarta.transaction.TransactionManager' (OnClassCondition)


Exclusions:
-----------

    None


Unconditional classes:
----------------------

    org.springframework.boot.autoconfigure.context.ConfigurationPropertiesAutoConfiguration

    org.springframework.boot.autoconfigure.ssl.SslAutoConfiguration

    org.springframework.boot.autoconfigure.context.LifecycleAutoConfiguration

    org.springframework.boot.autoconfigure.context.PropertyPlaceholderAutoConfiguration

    org.springframework.boot.autoconfigure.availability.ApplicationAvailabilityAutoConfiguration

    org.springframework.boot.autoconfigure.info.ProjectInfoAutoConfiguration



00:12:34.600 [main] ERROR o.s.boot.SpringApplication -Application run failed
org.springframework.beans.factory.BeanCreationException: Error creating bean with name 'appCache': Invocation of init method failed
	at org.springframework.beans.factory.annotation.InitDestroyAnnotationBeanPostProcessor.postProcessBeforeInitialization(InitDestroyAnnotationBeanPostProcessor.java:222)
	at org.springframework.beans.factory.support.AbstractAutowireCapableBeanFactory.applyBeanPostProcessorsBeforeInitialization(AbstractAutowireCapableBeanFactory.java:429)
	at org.springframework.beans.factory.support.AbstractAutowireCapableBeanFactory.initializeBean(AbstractAutowireCapableBeanFactory.java:1818)
	at org.springframework.beans.factory.support.AbstractAutowireCapableBeanFactory.doCreateBean(AbstractAutowireCapableBeanFactory.java:607)
	at org.springframework.beans.factory.support.AbstractAutowireCapableBeanFactory.createBean(AbstractAutowireCapableBeanFactory.java:529)
	at org.springframework.beans.factory.support.AbstractBeanFactory.lambda$doGetBean$0(AbstractBeanFactory.java:339)
	at org.springframework.beans.factory.support.DefaultSingletonBeanRegistry.getSingleton(DefaultSingletonBeanRegistry.java:373)
	at org.springframework.beans.factory.support.AbstractBeanFactory.doGetBean(AbstractBeanFactory.java:337)
	at org.springframework.beans.factory.support.AbstractBeanFactory.getBean(AbstractBeanFactory.java:202)
	at org.springframework.beans.factory.support.DefaultListableBeanFactory.instantiateSingleton(DefaultListableBeanFactory.java:1228)
	at org.springframework.beans.factory.support.DefaultListableBeanFactory.preInstantiateSingleton(DefaultListableBeanFactory.java:1194)
	at org.springframework.beans.factory.support.DefaultListableBeanFactory.preInstantiateSingletons(DefaultListableBeanFactory.java:1130)
	at org.springframework.context.support.AbstractApplicationContext.finishBeanFactoryInitialization(AbstractApplicationContext.java:990)
	at org.springframework.context.support.AbstractApplicationContext.refresh(AbstractApplicationContext.java:627)
	at org.springframework.boot.SpringApplication.refresh(SpringApplication.java:752)
	at org.springframework.boot.SpringApplication.refreshContext(SpringApplication.java:439)
	at org.springframework.boot.SpringApplication.run(SpringApplication.java:318)
	at org.springframework.boot.test.context.SpringBootContextLoader.lambda$loadContext$3(SpringBootContextLoader.java:144)
	at org.springframework.util.function.ThrowingSupplier.get(ThrowingSupplier.java:58)
	at org.springframework.util.function.ThrowingSupplier.get(ThrowingSupplier.java:46)
	at org.springframework.boot.SpringApplication.withHook(SpringApplication.java:1461)
	at org.springframework.boot.test.context.SpringBootContextLoader$ContextLoaderHook.run(SpringBootContextLoader.java:563)
	at org.springframework.boot.test.context.SpringBootContextLoader.loadContext(SpringBootContextLoader.java:144)
	at org.springframework.boot.test.context.SpringBootContextLoader.loadContext(SpringBootContextLoader.java:110)
	at org.springframework.test.context.cache.DefaultCacheAwareContextLoaderDelegate.loadContextInternal(DefaultCacheAwareContextLoaderDelegate.java:225)
	at org.springframework.test.context.cache.DefaultCacheAwareContextLoaderDelegate.loadContext(DefaultCacheAwareContextLoaderDelegate.java:152)
	at org.springframework.test.context.support.DefaultTestContext.getApplicationContext(DefaultTestContext.java:130)
	at org.springframework.test.context.web.ServletTestExecutionListener.setUpRequestContextIfNecessary(ServletTestExecutionListener.java:200)
	at org.springframework.test.context.web.ServletTestExecutionListener.prepareTestInstance(ServletTestExecutionListener.java:139)
	at org.springframework.test.context.TestContextManager.prepareTestInstance(TestContextManager.java:260)
	at org.springframework.test.context.junit.jupiter.SpringExtension.postProcessTestInstance(SpringExtension.java:159)
	at org.junit.jupiter.engine.descriptor.ClassBasedTestDescriptor.lambda$invokeTestInstancePostProcessors$11(ClassBasedTestDescriptor.java:378)
	at org.junit.jupiter.engine.descriptor.ClassBasedTestDescriptor.executeAndMaskThrowable(ClassBasedTestDescriptor.java:383)
	at org.junit.jupiter.engine.descriptor.ClassBasedTestDescriptor.lambda$invokeTestInstancePostProcessors$12(ClassBasedTestDescriptor.java:378)
	at java.base/java.util.stream.ForEachOps$ForEachOp$OfRef.accept(ForEachOps.java:183)
	at java.base/java.util.stream.ReferencePipeline$3$1.accept(ReferencePipeline.java:197)
	at java.base/java.util.stream.ReferencePipeline$2$1.accept(ReferencePipeline.java:179)
	at java.base/java.util.stream.ReferencePipeline$3$1.accept(ReferencePipeline.java:197)
	at java.base/java.util.ArrayList$ArrayListSpliterator.forEachRemaining(ArrayList.java:1625)
	at java.base/java.util.stream.AbstractPipeline.copyInto(AbstractPipeline.java:509)
	at java.base/java.util.stream.AbstractPipeline.wrapAndCopyInto(AbstractPipeline.java:499)
	at java.base/java.util.stream.ForEachOps$ForEachOp.evaluateSequential(ForEachOps.java:150)
	at java.base/java.util.stream.ForEachOps$ForEachOp$OfRef.evaluateSequential(ForEachOps.java:173)
	at java.base/java.util.stream.AbstractPipeline.evaluate(AbstractPipeline.java:234)
	at java.base/java.util.stream.ReferencePipeline.forEach(ReferencePipeline.java:596)
	at org.junit.jupiter.engine.descriptor.ClassBasedTestDescriptor.invokeTestInstancePostProcessors(ClassBasedTestDescriptor.java:377)
	at org.junit.jupiter.engine.descriptor.ClassBasedTestDescriptor.lambda$instantiateAndPostProcessTestInstance$7(ClassBasedTestDescriptor.java:290)
	at org.junit.platform.engine.support.hierarchical.ThrowableCollector.execute(ThrowableCollector.java:73)
	at org.junit.jupiter.engine.descriptor.ClassBasedTestDescriptor.instantiateAndPostProcessTestInstance(ClassBasedTestDescriptor.java:289)
	at org.junit.jupiter.engine.descriptor.ClassBasedTestDescriptor.lambda$testInstancesProvider$5(ClassBasedTestDescriptor.java:279)
	at java.base/java.util.Optional.orElseGet(Optional.java:364)
	at org.junit.jupiter.engine.descriptor.ClassBasedTestDescriptor.lambda$testInstancesProvider$6(ClassBasedTestDescriptor.java:278)
	at org.junit.jupiter.engine.execution.TestInstancesProvider.getTestInstances(TestInstancesProvider.java:31)
	at org.junit.jupiter.engine.descriptor.TestMethodTestDescriptor.lambda$prepare$1(TestMethodTestDescriptor.java:105)
	at org.junit.platform.engine.support.hierarchical.ThrowableCollector.execute(ThrowableCollector.java:73)
	at org.junit.jupiter.engine.descriptor.TestMethodTestDescriptor.prepare(TestMethodTestDescriptor.java:104)
	at org.junit.jupiter.engine.descriptor.TestMethodTestDescriptor.prepare(TestMethodTestDescriptor.java:68)
	at org.junit.platform.engine.support.hierarchical.NodeTestTask.lambda$prepare$2(NodeTestTask.java:128)
	at org.junit.platform.engine.support.hierarchical.ThrowableCollector.execute(ThrowableCollector.java:73)
	at org.junit.platform.engine.support.hierarchical.NodeTestTask.prepare(NodeTestTask.java:128)
	at org.junit.platform.engine.support.hierarchical.NodeTestTask.execute(NodeTestTask.java:95)
	at java.base/java.util.ArrayList.forEach(ArrayList.java:1511)
	at org.junit.platform.engine.support.hierarchical.SameThreadHierarchicalTestExecutorService.invokeAll(SameThreadHierarchicalTestExecutorService.java:41)
	at org.junit.platform.engine.support.hierarchical.NodeTestTask.lambda$executeRecursively$6(NodeTestTask.java:160)
	at org.junit.platform.engine.support.hierarchical.ThrowableCollector.execute(ThrowableCollector.java:73)
	at org.junit.platform.engine.support.hierarchical.NodeTestTask.lambda$executeRecursively$8(NodeTestTask.java:146)
	at org.junit.platform.engine.support.hierarchical.Node.around(Node.java:137)
	at org.junit.platform.engine.support.hierarchical.NodeTestTask.lambda$executeRecursively$9(NodeTestTask.java:144)
	at org.junit.platform.engine.support.hierarchical.ThrowableCollector.execute(ThrowableCollector.java:73)
	at org.junit.platform.engine.support.hierarchical.NodeTestTask.executeRecursively(NodeTestTask.java:143)
	at org.junit.platform.engine.support.hierarchical.NodeTestTask.execute(NodeTestTask.java:100)
	at java.base/java.util.ArrayList.forEach(ArrayList.java:1511)
	at org.junit.platform.engine.support.hierarchical.SameThreadHierarchicalTestExecutorService.invokeAll(SameThreadHierarchicalTestExecutorService.java:41)
	at org.junit.platform.engine.support.hierarchical.NodeTestTask.lambda$executeRecursively$6(NodeTestTask.java:160)
	at org.junit.platform.engine.support.hierarchical.ThrowableCollector.execute(ThrowableCollector.java:73)
	at org.junit.platform.engine.support.hierarchical.NodeTestTask.lambda$executeRecursively$8(NodeTestTask.java:146)
	at org.junit.platform.engine.support.hierarchical.Node.around(Node.java:137)
	at org.junit.platform.engine.support.hierarchical.NodeTestTask.lambda$executeRecursively$9(NodeTestTask.java:144)
	at org.junit.platform.engine.support.hierarchical.ThrowableCollector.execute(ThrowableCollector.java:73)
	at org.junit.platform.engine.support.hierarchical.NodeTestTask.executeRecursively(NodeTestTask.java:143)
	at org.junit.platform.engine.support.hierarchical.NodeTestTask.execute(NodeTestTask.java:100)
	at org.junit.platform.engine.support.hierarchical.SameThreadHierarchicalTestExecutorService.submit(SameThreadHierarchicalTestExecutorService.java:35)
	at org.junit.platform.engine.support.hierarchical.HierarchicalTestExecutor.execute(HierarchicalTestExecutor.java:57)
	at org.junit.platform.engine.support.hierarchical.HierarchicalTestEngine.execute(HierarchicalTestEngine.java:54)
	at org.junit.platform.launcher.core.EngineExecutionOrchestrator.execute(EngineExecutionOrchestrator.java:198)
	at org.junit.platform.launcher.core.EngineExecutionOrchestrator.execute(EngineExecutionOrchestrator.java:169)
	at org.junit.platform.launcher.core.EngineExecutionOrchestrator.execute(EngineExecutionOrchestrator.java:93)
	at org.junit.platform.launcher.core.EngineExecutionOrchestrator.lambda$execute$0(EngineExecutionOrchestrator.java:58)
	at org.junit.platform.launcher.core.EngineExecutionOrchestrator.withInterceptedStreams(EngineExecutionOrchestrator.java:141)
	at org.junit.platform.launcher.core.EngineExecutionOrchestrator.execute(EngineExecutionOrchestrator.java:57)
	at org.junit.platform.launcher.core.DefaultLauncher.execute(DefaultLauncher.java:103)
	at org.junit.platform.launcher.core.DefaultLauncher.execute(DefaultLauncher.java:85)
	at org.junit.platform.launcher.core.DelegatingLauncher.execute(DelegatingLauncher.java:47)
	at org.junit.platform.launcher.core.SessionPerRequestLauncher.execute(SessionPerRequestLauncher.java:63)
	at com.intellij.junit5.JUnit5IdeaTestRunner.startRunnerWithArgs(JUnit5IdeaTestRunner.java:57)
	at com.intellij.rt.junit.IdeaTestRunner$Repeater$1.execute(IdeaTestRunner.java:38)
	at com.intellij.rt.execution.junit.TestsRepeater.repeat(TestsRepeater.java:11)
	at com.intellij.rt.junit.IdeaTestRunner$Repeater.startRunnerWithArgs(IdeaTestRunner.java:35)
	at com.intellij.rt.junit.JUnitStarter.prepareStreamsAndStart(JUnitStarter.java:232)
	at com.intellij.rt.junit.JUnitStarter.main(JUnitStarter.java:55)
Caused by: org.springframework.dao.DataAccessResourceFailureException: Timed out while waiting for a server that matches ReadPreferenceServerSelector{readPreference=primary}. Client view of cluster state is {type=UNKNOWN, servers=[{address=localhost:27017, type=UNKNOWN, state=CONNECTING, exception={com.mongodb.MongoSocketOpenException: Exception opening socket}, caused by {java.net.ConnectException: Connection refused: getsockopt}}]
	at org.springframework.data.mongodb.core.MongoExceptionTranslator.doTranslateException(MongoExceptionTranslator.java:97)
	at org.springframework.data.mongodb.core.MongoExceptionTranslator.translateExceptionIfPossible(MongoExceptionTranslator.java:74)
	at org.springframework.data.mongodb.core.MongoTemplate.potentiallyConvertRuntimeException(MongoTemplate.java:3030)
	at org.springframework.data.mongodb.core.MongoTemplate.executeFindMultiInternal(MongoTemplate.java:2950)
	at org.springframework.data.mongodb.core.MongoTemplate.doFind(MongoTemplate.java:2618)
	at org.springframework.data.mongodb.core.MongoTemplate.doFind(MongoTemplate.java:2596)
	at org.springframework.data.mongodb.core.MongoTemplate.find(MongoTemplate.java:878)
	at org.springframework.data.mongodb.repository.support.SimpleMongoRepository.findAll(SimpleMongoRepository.java:403)
	at org.springframework.data.mongodb.repository.support.SimpleMongoRepository.findAll(SimpleMongoRepository.java:145)
	at java.base/jdk.internal.reflect.NativeMethodAccessorImpl.invoke0(Native Method)
	at java.base/jdk.internal.reflect.NativeMethodAccessorImpl.invoke(NativeMethodAccessorImpl.java:77)
	at java.base/jdk.internal.reflect.DelegatingMethodAccessorImpl.invoke(DelegatingMethodAccessorImpl.java:43)
	at java.base/java.lang.reflect.Method.invoke(Method.java:569)
	at org.springframework.aop.support.AopUtils.invokeJoinpointUsingReflection(AopUtils.java:360)
	at org.springframework.data.repository.core.support.RepositoryMethodInvoker$RepositoryFragmentMethodInvoker.lambda$new$0(RepositoryMethodInvoker.java:277)
	at org.springframework.data.repository.core.support.RepositoryMethodInvoker.doInvoke(RepositoryMethodInvoker.java:170)
	at org.springframework.data.repository.core.support.RepositoryMethodInvoker.invoke(RepositoryMethodInvoker.java:158)
	at org.springframework.data.repository.core.support.RepositoryComposition$RepositoryFragments.invoke(RepositoryComposition.java:515)
	at org.springframework.data.repository.core.support.RepositoryComposition.invoke(RepositoryComposition.java:284)
	at org.springframework.data.repository.core.support.RepositoryFactorySupport$ImplementationMethodExecutionInterceptor.invoke(RepositoryFactorySupport.java:731)
	at org.springframework.aop.framework.ReflectiveMethodInvocation.proceed(ReflectiveMethodInvocation.java:184)
	at org.springframework.data.repository.core.support.QueryExecutorMethodInterceptor.doInvoke(QueryExecutorMethodInterceptor.java:174)
	at org.springframework.data.repository.core.support.QueryExecutorMethodInterceptor.invoke(QueryExecutorMethodInterceptor.java:149)
	at org.springframework.aop.framework.ReflectiveMethodInvocation.proceed(ReflectiveMethodInvocation.java:184)
	at org.springframework.data.projection.DefaultMethodInvokingMethodInterceptor.invoke(DefaultMethodInvokingMethodInterceptor.java:69)
	at org.springframework.aop.framework.ReflectiveMethodInvocation.proceed(ReflectiveMethodInvocation.java:184)
	at org.springframework.data.mongodb.repository.support.CrudMethodMetadataPostProcessor$CrudMethodMetadataPopulatingMethodInterceptor.invoke(CrudMethodMetadataPostProcessor.java:158)
	at org.springframework.aop.framework.ReflectiveMethodInvocation.proceed(ReflectiveMethodInvocation.java:184)
	at org.springframework.aop.framework.JdkDynamicAopProxy.invoke(JdkDynamicAopProxy.java:223)
	at jdk.proxy2/jdk.proxy2.$Proxy87.findAll(Unknown Source)
	at com.journalingapp.soham.journalApp.cache.AppCache.init(AppCache.java:29)
	at java.base/jdk.internal.reflect.NativeMethodAccessorImpl.invoke0(Native Method)
	at java.base/jdk.internal.reflect.NativeMethodAccessorImpl.invoke(NativeMethodAccessorImpl.java:77)
	at java.base/jdk.internal.reflect.DelegatingMethodAccessorImpl.invoke(DelegatingMethodAccessorImpl.java:43)
	at java.base/java.lang.reflect.Method.invoke(Method.java:569)
	at org.springframework.beans.factory.annotation.InitDestroyAnnotationBeanPostProcessor$LifecycleMethod.invoke(InitDestroyAnnotationBeanPostProcessor.java:457)
	at org.springframework.beans.factory.annotation.InitDestroyAnnotationBeanPostProcessor$LifecycleMetadata.invokeInitMethods(InitDestroyAnnotationBeanPostProcessor.java:401)
	at org.springframework.beans.factory.annotation.InitDestroyAnnotationBeanPostProcessor.postProcessBeforeInitialization(InitDestroyAnnotationBeanPostProcessor.java:219)
	... 99 common frames omitted
Caused by: com.mongodb.MongoTimeoutException: Timed out while waiting for a server that matches ReadPreferenceServerSelector{readPreference=primary}. Client view of cluster state is {type=UNKNOWN, servers=[{address=localhost:27017, type=UNKNOWN, state=CONNECTING, exception={com.mongodb.MongoSocketOpenException: Exception opening socket}, caused by {java.net.ConnectException: Connection refused: getsockopt}}]
	at com.mongodb.internal.connection.BaseCluster.logAndThrowTimeoutException(BaseCluster.java:427)
	at com.mongodb.internal.connection.BaseCluster.lambda$selectServer$0(BaseCluster.java:154)
	at com.mongodb.internal.time.Timeout.lambda$onExistsAndExpired$16(Timeout.java:236)
	at com.mongodb.internal.time.Timeout.lambda$run$10(Timeout.java:201)
	at com.mongodb.internal.time.TimePoint.checkedCall(TimePoint.java:98)
	at com.mongodb.internal.time.Timeout.call(Timeout.java:174)
	at com.mongodb.internal.time.Timeout.run(Timeout.java:194)
	at com.mongodb.internal.time.Timeout.onExistsAndExpired(Timeout.java:233)
	at com.mongodb.internal.time.Timeout.onExpired(Timeout.java:226)
	at com.mongodb.internal.connection.BaseCluster.selectServer(BaseCluster.java:153)
	at com.mongodb.internal.connection.SingleServerCluster.selectServer(SingleServerCluster.java:47)
	at com.mongodb.internal.binding.ClusterBinding.getReadConnectionSource(ClusterBinding.java:82)
	at com.mongodb.client.internal.ClientSessionBinding.getConnectionSource(ClientSessionBinding.java:108)
	at com.mongodb.client.internal.ClientSessionBinding.getReadConnectionSource(ClientSessionBinding.java:88)
	at com.mongodb.internal.operation.SyncOperationHelper.withSuppliedResource(SyncOperationHelper.java:148)
	at com.mongodb.internal.operation.SyncOperationHelper.withSourceAndConnection(SyncOperationHelper.java:129)
	at com.mongodb.internal.operation.FindOperation.lambda$execute$2(FindOperation.java:296)
	at com.mongodb.internal.operation.SyncOperationHelper.lambda$decorateReadWithRetries$13(SyncOperationHelper.java:317)
	at com.mongodb.internal.async.function.RetryingSyncSupplier.get(RetryingSyncSupplier.java:67)
	at com.mongodb.internal.operation.FindOperation.execute(FindOperation.java:307)
	at com.mongodb.internal.operation.FindOperation.execute(FindOperation.java:70)
	at com.mongodb.client.internal.MongoClusterImpl$OperationExecutorImpl.execute(MongoClusterImpl.java:358)
	at com.mongodb.client.internal.MongoIterableImpl.execute(MongoIterableImpl.java:156)
	at com.mongodb.client.internal.MongoIterableImpl.iterator(MongoIterableImpl.java:116)
	at org.springframework.data.mongodb.core.MongoTemplate.executeFindMultiInternal(MongoTemplate.java:2937)
	... 133 common frames omitted
00:12:34.610 [main] DEBUG o.springframework.test.context.cache -Spring test ApplicationContext cache statistics: [DefaultContextCache@5599b5bb size = 0, maxSize = 32, parentContextCount = 0, hitCount = 0, missCount = 1, failureCount = 1]
00:12:34.611 [main] WARN  o.s.test.context.TestContextManager -Caught exception while allowing TestExecutionListener [org.springframework.test.context.web.ServletTestExecutionListener] to prepare test instance [com.journalingapp.soham.journalApp.service.EmailServiceTests@4ff66917]
java.lang.IllegalStateException: Failed to load ApplicationContext for [WebMergedContextConfiguration@7d8b66d9 testClass = com.journalingapp.soham.journalApp.service.EmailServiceTests, locations = [], classes = [com.journalingapp.soham.journalApp.JournalApplication], contextInitializerClasses = [], activeProfiles = [], propertySourceDescriptors = [], propertySourceProperties = ["org.springframework.boot.test.context.SpringBootTestContextBootstrapper=true"], contextCustomizers = [org.springframework.boot.test.context.filter.ExcludeFilterContextCustomizer@487db668, org.springframework.boot.test.json.DuplicateJsonObjectContextCustomizerFactory$DuplicateJsonObjectContextCustomizer@22875539, org.springframework.boot.test.mock.mockito.MockitoContextCustomizer@0, org.springframework.boot.test.web.client.TestRestTemplateContextCustomizer@b1712f3, org.springframework.boot.test.web.reactor.netty.DisableReactorResourceFactoryGlobalResourcesContextCustomizerFactory$DisableReactorResourceFactoryGlobalResourcesContextCustomizerCustomizer@4ce7fffa, org.springframework.boot.test.autoconfigure.OnFailureConditionReportContextCustomizerFactory$OnFailureConditionReportContextCustomizer@75f95314, org.springframework.boot.test.autoconfigure.actuate.observability.ObservabilityContextCustomizerFactory$DisableObservabilityContextCustomizer@1f, org.springframework.boot.test.autoconfigure.properties.PropertyMappingContextCustomizer@0, org.springframework.boot.test.autoconfigure.web.servlet.WebDriverContextCustomizer@614df0a4, org.springframework.test.context.support.DynamicPropertiesContextCustomizer@0, org.springframework.boot.test.context.SpringBootTestAnnotation@d761e1b3], resourceBasePath = "src/main/webapp", contextLoader = org.springframework.boot.test.context.SpringBootContextLoader, parent = null]
	at org.springframework.test.context.cache.DefaultCacheAwareContextLoaderDelegate.loadContext(DefaultCacheAwareContextLoaderDelegate.java:180)
	at org.springframework.test.context.support.DefaultTestContext.getApplicationContext(DefaultTestContext.java:130)
	at org.springframework.test.context.web.ServletTestExecutionListener.setUpRequestContextIfNecessary(ServletTestExecutionListener.java:200)
	at org.springframework.test.context.web.ServletTestExecutionListener.prepareTestInstance(ServletTestExecutionListener.java:139)
	at org.springframework.test.context.TestContextManager.prepareTestInstance(TestContextManager.java:260)
	at org.springframework.test.context.junit.jupiter.SpringExtension.postProcessTestInstance(SpringExtension.java:159)
	at org.junit.jupiter.engine.descriptor.ClassBasedTestDescriptor.lambda$invokeTestInstancePostProcessors$11(ClassBasedTestDescriptor.java:378)
	at org.junit.jupiter.engine.descriptor.ClassBasedTestDescriptor.executeAndMaskThrowable(ClassBasedTestDescriptor.java:383)
	at org.junit.jupiter.engine.descriptor.ClassBasedTestDescriptor.lambda$invokeTestInstancePostProcessors$12(ClassBasedTestDescriptor.java:378)
	at java.base/java.util.stream.ForEachOps$ForEachOp$OfRef.accept(ForEachOps.java:183)
	at java.base/java.util.stream.ReferencePipeline$3$1.accept(ReferencePipeline.java:197)
	at java.base/java.util.stream.ReferencePipeline$2$1.accept(ReferencePipeline.java:179)
	at java.base/java.util.stream.ReferencePipeline$3$1.accept(ReferencePipeline.java:197)
	at java.base/java.util.ArrayList$ArrayListSpliterator.forEachRemaining(ArrayList.java:1625)
	at java.base/java.util.stream.AbstractPipeline.copyInto(AbstractPipeline.java:509)
	at java.base/java.util.stream.AbstractPipeline.wrapAndCopyInto(AbstractPipeline.java:499)
	at java.base/java.util.stream.ForEachOps$ForEachOp.evaluateSequential(ForEachOps.java:150)
	at java.base/java.util.stream.ForEachOps$ForEachOp$OfRef.evaluateSequential(ForEachOps.java:173)
	at java.base/java.util.stream.AbstractPipeline.evaluate(AbstractPipeline.java:234)
	at java.base/java.util.stream.ReferencePipeline.forEach(ReferencePipeline.java:596)
	at org.junit.jupiter.engine.descriptor.ClassBasedTestDescriptor.invokeTestInstancePostProcessors(ClassBasedTestDescriptor.java:377)
	at org.junit.jupiter.engine.descriptor.ClassBasedTestDescriptor.lambda$instantiateAndPostProcessTestInstance$7(ClassBasedTestDescriptor.java:290)
	at org.junit.platform.engine.support.hierarchical.ThrowableCollector.execute(ThrowableCollector.java:73)
	at org.junit.jupiter.engine.descriptor.ClassBasedTestDescriptor.instantiateAndPostProcessTestInstance(ClassBasedTestDescriptor.java:289)
	at org.junit.jupiter.engine.descriptor.ClassBasedTestDescriptor.lambda$testInstancesProvider$5(ClassBasedTestDescriptor.java:279)
	at java.base/java.util.Optional.orElseGet(Optional.java:364)
	at org.junit.jupiter.engine.descriptor.ClassBasedTestDescriptor.lambda$testInstancesProvider$6(ClassBasedTestDescriptor.java:278)
	at org.junit.jupiter.engine.execution.TestInstancesProvider.getTestInstances(TestInstancesProvider.java:31)
	at org.junit.jupiter.engine.descriptor.TestMethodTestDescriptor.lambda$prepare$1(TestMethodTestDescriptor.java:105)
	at org.junit.platform.engine.support.hierarchical.ThrowableCollector.execute(ThrowableCollector.java:73)
	at org.junit.jupiter.engine.descriptor.TestMethodTestDescriptor.prepare(TestMethodTestDescriptor.java:104)
	at org.junit.jupiter.engine.descriptor.TestMethodTestDescriptor.prepare(TestMethodTestDescriptor.java:68)
	at org.junit.platform.engine.support.hierarchical.NodeTestTask.lambda$prepare$2(NodeTestTask.java:128)
	at org.junit.platform.engine.support.hierarchical.ThrowableCollector.execute(ThrowableCollector.java:73)
	at org.junit.platform.engine.support.hierarchical.NodeTestTask.prepare(NodeTestTask.java:128)
	at org.junit.platform.engine.support.hierarchical.NodeTestTask.execute(NodeTestTask.java:95)
	at java.base/java.util.ArrayList.forEach(ArrayList.java:1511)
	at org.junit.platform.engine.support.hierarchical.SameThreadHierarchicalTestExecutorService.invokeAll(SameThreadHierarchicalTestExecutorService.java:41)
	at org.junit.platform.engine.support.hierarchical.NodeTestTask.lambda$executeRecursively$6(NodeTestTask.java:160)
	at org.junit.platform.engine.support.hierarchical.ThrowableCollector.execute(ThrowableCollector.java:73)
	at org.junit.platform.engine.support.hierarchical.NodeTestTask.lambda$executeRecursively$8(NodeTestTask.java:146)
	at org.junit.platform.engine.support.hierarchical.Node.around(Node.java:137)
	at org.junit.platform.engine.support.hierarchical.NodeTestTask.lambda$executeRecursively$9(NodeTestTask.java:144)
	at org.junit.platform.engine.support.hierarchical.ThrowableCollector.execute(ThrowableCollector.java:73)
	at org.junit.platform.engine.support.hierarchical.NodeTestTask.executeRecursively(NodeTestTask.java:143)
	at org.junit.platform.engine.support.hierarchical.NodeTestTask.execute(NodeTestTask.java:100)
	at java.base/java.util.ArrayList.forEach(ArrayList.java:1511)
	at org.junit.platform.engine.support.hierarchical.SameThreadHierarchicalTestExecutorService.invokeAll(SameThreadHierarchicalTestExecutorService.java:41)
	at org.junit.platform.engine.support.hierarchical.NodeTestTask.lambda$executeRecursively$6(NodeTestTask.java:160)
	at org.junit.platform.engine.support.hierarchical.ThrowableCollector.execute(ThrowableCollector.java:73)
	at org.junit.platform.engine.support.hierarchical.NodeTestTask.lambda$executeRecursively$8(NodeTestTask.java:146)
	at org.junit.platform.engine.support.hierarchical.Node.around(Node.java:137)
	at org.junit.platform.engine.support.hierarchical.NodeTestTask.lambda$executeRecursively$9(NodeTestTask.java:144)
	at org.junit.platform.engine.support.hierarchical.ThrowableCollector.execute(ThrowableCollector.java:73)
	at org.junit.platform.engine.support.hierarchical.NodeTestTask.executeRecursively(NodeTestTask.java:143)
	at org.junit.platform.engine.support.hierarchical.NodeTestTask.execute(NodeTestTask.java:100)
	at org.junit.platform.engine.support.hierarchical.SameThreadHierarchicalTestExecutorService.submit(SameThreadHierarchicalTestExecutorService.java:35)
	at org.junit.platform.engine.support.hierarchical.HierarchicalTestExecutor.execute(HierarchicalTestExecutor.java:57)
	at org.junit.platform.engine.support.hierarchical.HierarchicalTestEngine.execute(HierarchicalTestEngine.java:54)
	at org.junit.platform.launcher.core.EngineExecutionOrchestrator.execute(EngineExecutionOrchestrator.java:198)
	at org.junit.platform.launcher.core.EngineExecutionOrchestrator.execute(EngineExecutionOrchestrator.java:169)
	at org.junit.platform.launcher.core.EngineExecutionOrchestrator.execute(EngineExecutionOrchestrator.java:93)
	at org.junit.platform.launcher.core.EngineExecutionOrchestrator.lambda$execute$0(EngineExecutionOrchestrator.java:58)
	at org.junit.platform.launcher.core.EngineExecutionOrchestrator.withInterceptedStreams(EngineExecutionOrchestrator.java:141)
	at org.junit.platform.launcher.core.EngineExecutionOrchestrator.execute(EngineExecutionOrchestrator.java:57)
	at org.junit.platform.launcher.core.DefaultLauncher.execute(DefaultLauncher.java:103)
	at org.junit.platform.launcher.core.DefaultLauncher.execute(DefaultLauncher.java:85)
	at org.junit.platform.launcher.core.DelegatingLauncher.execute(DelegatingLauncher.java:47)
	at org.junit.platform.launcher.core.SessionPerRequestLauncher.execute(SessionPerRequestLauncher.java:63)
	at com.intellij.junit5.JUnit5IdeaTestRunner.startRunnerWithArgs(JUnit5IdeaTestRunner.java:57)
	at com.intellij.rt.junit.IdeaTestRunner$Repeater$1.execute(IdeaTestRunner.java:38)
	at com.intellij.rt.execution.junit.TestsRepeater.repeat(TestsRepeater.java:11)
	at com.intellij.rt.junit.IdeaTestRunner$Repeater.startRunnerWithArgs(IdeaTestRunner.java:35)
	at com.intellij.rt.junit.JUnitStarter.prepareStreamsAndStart(JUnitStarter.java:232)
	at com.intellij.rt.junit.JUnitStarter.main(JUnitStarter.java:55)
Caused by: org.springframework.beans.factory.BeanCreationException: Error creating bean with name 'appCache': Invocation of init method failed
	at org.springframework.beans.factory.annotation.InitDestroyAnnotationBeanPostProcessor.postProcessBeforeInitialization(InitDestroyAnnotationBeanPostProcessor.java:222)
	at org.springframework.beans.factory.support.AbstractAutowireCapableBeanFactory.applyBeanPostProcessorsBeforeInitialization(AbstractAutowireCapableBeanFactory.java:429)
	at org.springframework.beans.factory.support.AbstractAutowireCapableBeanFactory.initializeBean(AbstractAutowireCapableBeanFactory.java:1818)
	at org.springframework.beans.factory.support.AbstractAutowireCapableBeanFactory.doCreateBean(AbstractAutowireCapableBeanFactory.java:607)
	at org.springframework.beans.factory.support.AbstractAutowireCapableBeanFactory.createBean(AbstractAutowireCapableBeanFactory.java:529)
	at org.springframework.beans.factory.support.AbstractBeanFactory.lambda$doGetBean$0(AbstractBeanFactory.java:339)
	at org.springframework.beans.factory.support.DefaultSingletonBeanRegistry.getSingleton(DefaultSingletonBeanRegistry.java:373)
	at org.springframework.beans.factory.support.AbstractBeanFactory.doGetBean(AbstractBeanFactory.java:337)
	at org.springframework.beans.factory.support.AbstractBeanFactory.getBean(AbstractBeanFactory.java:202)
	at org.springframework.beans.factory.support.DefaultListableBeanFactory.instantiateSingleton(DefaultListableBeanFactory.java:1228)
	at org.springframework.beans.factory.support.DefaultListableBeanFactory.preInstantiateSingleton(DefaultListableBeanFactory.java:1194)
	at org.springframework.beans.factory.support.DefaultListableBeanFactory.preInstantiateSingletons(DefaultListableBeanFactory.java:1130)
	at org.springframework.context.support.AbstractApplicationContext.finishBeanFactoryInitialization(AbstractApplicationContext.java:990)
	at org.springframework.context.support.AbstractApplicationContext.refresh(AbstractApplicationContext.java:627)
	at org.springframework.boot.SpringApplication.refresh(SpringApplication.java:752)
	at org.springframework.boot.SpringApplication.refreshContext(SpringApplication.java:439)
	at org.springframework.boot.SpringApplication.run(SpringApplication.java:318)
	at org.springframework.boot.test.context.SpringBootContextLoader.lambda$loadContext$3(SpringBootContextLoader.java:144)
	at org.springframework.util.function.ThrowingSupplier.get(ThrowingSupplier.java:58)
	at org.springframework.util.function.ThrowingSupplier.get(ThrowingSupplier.java:46)
	at org.springframework.boot.SpringApplication.withHook(SpringApplication.java:1461)
	at org.springframework.boot.test.context.SpringBootContextLoader$ContextLoaderHook.run(SpringBootContextLoader.java:563)
	at org.springframework.boot.test.context.SpringBootContextLoader.loadContext(SpringBootContextLoader.java:144)
	at org.springframework.boot.test.context.SpringBootContextLoader.loadContext(SpringBootContextLoader.java:110)
	at org.springframework.test.context.cache.DefaultCacheAwareContextLoaderDelegate.loadContextInternal(DefaultCacheAwareContextLoaderDelegate.java:225)
	at org.springframework.test.context.cache.DefaultCacheAwareContextLoaderDelegate.loadContext(DefaultCacheAwareContextLoaderDelegate.java:152)
	... 74 common frames omitted
Caused by: org.springframework.dao.DataAccessResourceFailureException: Timed out while waiting for a server that matches ReadPreferenceServerSelector{readPreference=primary}. Client view of cluster state is {type=UNKNOWN, servers=[{address=localhost:27017, type=UNKNOWN, state=CONNECTING, exception={com.mongodb.MongoSocketOpenException: Exception opening socket}, caused by {java.net.ConnectException: Connection refused: getsockopt}}]
	at org.springframework.data.mongodb.core.MongoExceptionTranslator.doTranslateException(MongoExceptionTranslator.java:97)
	at org.springframework.data.mongodb.core.MongoExceptionTranslator.translateExceptionIfPossible(MongoExceptionTranslator.java:74)
	at org.springframework.data.mongodb.core.MongoTemplate.potentiallyConvertRuntimeException(MongoTemplate.java:3030)
	at org.springframework.data.mongodb.core.MongoTemplate.executeFindMultiInternal(MongoTemplate.java:2950)
	at org.springframework.data.mongodb.core.MongoTemplate.doFind(MongoTemplate.java:2618)
	at org.springframework.data.mongodb.core.MongoTemplate.doFind(MongoTemplate.java:2596)
	at org.springframework.data.mongodb.core.MongoTemplate.find(MongoTemplate.java:878)
	at org.springframework.data.mongodb.repository.support.SimpleMongoRepository.findAll(SimpleMongoRepository.java:403)
	at org.springframework.data.mongodb.repository.support.SimpleMongoRepository.findAll(SimpleMongoRepository.java:145)
	at java.base/jdk.internal.reflect.NativeMethodAccessorImpl.invoke0(Native Method)
	at java.base/jdk.internal.reflect.NativeMethodAccessorImpl.invoke(NativeMethodAccessorImpl.java:77)
	at java.base/jdk.internal.reflect.DelegatingMethodAccessorImpl.invoke(DelegatingMethodAccessorImpl.java:43)
	at java.base/java.lang.reflect.Method.invoke(Method.java:569)
	at org.springframework.aop.support.AopUtils.invokeJoinpointUsingReflection(AopUtils.java:360)
	at org.springframework.data.repository.core.support.RepositoryMethodInvoker$RepositoryFragmentMethodInvoker.lambda$new$0(RepositoryMethodInvoker.java:277)
	at org.springframework.data.repository.core.support.RepositoryMethodInvoker.doInvoke(RepositoryMethodInvoker.java:170)
	at org.springframework.data.repository.core.support.RepositoryMethodInvoker.invoke(RepositoryMethodInvoker.java:158)
	at org.springframework.data.repository.core.support.RepositoryComposition$RepositoryFragments.invoke(RepositoryComposition.java:515)
	at org.springframework.data.repository.core.support.RepositoryComposition.invoke(RepositoryComposition.java:284)
	at org.springframework.data.repository.core.support.RepositoryFactorySupport$ImplementationMethodExecutionInterceptor.invoke(RepositoryFactorySupport.java:731)
	at org.springframework.aop.framework.ReflectiveMethodInvocation.proceed(ReflectiveMethodInvocation.java:184)
	at org.springframework.data.repository.core.support.QueryExecutorMethodInterceptor.doInvoke(QueryExecutorMethodInterceptor.java:174)
	at org.springframework.data.repository.core.support.QueryExecutorMethodInterceptor.invoke(QueryExecutorMethodInterceptor.java:149)
	at org.springframework.aop.framework.ReflectiveMethodInvocation.proceed(ReflectiveMethodInvocation.java:184)
	at org.springframework.data.projection.DefaultMethodInvokingMethodInterceptor.invoke(DefaultMethodInvokingMethodInterceptor.java:69)
	at org.springframework.aop.framework.ReflectiveMethodInvocation.proceed(ReflectiveMethodInvocation.java:184)
	at org.springframework.data.mongodb.repository.support.CrudMethodMetadataPostProcessor$CrudMethodMetadataPopulatingMethodInterceptor.invoke(CrudMethodMetadataPostProcessor.java:158)
	at org.springframework.aop.framework.ReflectiveMethodInvocation.proceed(ReflectiveMethodInvocation.java:184)
	at org.springframework.aop.framework.JdkDynamicAopProxy.invoke(JdkDynamicAopProxy.java:223)
	at jdk.proxy2/jdk.proxy2.$Proxy87.findAll(Unknown Source)
	at com.journalingapp.soham.journalApp.cache.AppCache.init(AppCache.java:29)
	at java.base/jdk.internal.reflect.NativeMethodAccessorImpl.invoke0(Native Method)
	at java.base/jdk.internal.reflect.NativeMethodAccessorImpl.invoke(NativeMethodAccessorImpl.java:77)
	at java.base/jdk.internal.reflect.DelegatingMethodAccessorImpl.invoke(DelegatingMethodAccessorImpl.java:43)
	at java.base/java.lang.reflect.Method.invoke(Method.java:569)
	at org.springframework.beans.factory.annotation.InitDestroyAnnotationBeanPostProcessor$LifecycleMethod.invoke(InitDestroyAnnotationBeanPostProcessor.java:457)
	at org.springframework.beans.factory.annotation.InitDestroyAnnotationBeanPostProcessor$LifecycleMetadata.invokeInitMethods(InitDestroyAnnotationBeanPostProcessor.java:401)
	at org.springframework.beans.factory.annotation.InitDestroyAnnotationBeanPostProcessor.postProcessBeforeInitialization(InitDestroyAnnotationBeanPostProcessor.java:219)
	... 99 common frames omitted
Caused by: com.mongodb.MongoTimeoutException: Timed out while waiting for a server that matches ReadPreferenceServerSelector{readPreference=primary}. Client view of cluster state is {type=UNKNOWN, servers=[{address=localhost:27017, type=UNKNOWN, state=CONNECTING, exception={com.mongodb.MongoSocketOpenException: Exception opening socket}, caused by {java.net.ConnectException: Connection refused: getsockopt}}]
	at com.mongodb.internal.connection.BaseCluster.logAndThrowTimeoutException(BaseCluster.java:427)
	at com.mongodb.internal.connection.BaseCluster.lambda$selectServer$0(BaseCluster.java:154)
	at com.mongodb.internal.time.Timeout.lambda$onExistsAndExpired$16(Timeout.java:236)
	at com.mongodb.internal.time.Timeout.lambda$run$10(Timeout.java:201)
	at com.mongodb.internal.time.TimePoint.checkedCall(TimePoint.java:98)
	at com.mongodb.internal.time.Timeout.call(Timeout.java:174)
	at com.mongodb.internal.time.Timeout.run(Timeout.java:194)
	at com.mongodb.internal.time.Timeout.onExistsAndExpired(Timeout.java:233)
	at com.mongodb.internal.time.Timeout.onExpired(Timeout.java:226)
	at com.mongodb.internal.connection.BaseCluster.selectServer(BaseCluster.java:153)
	at com.mongodb.internal.connection.SingleServerCluster.selectServer(SingleServerCluster.java:47)
	at com.mongodb.internal.binding.ClusterBinding.getReadConnectionSource(ClusterBinding.java:82)
	at com.mongodb.client.internal.ClientSessionBinding.getConnectionSource(ClientSessionBinding.java:108)
	at com.mongodb.client.internal.ClientSessionBinding.getReadConnectionSource(ClientSessionBinding.java:88)
	at com.mongodb.internal.operation.SyncOperationHelper.withSuppliedResource(SyncOperationHelper.java:148)
	at com.mongodb.internal.operation.SyncOperationHelper.withSourceAndConnection(SyncOperationHelper.java:129)
	at com.mongodb.internal.operation.FindOperation.lambda$execute$2(FindOperation.java:296)
	at com.mongodb.internal.operation.SyncOperationHelper.lambda$decorateReadWithRetries$13(SyncOperationHelper.java:317)
	at com.mongodb.internal.async.function.RetryingSyncSupplier.get(RetryingSyncSupplier.java:67)
	at com.mongodb.internal.operation.FindOperation.execute(FindOperation.java:307)
	at com.mongodb.internal.operation.FindOperation.execute(FindOperation.java:70)
	at com.mongodb.client.internal.MongoClusterImpl$OperationExecutorImpl.execute(MongoClusterImpl.java:358)
	at com.mongodb.client.internal.MongoIterableImpl.execute(MongoIterableImpl.java:156)
	at com.mongodb.client.internal.MongoIterableImpl.iterator(MongoIterableImpl.java:116)
	at org.springframework.data.mongodb.core.MongoTemplate.executeFindMultiInternal(MongoTemplate.java:2937)
	... 133 common frames omitted
00:12:34.644 [main] DEBUG o.s.t.c.s.DirtiesContextTestExecutionListener -After test class: class [EmailServiceTests], class annotated with @DirtiesContext [false] with mode [null]
