22:16:03.105 [main] DEBUG o.s.b.t.c.SpringBootTestContextBootstrapper -Neither @ContextConfiguration nor @ContextHierarchy found for test class [JournalAppApplicationTests]: using SpringBootContextLoader
22:16:03.113 [main] DEBUG o.s.t.c.s.AbstractContextLoader -Could not detect default resource locations for test class [com.journalingapp.soham.journalApp.JournalAppApplicationTests]: no resource found for suffixes {-context.xml, Context.groovy}.
22:16:03.115 [main] INFO  o.s.t.c.s.AnnotationConfigContextLoaderUtils -Could not detect default configuration classes for test class [com.journalingapp.soham.journalApp.JournalAppApplicationTests]: JournalAppApplicationTests does not declare any static, non-private, non-final, nested classes annotated with @Configuration.
22:16:03.146 [main] DEBUG o.s.b.t.c.SpringBootTestContextBootstrapper -Using ContextCustomizerFactory implementations for test class [JournalAppApplicationTests]: [ImportsContextCustomizerFactory, ExcludeFilterContextCustomizerFactory, HttpGraphQlTesterContextCustomizerFactory, DuplicateJsonObjectContextCustomizerFactory, MockitoContextCustomizerFactory, TestRestTemplateContextCustomizerFactory, WebTestClientContextCustomizerFactory, DisableReactorResourceFactoryGlobalResourcesContextCustomizerFactory, OnFailureConditionReportContextCustomizerFactory, OverrideAutoConfigurationContextCustomizerFactory, ObservabilityContextCustomizerFactory, TypeExcludeFiltersContextCustomizerFactory, PropertyMappingContextCustomizerFactory, WebDriverContextCustomizerFactory, BeanOverrideContextCustomizerFactory, MockServerContainerContextCustomizerFactory, DynamicPropertiesContextCustomizerFactory]
22:16:03.225 [main] DEBUG o.s.b.t.c.SpringBootTestContextBootstrapper -Using ContextCustomizers for test class [JournalAppApplicationTests]: [ExcludeFilterContextCustomizer, DuplicateJsonObjectContextCustomizer, MockitoContextCustomizer, TestRestTemplateContextCustomizer, DisableReactorResourceFactoryGlobalResourcesContextCustomizerCustomizer, OnFailureConditionReportContextCustomizer, DisableObservabilityContextCustomizer, PropertyMappingContextCustomizer, WebDriverContextCustomizer, DynamicPropertiesContextCustomizer]
22:16:03.451 [main] DEBUG o.s.c.a.ClassPathScanningCandidateComponentProvider -Identified candidate component class: file [C:\Users\soham\Downloads\journalApp\journalApp\target\classes\com\journalingapp\soham\journalApp\JournalApplication.class]
22:16:03.451 [main] INFO  o.s.b.t.c.SpringBootTestContextBootstrapper -Found @SpringBootConfiguration com.journalingapp.soham.journalApp.JournalApplication for test class com.journalingapp.soham.journalApp.JournalAppApplicationTests
22:16:03.754 [main] DEBUG o.s.t.c.u.TestContextSpringFactoriesUtils -Skipping candidate TestExecutionListener [org.springframework.test.context.observation.MicrometerObservationRegistryTestExecutionListener] due to a missing dependency. Specify custom TestExecutionListener classes or make the default TestExecutionListener classes and their required dependencies available. Offending class: io.micrometer.context.ThreadLocalAccessor. MicrometerObservationRegistryTestExecutionListener requires io.micrometer:micrometer-observation:1.10.8 or higher and io.micrometer:context-propagation:1.0.3 or higher.
22:16:03.779 [main] DEBUG o.s.b.t.c.SpringBootTestContextBootstrapper -Using TestExecutionListeners for test class [JournalAppApplicationTests]: [ServletTestExecutionListener, DirtiesContextBeforeModesTestExecutionListener, ApplicationEventsTestExecutionListener, MockitoTestExecutionListener, BeanOverrideTestExecutionListener, DependencyInjectionTestExecutionListener, DirtiesContextTestExecutionListener, CommonCachesTestExecutionListener, TransactionalTestExecutionListener, SqlScriptsTestExecutionListener, EventPublishingTestExecutionListener, ResetMocksTestExecutionListener, RestDocsTestExecutionListener, MockRestServiceServerResetTestExecutionListener, MockMvcPrintOnlyOnFailureTestExecutionListener, WebDriverTestExecutionListener, MockWebServiceServerTestExecutionListener, MockitoResetTestExecutionListener]
22:16:03.789 [main] DEBUG o.s.t.c.s.DirtiesContextBeforeModesTestExecutionListener -Before test class: class [JournalAppApplicationTests], class annotated with @DirtiesContext [false] with mode [null]
22:16:04.562 [main] INFO  c.j.s.j.JournalAppApplicationTests -Starting JournalAppApplicationTests using Java 17.0.13 with PID 5852 (started by soham in C:\Users\soham\Downloads\journalApp\journalApp)
22:16:04.562 [main] DEBUG c.j.s.j.JournalAppApplicationTests -Running with Spring Boot v3.4.12, Spring v6.2.14
22:16:04.568 [main] INFO  c.j.s.j.JournalAppApplicationTests -No active profile set, falling back to 1 default profile: "default"
22:16:04.571 [main] DEBUG o.s.boot.SpringApplication -Loading source class com.journalingapp.soham.journalApp.JournalApplication
22:16:04.662 [main] DEBUG o.s.w.c.s.GenericWebApplicationContext -Refreshing org.springframework.web.context.support.GenericWebApplicationContext@25c5e994
22:16:04.713 [main] DEBUG o.s.b.f.s.DefaultListableBeanFactory -Creating shared instance of singleton bean 'org.springframework.context.annotation.internalConfigurationAnnotationProcessor'
22:16:04.751 [main] DEBUG o.s.b.f.s.DefaultListableBeanFactory -Creating shared instance of singleton bean 'org.springframework.boot.autoconfigure.internalCachingMetadataReaderFactory'
22:16:04.867 [main] DEBUG o.s.c.a.ClassPathBeanDefinitionScanner -Identified candidate component class: file [C:\Users\soham\Downloads\journalApp\journalApp\target\classes\com\journalingapp\soham\journalApp\config\SpringSecurity.class]
22:16:04.897 [main] DEBUG o.s.c.a.ClassPathBeanDefinitionScanner -Identified candidate component class: file [C:\Users\soham\Downloads\journalApp\journalApp\target\classes\com\journalingapp\soham\journalApp\controller\AdminController.class]
22:16:04.907 [main] DEBUG o.s.c.a.ClassPathBeanDefinitionScanner -Identified candidate component class: file [C:\Users\soham\Downloads\journalApp\journalApp\target\classes\com\journalingapp\soham\journalApp\controller\JournalEntryController.class]
22:16:04.910 [main] DEBUG o.s.c.a.ClassPathBeanDefinitionScanner -Identified candidate component class: file [C:\Users\soham\Downloads\journalApp\journalApp\target\classes\com\journalingapp\soham\journalApp\controller\PublicController.class]
22:16:04.912 [main] DEBUG o.s.c.a.ClassPathBeanDefinitionScanner -Identified candidate component class: file [C:\Users\soham\Downloads\journalApp\journalApp\target\classes\com\journalingapp\soham\journalApp\controller\UserController.class]
22:16:04.940 [main] DEBUG o.s.c.a.ClassPathBeanDefinitionScanner -Identified candidate component class: file [C:\Users\soham\Downloads\journalApp\journalApp\target\classes\com\journalingapp\soham\journalApp\service\JournalEntryService.class]
22:16:04.941 [main] DEBUG o.s.c.a.ClassPathBeanDefinitionScanner -Identified candidate component class: file [C:\Users\soham\Downloads\journalApp\journalApp\target\classes\com\journalingapp\soham\journalApp\service\UserDetailsServiceImpl.class]
22:16:04.943 [main] DEBUG o.s.c.a.ClassPathBeanDefinitionScanner -Identified candidate component class: file [C:\Users\soham\Downloads\journalApp\journalApp\target\classes\com\journalingapp\soham\journalApp\service\UserService.class]
22:16:06.443 [main] INFO  o.s.d.r.c.RepositoryConfigurationDelegate -Bootstrapping Spring Data MongoDB repositories in DEFAULT mode.
22:16:06.457 [main] DEBUG o.s.b.f.s.DefaultListableBeanFactory -Creating shared instance of singleton bean 'org.springframework.boot.autoconfigure.AutoConfigurationPackages'
22:16:06.484 [main] DEBUG o.s.b.a.AutoConfigurationPackages -@EnableAutoConfiguration was declared on a class in the package 'com.journalingapp.soham.journalApp'. Automatic @Repository and @Entity scanning is enabled.
22:16:06.487 [main] DEBUG o.s.d.r.c.RepositoryConfigurationDelegate -Scanning for MongoDB repositories in packages com.journalingapp.soham.journalApp.
22:16:06.516 [main] DEBUG o.s.d.r.c.RepositoryComponentProvider -Identified candidate component class: file [C:\Users\soham\Downloads\journalApp\journalApp\target\classes\com\journalingapp\soham\journalApp\repository\JournalEntryRepository.class]
22:16:06.516 [main] DEBUG o.s.d.r.c.RepositoryComponentProvider -Identified candidate component class: file [C:\Users\soham\Downloads\journalApp\journalApp\target\classes\com\journalingapp\soham\journalApp\repository\UserRepository.class]
22:16:06.575 [main] DEBUG o.s.c.a.ClassPathScanningCandidateComponentProvider -Identified candidate component class: file [C:\Users\soham\Downloads\journalApp\journalApp\target\classes\com\journalingapp\soham\journalApp\service\UserDetailsServiceImpl.class]
22:16:06.604 [main] INFO  o.s.d.r.c.RepositoryConfigurationDelegate -Finished Spring Data repository scanning in 113 ms. Found 2 MongoDB repository interfaces.
22:16:06.781 [main] DEBUG o.s.b.f.s.DefaultListableBeanFactory -Creating shared instance of singleton bean 'springSecurityHandlerMappingIntrospectorBeanDefinitionRegistryPostProcessor'
22:16:06.962 [main] DEBUG o.s.b.f.s.DefaultListableBeanFactory -Creating shared instance of singleton bean 'propertySourcesPlaceholderConfigurer'
22:16:06.969 [main] DEBUG o.s.b.f.s.DefaultListableBeanFactory -Creating shared instance of singleton bean 'org.springframework.boot.test.mock.mockito.MockitoPostProcessor'
22:16:06.971 [main] DEBUG o.s.b.f.s.DefaultListableBeanFactory -Creating shared instance of singleton bean 'org.springframework.boot.sql.init.dependency.DatabaseInitializationDependencyConfigurer$DependsOnDatabaseInitializationPostProcessor'
22:16:07.045 [main] DEBUG o.s.b.f.s.DefaultListableBeanFactory -Creating shared instance of singleton bean 'org.springframework.context.event.internalEventListenerProcessor'
22:16:07.049 [main] DEBUG o.s.b.f.s.DefaultListableBeanFactory -Creating shared instance of singleton bean 'conversionServicePostProcessor'
22:16:07.061 [main] DEBUG o.s.b.f.s.DefaultListableBeanFactory -Creating shared instance of singleton bean 'preserveErrorControllerTargetClassPostProcessor'
22:16:07.063 [main] DEBUG o.s.b.f.s.DefaultListableBeanFactory -Creating shared instance of singleton bean 'forceAutoProxyCreatorToUseClassProxying'
22:16:07.065 [main] DEBUG o.s.b.f.s.DefaultListableBeanFactory -Creating shared instance of singleton bean 'org.springframework.context.event.internalEventListenerFactory'
22:16:07.082 [main] DEBUG o.s.b.f.s.DefaultListableBeanFactory -Creating shared instance of singleton bean 'org.springframework.boot.test.mock.mockito.MockitoPostProcessor$SpyPostProcessor'
22:16:07.084 [main] DEBUG o.s.b.f.s.DefaultListableBeanFactory -Creating shared instance of singleton bean 'org.springframework.context.annotation.internalAutowiredAnnotationProcessor'
22:16:07.087 [main] DEBUG o.s.b.f.s.DefaultListableBeanFactory -Creating shared instance of singleton bean 'org.springframework.context.annotation.internalCommonAnnotationProcessor'
22:16:07.096 [main] DEBUG o.s.b.f.s.DefaultListableBeanFactory -Creating shared instance of singleton bean 'org.springframework.boot.context.properties.ConfigurationPropertiesBindingPostProcessor'
22:16:07.096 [main] DEBUG o.s.b.f.s.DefaultListableBeanFactory -Creating shared instance of singleton bean 'org.springframework.boot.context.internalConfigurationPropertiesBinder'
22:16:07.102 [main] DEBUG o.s.b.f.s.DefaultListableBeanFactory -Creating shared instance of singleton bean 'persistenceExceptionTranslationPostProcessor'
22:16:07.106 [main] DEBUG o.s.b.f.s.DefaultListableBeanFactory -Autowiring by type from bean name 'persistenceExceptionTranslationPostProcessor' via factory method to bean named 'environment'
22:16:07.128 [main] DEBUG o.s.b.f.s.DefaultListableBeanFactory -Creating shared instance of singleton bean 'org.springframework.aop.config.internalAutoProxyCreator'
22:16:07.142 [main] DEBUG o.s.b.f.s.DefaultListableBeanFactory -Creating shared instance of singleton bean 'webServerFactoryCustomizerBeanPostProcessor'
22:16:07.145 [main] DEBUG o.s.b.f.s.DefaultListableBeanFactory -Creating shared instance of singleton bean 'errorPageRegistrarBeanPostProcessor'
22:16:07.146 [main] DEBUG o.s.b.f.s.DefaultListableBeanFactory -Creating shared instance of singleton bean 'projectingArgumentResolverBeanPostProcessor'
22:16:07.216 [main] DEBUG o.s.u.c.s.UiApplicationContextUtils -Unable to locate ThemeSource with name 'themeSource': using default [org.springframework.ui.context.support.ResourceBundleThemeSource@32ec9c90]
22:16:07.217 [main] DEBUG o.s.b.f.s.DefaultListableBeanFactory -Creating shared instance of singleton bean 'org.springframework.test.context.support.internalDynamicPropertyRegistrarBeanInitializer'
22:16:07.256 [main] DEBUG o.s.b.f.s.DefaultListableBeanFactory -Creating shared instance of singleton bean 'journalApplication'
22:16:07.258 [main] DEBUG o.s.b.f.s.DefaultListableBeanFactory -Creating shared instance of singleton bean 'springSecurity'
22:16:07.262 [main] DEBUG o.s.b.f.s.DefaultListableBeanFactory -Creating shared instance of singleton bean 'userDetailsServiceImpl'
22:16:07.267 [main] DEBUG o.s.b.f.s.DefaultListableBeanFactory -Creating shared instance of singleton bean 'userRepository'
22:16:07.276 [main] DEBUG o.s.b.f.s.DefaultListableBeanFactory -Creating shared instance of singleton bean 'mongo.named-queries#0'
22:16:07.285 [main] DEBUG o.s.b.f.s.DefaultListableBeanFactory -Creating shared instance of singleton bean 'mongodb.UserRepository.fragments#0'
22:16:07.290 [main] DEBUG o.s.b.f.s.DefaultListableBeanFactory -Creating shared instance of singleton bean 'mongoTemplate'
22:16:07.291 [main] DEBUG o.s.b.f.s.DefaultListableBeanFactory -Creating shared instance of singleton bean 'org.springframework.boot.autoconfigure.data.mongo.MongoDatabaseFactoryDependentConfiguration'
22:16:07.293 [main] DEBUG o.s.b.f.s.DefaultListableBeanFactory -Creating shared instance of singleton bean 'mongoDatabaseFactory'
22:16:07.294 [main] DEBUG o.s.b.f.s.DefaultListableBeanFactory -Creating shared instance of singleton bean 'org.springframework.boot.autoconfigure.data.mongo.MongoDatabaseFactoryConfiguration'
22:16:07.297 [main] DEBUG o.s.b.f.s.DefaultListableBeanFactory -Creating shared instance of singleton bean 'mongo'
22:16:07.298 [main] DEBUG o.s.b.f.s.DefaultListableBeanFactory -Creating shared instance of singleton bean 'org.springframework.boot.autoconfigure.mongo.MongoAutoConfiguration'
22:16:07.299 [main] DEBUG o.s.b.f.s.DefaultListableBeanFactory -Creating shared instance of singleton bean 'mongoClientSettings'
22:16:07.300 [main] DEBUG o.s.b.f.s.DefaultListableBeanFactory -Creating shared instance of singleton bean 'org.springframework.boot.autoconfigure.mongo.MongoAutoConfiguration$MongoClientSettingsConfiguration'
22:16:07.407 [main] DEBUG o.s.b.f.s.DefaultListableBeanFactory -Autowiring by type from bean name 'mongo' via factory method to bean named 'mongoClientSettings'
22:16:07.410 [main] DEBUG o.s.b.f.s.DefaultListableBeanFactory -Creating shared instance of singleton bean 'standardMongoSettingsCustomizer'
22:16:07.412 [main] DEBUG o.s.b.f.s.DefaultListableBeanFactory -Creating shared instance of singleton bean 'spring.data.mongodb-org.springframework.boot.autoconfigure.mongo.MongoProperties'
22:16:07.414 [main] DEBUG o.s.b.f.s.DefaultListableBeanFactory -Creating shared instance of singleton bean 'org.springframework.boot.context.properties.BoundConfigurationProperties'
22:16:07.437 [main] DEBUG o.s.b.f.s.DefaultListableBeanFactory -Creating shared instance of singleton bean 'mongoConnectionDetails'
22:16:07.439 [main] DEBUG o.s.b.f.s.DefaultListableBeanFactory -Autowiring by type from bean name 'mongoConnectionDetails' via factory method to bean named 'spring.data.mongodb-org.springframework.boot.autoconfigure.mongo.MongoProperties'
22:16:07.445 [main] DEBUG o.s.b.f.s.DefaultListableBeanFactory -Autowiring by type from bean name 'standardMongoSettingsCustomizer' via factory method to bean named 'spring.data.mongodb-org.springframework.boot.autoconfigure.mongo.MongoProperties'
22:16:07.445 [main] DEBUG o.s.b.f.s.DefaultListableBeanFactory -Autowiring by type from bean name 'standardMongoSettingsCustomizer' via factory method to bean named 'mongoConnectionDetails'
22:16:07.454 [main] DEBUG o.s.b.f.s.DefaultListableBeanFactory -Creating shared instance of singleton bean 'sslBundleRegistry'
22:16:07.454 [main] DEBUG o.s.b.f.s.DefaultListableBeanFactory -Creating shared instance of singleton bean 'org.springframework.boot.autoconfigure.ssl.SslAutoConfiguration'
22:16:07.458 [main] DEBUG o.s.b.f.s.DefaultListableBeanFactory -Creating shared instance of singleton bean 'spring.ssl-org.springframework.boot.autoconfigure.ssl.SslProperties'
22:16:07.461 [main] DEBUG o.s.b.f.s.DefaultListableBeanFactory -Autowiring by type from bean name 'org.springframework.boot.autoconfigure.ssl.SslAutoConfiguration' via constructor to bean named 'org.springframework.web.context.support.GenericWebApplicationContext@25c5e994'
22:16:07.462 [main] DEBUG o.s.b.f.s.DefaultListableBeanFactory -Autowiring by type from bean name 'org.springframework.boot.autoconfigure.ssl.SslAutoConfiguration' via constructor to bean named 'spring.ssl-org.springframework.boot.autoconfigure.ssl.SslProperties'
22:16:07.466 [main] DEBUG o.s.b.f.s.DefaultListableBeanFactory -Creating shared instance of singleton bean 'sslPropertiesSslBundleRegistrar'
22:16:07.467 [main] DEBUG o.s.b.f.s.DefaultListableBeanFactory -Creating shared instance of singleton bean 'fileWatcher'
22:16:07.474 [main] DEBUG o.s.b.f.s.DefaultListableBeanFactory -Autowiring by type from bean name 'sslPropertiesSslBundleRegistrar' via factory method to bean named 'fileWatcher'
22:16:07.734 [main] DEBUG org.mongodb.driver.connection -Connection pool created for localhost:27017 using options maxIdleTimeMS=0, minPoolSize=0, maxPoolSize=100, maxConnecting=2, waitQueueTimeoutMS=120000
22:16:07.756 [main] DEBUG org.mongodb.driver.cluster -Updating cluster description to  {type=UNKNOWN, servers=[{address=localhost:27017, type=UNKNOWN, state=CONNECTING}]
22:16:07.812 [main] INFO  org.mongodb.driver.client -MongoClient with metadata {"driver": {"name": "mongo-java-driver|sync|spring-boot", "version": "5.2.1"}, "os": {"type": "Windows", "name": "Windows 11", "architecture": "amd64", "version": "10.0"}, "platform": "Java/Amazon.com Inc./17.0.13+11-LTS"} created with settings MongoClientSettings{readPreference=primary, writeConcern=WriteConcern{w=null, wTimeout=null ms, journal=null}, retryWrites=true, retryReads=true, readConcern=ReadConcern{level=null}, credential=null, transportSettings=null, commandListeners=[], codecRegistry=ProvidersCodecRegistry{codecProviders=[ValueCodecProvider{}, BsonValueCodecProvider{}, DBRefCodecProvider{}, DBObjectCodecProvider{}, DocumentCodecProvider{}, CollectionCodecProvider{}, IterableCodecProvider{}, MapCodecProvider{}, GeoJsonCodecProvider{}, GridFSFileCodecProvider{}, Jsr310CodecProvider{}, JsonObjectCodecProvider{}, BsonCodecProvider{}, EnumCodecProvider{}, com.mongodb.client.model.mql.ExpressionCodecProvider@a54acec, com.mongodb.Jep395RecordCodecProvider@19da993b, com.mongodb.KotlinCodecProvider@3380ca3d]}, loggerSettings=LoggerSettings{maxDocumentLength=1000}, clusterSettings={hosts=[localhost:27017], srvServiceName=mongodb, mode=SINGLE, requiredClusterType=UNKNOWN, requiredReplicaSetName='null', serverSelector='null', clusterListeners='[]', serverSelectionTimeout='30000 ms', localThreshold='15 ms'}, socketSettings=SocketSettings{connectTimeoutMS=10000, readTimeoutMS=0, receiveBufferSize=0, proxySettings=ProxySettings{host=null, port=null, username=null, password=null}}, heartbeatSocketSettings=SocketSettings{connectTimeoutMS=10000, readTimeoutMS=10000, receiveBufferSize=0, proxySettings=ProxySettings{host=null, port=null, username=null, password=null}}, connectionPoolSettings=ConnectionPoolSettings{maxSize=100, minSize=0, maxWaitTimeMS=120000, maxConnectionLifeTimeMS=0, maxConnectionIdleTimeMS=0, maintenanceInitialDelayMS=0, maintenanceFrequencyMS=60000, connectionPoolListeners=[], maxConnecting=2}, serverSettings=ServerSettings{heartbeatFrequencyMS=10000, minHeartbeatFrequencyMS=500, serverMonitoringMode=AUTO, serverListeners='[]', serverMonitorListeners='[]'}, sslSettings=SslSettings{enabled=false, invalidHostNameAllowed=false, context=null}, applicationName='null', compressorList=[], uuidRepresentation=JAVA_LEGACY, serverApi=null, autoEncryptionSettings=null, dnsClient=null, inetAddressResolver=null, contextProvider=null, timeoutMS=null}
22:16:07.817 [main] DEBUG o.s.b.f.s.DefaultListableBeanFactory -Autowiring by type from bean name 'mongoDatabaseFactory' via factory method to bean named 'mongo'
22:16:07.818 [main] DEBUG o.s.b.f.s.DefaultListableBeanFactory -Autowiring by type from bean name 'mongoDatabaseFactory' via factory method to bean named 'spring.data.mongodb-org.springframework.boot.autoconfigure.mongo.MongoProperties'
22:16:07.818 [main] DEBUG o.s.b.f.s.DefaultListableBeanFactory -Autowiring by type from bean name 'mongoDatabaseFactory' via factory method to bean named 'mongoConnectionDetails'
22:16:07.825 [cluster-ClusterId{value='693700cf575a2d441623f1a6', description='null'}-localhost:27017] INFO  org.mongodb.driver.cluster -Exception in monitor thread while connecting to server localhost:27017
com.mongodb.MongoSocketOpenException: Exception opening socket
	at com.mongodb.internal.connection.SocketStream.lambda$open$0(SocketStream.java:85)
	at java.base/java.util.Optional.orElseThrow(Optional.java:403)
	at com.mongodb.internal.connection.SocketStream.open(SocketStream.java:85)
	at com.mongodb.internal.connection.InternalStreamConnection.open(InternalStreamConnection.java:233)
	at com.mongodb.internal.connection.DefaultServerMonitor$ServerMonitor.lookupServerDescription(DefaultServerMonitor.java:219)
	at com.mongodb.internal.connection.DefaultServerMonitor$ServerMonitor.run(DefaultServerMonitor.java:176)
Caused by: java.net.ConnectException: Connection refused: getsockopt
	at java.base/sun.nio.ch.Net.pollConnect(Native Method)
	at java.base/sun.nio.ch.Net.pollConnectNow(Net.java:672)
	at java.base/sun.nio.ch.NioSocketImpl.timedFinishConnect(NioSocketImpl.java:547)
	at java.base/sun.nio.ch.NioSocketImpl.connect(NioSocketImpl.java:602)
	at java.base/java.net.SocksSocketImpl.connect(SocksSocketImpl.java:327)
	at java.base/java.net.Socket.connect(Socket.java:633)
	at com.mongodb.internal.connection.SocketStreamHelper.initialize(SocketStreamHelper.java:76)
	at com.mongodb.internal.connection.SocketStream.initializeSocket(SocketStream.java:104)
	at com.mongodb.internal.connection.SocketStream.open(SocketStream.java:79)
	... 3 common frames omitted
22:16:07.837 [main] DEBUG o.s.b.f.s.DefaultListableBeanFactory -Creating shared instance of singleton bean 'mappingMongoConverter'
22:16:07.838 [main] DEBUG o.s.b.f.s.DefaultListableBeanFactory -Creating shared instance of singleton bean 'org.springframework.boot.autoconfigure.data.mongo.MongoDataConfiguration'
22:16:07.841 [main] DEBUG o.s.b.f.s.DefaultListableBeanFactory -Creating shared instance of singleton bean 'mongoMappingContext'
22:16:07.843 [main] DEBUG o.s.b.f.s.DefaultListableBeanFactory -Creating shared instance of singleton bean 'mongoCustomConversions'
22:16:07.843 [cluster-ClusterId{value='693700cf575a2d441623f1a6', description='null'}-localhost:27017] DEBUG org.mongodb.driver.cluster -Updating cluster description to  {type=UNKNOWN, servers=[{address=localhost:27017, type=UNKNOWN, state=CONNECTING, exception={com.mongodb.MongoSocketOpenException: Exception opening socket}, caused by {java.net.ConnectException: Connection refused: getsockopt}}]
22:16:08.039 [main] DEBUG o.s.data.convert.CustomConversions -Adding converter from class java.util.Locale to class java.lang.String as writing converter
22:16:08.040 [main] DEBUG o.s.data.convert.CustomConversions -Adding converter from class java.lang.Character to class java.lang.String as writing converter
22:16:08.041 [main] DEBUG o.s.data.convert.CustomConversions -Adding converter from class java.math.BigDecimal to class java.lang.String as writing converter
22:16:08.042 [main] DEBUG o.s.data.convert.CustomConversions -Adding converter from class java.math.BigDecimal to class org.bson.types.Decimal128 as writing converter
22:16:08.043 [main] DEBUG o.s.data.convert.CustomConversions -Adding converter from class java.lang.String to class java.math.BigDecimal as reading converter
22:16:08.043 [main] DEBUG o.s.data.convert.CustomConversions -Adding converter from class org.bson.types.Decimal128 to class java.math.BigDecimal as reading converter
22:16:08.044 [main] DEBUG o.s.data.convert.CustomConversions -Adding converter from class java.math.BigInteger to class java.lang.String as writing converter
22:16:08.044 [main] DEBUG o.s.data.convert.CustomConversions -Adding converter from class java.lang.String to class java.math.BigInteger as reading converter
22:16:08.045 [main] DEBUG o.s.data.convert.CustomConversions -Adding converter from class java.net.URL to class java.lang.String as writing converter
22:16:08.045 [main] DEBUG o.s.data.convert.CustomConversions -Adding converter from class java.lang.String to class java.net.URL as reading converter
22:16:08.045 [main] DEBUG o.s.data.convert.CustomConversions -Adding converter from class org.bson.Document to class java.lang.String as reading converter
22:16:08.046 [main] DEBUG o.s.data.convert.CustomConversions -Adding converter from class org.springframework.data.mongodb.core.query.Term to class java.lang.String as writing converter
22:16:08.046 [main] DEBUG o.s.data.convert.CustomConversions -Adding converter from class org.springframework.data.mongodb.core.script.NamedMongoScript to class org.bson.Document as writing converter
22:16:08.047 [main] DEBUG o.s.data.convert.CustomConversions -Adding converter from class org.bson.Document to class org.springframework.data.mongodb.core.script.NamedMongoScript as reading converter
22:16:08.047 [main] DEBUG o.s.data.convert.CustomConversions -Adding converter from class java.util.Currency to class java.lang.String as writing converter
22:16:08.048 [main] DEBUG o.s.data.convert.CustomConversions -Adding converter from class java.lang.String to class java.util.Currency as reading converter
22:16:08.048 [main] DEBUG o.s.data.convert.CustomConversions -Adding converter from class java.util.concurrent.atomic.AtomicInteger to class java.lang.Integer as writing converter
22:16:08.048 [main] DEBUG o.s.data.convert.CustomConversions -Adding converter from class java.util.concurrent.atomic.AtomicLong to class java.lang.Long as writing converter
22:16:08.049 [main] DEBUG o.s.data.convert.CustomConversions -Adding converter from class java.lang.Long to class java.util.concurrent.atomic.AtomicLong as reading converter
22:16:08.049 [main] DEBUG o.s.data.convert.CustomConversions -Adding converter from class java.lang.Integer to class java.util.concurrent.atomic.AtomicInteger as reading converter
22:16:08.050 [main] DEBUG o.s.data.convert.CustomConversions -Adding converter from class org.bson.types.Binary to class [B as reading converter
22:16:08.050 [main] DEBUG o.s.data.convert.CustomConversions -Adding converter from class org.bson.BsonTimestamp to class java.time.Instant as reading converter
22:16:08.050 [main] DEBUG o.s.data.convert.CustomConversions -Adding converter from class org.bson.BsonUndefined to class java.lang.Object as reading converter
22:16:08.050 [main] DEBUG o.s.data.convert.CustomConversions -Adding converter from class java.lang.String to class java.net.URI as reading converter
22:16:08.051 [main] DEBUG o.s.data.convert.CustomConversions -Adding converter from class java.net.URI to class java.lang.String as writing converter
22:16:08.051 [main] DEBUG o.s.data.convert.CustomConversions -Adding converter from class org.springframework.data.geo.Box to class org.bson.Document as writing converter
22:16:08.052 [main] DEBUG o.s.data.convert.CustomConversions -Adding converter from class org.springframework.data.geo.Polygon to class org.bson.Document as writing converter
22:16:08.052 [main] DEBUG o.s.data.convert.CustomConversions -Adding converter from class org.springframework.data.geo.Circle to class org.bson.Document as writing converter
22:16:08.053 [main] DEBUG o.s.data.convert.CustomConversions -Adding converter from class org.springframework.data.mongodb.core.geo.Sphere to class org.bson.Document as writing converter
22:16:08.054 [main] DEBUG o.s.data.convert.CustomConversions -Adding converter from class org.bson.Document to class org.springframework.data.geo.Box as reading converter
22:16:08.054 [main] DEBUG o.s.data.convert.CustomConversions -Adding converter from class org.bson.Document to class org.springframework.data.geo.Polygon as reading converter
22:16:08.054 [main] DEBUG o.s.data.convert.CustomConversions -Adding converter from class org.bson.Document to class org.springframework.data.geo.Circle as reading converter
22:16:08.055 [main] DEBUG o.s.data.convert.CustomConversions -Adding converter from class org.bson.Document to class org.springframework.data.mongodb.core.geo.Sphere as reading converter
22:16:08.055 [main] DEBUG o.s.data.convert.CustomConversions -Adding converter from class org.bson.Document to class org.springframework.data.geo.Point as reading converter
22:16:08.055 [main] DEBUG o.s.data.convert.CustomConversions -Adding converter from class org.springframework.data.geo.Point to class org.bson.Document as writing converter
22:16:08.056 [main] DEBUG o.s.data.convert.CustomConversions -Adding converter from class org.springframework.data.mongodb.core.query.GeoCommand to class org.bson.Document as writing converter
22:16:08.057 [main] DEBUG o.s.data.convert.CustomConversions -Adding converter from interface org.springframework.data.mongodb.core.geo.GeoJson to class org.bson.Document as writing converter
22:16:08.057 [main] DEBUG o.s.data.convert.CustomConversions -Adding converter from class org.springframework.data.mongodb.core.geo.GeoJsonPoint to class org.bson.Document as writing converter
22:16:08.057 [main] DEBUG o.s.data.convert.CustomConversions -Adding converter from class org.springframework.data.mongodb.core.geo.GeoJsonPolygon to class org.bson.Document as writing converter
22:16:08.058 [main] DEBUG o.s.data.convert.CustomConversions -Adding converter from class org.bson.Document to class org.springframework.data.mongodb.core.geo.GeoJsonPoint as reading converter
22:16:08.058 [main] DEBUG o.s.data.convert.CustomConversions -Adding converter from class org.bson.Document to class org.springframework.data.mongodb.core.geo.GeoJsonPolygon as reading converter
22:16:08.059 [main] DEBUG o.s.data.convert.CustomConversions -Adding converter from class org.bson.Document to class org.springframework.data.mongodb.core.geo.GeoJsonLineString as reading converter
22:16:08.059 [main] DEBUG o.s.data.convert.CustomConversions -Adding converter from class org.bson.Document to class org.springframework.data.mongodb.core.geo.GeoJsonMultiLineString as reading converter
22:16:08.060 [main] DEBUG o.s.data.convert.CustomConversions -Adding converter from class org.bson.Document to class org.springframework.data.mongodb.core.geo.GeoJsonMultiPoint as reading converter
22:16:08.060 [main] DEBUG o.s.data.convert.CustomConversions -Adding converter from class org.bson.Document to class org.springframework.data.mongodb.core.geo.GeoJsonMultiPolygon as reading converter
22:16:08.060 [main] DEBUG o.s.data.convert.CustomConversions -Adding converter from class org.bson.Document to class org.springframework.data.mongodb.core.geo.GeoJsonGeometryCollection as reading converter
22:16:08.061 [main] DEBUG o.s.data.convert.CustomConversions -Adding converter from class org.bson.Document to interface org.springframework.data.mongodb.core.geo.GeoJson as reading converter
22:16:08.061 [main] DEBUG o.s.data.convert.CustomConversions -Adding converter from class java.util.Date to class java.time.LocalDateTime as reading converter
22:16:08.062 [main] DEBUG o.s.data.convert.CustomConversions -Adding converter from class java.time.LocalDateTime to class java.util.Date as writing converter
22:16:08.062 [main] DEBUG o.s.data.convert.CustomConversions -Adding converter from class java.util.Date to class java.time.LocalDate as reading converter
22:16:08.062 [main] DEBUG o.s.data.convert.CustomConversions -Adding converter from class java.time.LocalDate to class java.util.Date as writing converter
22:16:08.063 [main] DEBUG o.s.data.convert.CustomConversions -Adding converter from class java.util.Date to class java.time.LocalTime as reading converter
22:16:08.063 [main] DEBUG o.s.data.convert.CustomConversions -Adding converter from class java.time.LocalTime to class java.util.Date as writing converter
22:16:08.064 [main] DEBUG o.s.data.convert.CustomConversions -Adding converter from class java.util.Date to class java.time.Instant as reading converter
22:16:08.064 [main] DEBUG o.s.data.convert.CustomConversions -Adding converter from class java.time.Instant to class java.util.Date as writing converter
22:16:08.064 [main] DEBUG o.s.data.convert.CustomConversions -Skipping converter from class java.time.LocalDateTime to class java.time.Instant as reading converter class java.time.LocalDateTime is not a store supported simple type
22:16:08.065 [main] DEBUG o.s.data.convert.CustomConversions -Skipping converter from class java.time.Instant to class java.time.LocalDateTime as reading converter class java.time.Instant is not a store supported simple type
22:16:08.065 [main] DEBUG o.s.data.convert.CustomConversions -Adding converter from class java.time.ZoneId to class java.lang.String as writing converter
22:16:08.065 [main] DEBUG o.s.data.convert.CustomConversions -Adding converter from class java.lang.String to class java.time.ZoneId as reading converter
22:16:08.066 [main] DEBUG o.s.data.convert.CustomConversions -Adding converter from class java.time.Duration to class java.lang.String as writing converter
22:16:08.066 [main] DEBUG o.s.data.convert.CustomConversions -Adding converter from class java.lang.String to class java.time.Duration as reading converter
22:16:08.066 [main] DEBUG o.s.data.convert.CustomConversions -Adding converter from class java.time.Period to class java.lang.String as writing converter
22:16:08.067 [main] DEBUG o.s.data.convert.CustomConversions -Adding converter from class java.lang.String to class java.time.Period as reading converter
22:16:08.067 [main] DEBUG o.s.data.convert.CustomConversions -Adding converter from class java.lang.String to class java.time.LocalDate as reading converter
22:16:08.068 [main] DEBUG o.s.data.convert.CustomConversions -Adding converter from class java.lang.String to class java.time.LocalDateTime as reading converter
22:16:08.068 [main] DEBUG o.s.data.convert.CustomConversions -Adding converter from class java.lang.String to class java.time.Instant as reading converter
22:16:08.073 [main] DEBUG o.s.b.f.s.DefaultListableBeanFactory -Creating shared instance of singleton bean 'mongoManagedTypes'
22:16:08.075 [main] DEBUG o.s.b.f.s.DefaultListableBeanFactory -Autowiring by type from bean name 'mongoManagedTypes' via factory method to bean named 'org.springframework.web.context.support.GenericWebApplicationContext@25c5e994'
22:16:08.086 [main] DEBUG o.s.c.a.ClassPathScanningCandidateComponentProvider -Identified candidate component class: file [C:\Users\soham\Downloads\journalApp\journalApp\target\classes\com\journalingapp\soham\journalApp\entity\JournalEntry.class]
22:16:08.086 [main] DEBUG o.s.c.a.ClassPathScanningCandidateComponentProvider -Identified candidate component class: file [C:\Users\soham\Downloads\journalApp\journalApp\target\classes\com\journalingapp\soham\journalApp\entity\User.class]
22:16:08.091 [main] DEBUG o.s.b.f.s.DefaultListableBeanFactory -Autowiring by type from bean name 'mongoMappingContext' via factory method to bean named 'spring.data.mongodb-org.springframework.boot.autoconfigure.mongo.MongoProperties'
22:16:08.091 [main] DEBUG o.s.b.f.s.DefaultListableBeanFactory -Autowiring by type from bean name 'mongoMappingContext' via factory method to bean named 'mongoCustomConversions'
22:16:08.091 [main] DEBUG o.s.b.f.s.DefaultListableBeanFactory -Autowiring by type from bean name 'mongoMappingContext' via factory method to bean named 'mongoManagedTypes'
22:16:08.272 [main] DEBUG o.s.b.f.s.DefaultListableBeanFactory -Creating shared instance of singleton bean 'delegatingApplicationListener'
22:16:08.282 [main] DEBUG o.s.b.f.s.DefaultListableBeanFactory -Autowiring by type from bean name 'mappingMongoConverter' via factory method to bean named 'mongoMappingContext'
22:16:08.282 [main] DEBUG o.s.b.f.s.DefaultListableBeanFactory -Autowiring by type from bean name 'mappingMongoConverter' via factory method to bean named 'mongoCustomConversions'
22:16:08.304 [main] DEBUG o.s.data.convert.CustomConversions -Adding converter from class java.util.Locale to class java.lang.String as writing converter
22:16:08.305 [main] DEBUG o.s.data.convert.CustomConversions -Adding converter from class java.lang.Character to class java.lang.String as writing converter
22:16:08.305 [main] DEBUG o.s.data.convert.CustomConversions -Adding converter from class java.math.BigDecimal to class java.lang.String as writing converter
22:16:08.306 [main] DEBUG o.s.data.convert.CustomConversions -Adding converter from class java.math.BigDecimal to class org.bson.types.Decimal128 as writing converter
22:16:08.306 [main] DEBUG o.s.data.convert.CustomConversions -Adding converter from class java.lang.String to class java.math.BigDecimal as reading converter
22:16:08.306 [main] DEBUG o.s.data.convert.CustomConversions -Adding converter from class org.bson.types.Decimal128 to class java.math.BigDecimal as reading converter
22:16:08.306 [main] DEBUG o.s.data.convert.CustomConversions -Adding converter from class java.math.BigInteger to class java.lang.String as writing converter
22:16:08.306 [main] DEBUG o.s.data.convert.CustomConversions -Adding converter from class java.lang.String to class java.math.BigInteger as reading converter
22:16:08.307 [main] DEBUG o.s.data.convert.CustomConversions -Adding converter from class java.net.URL to class java.lang.String as writing converter
22:16:08.307 [main] DEBUG o.s.data.convert.CustomConversions -Adding converter from class java.lang.String to class java.net.URL as reading converter
22:16:08.307 [main] DEBUG o.s.data.convert.CustomConversions -Adding converter from class org.bson.Document to class java.lang.String as reading converter
22:16:08.307 [main] DEBUG o.s.data.convert.CustomConversions -Adding converter from class org.springframework.data.mongodb.core.query.Term to class java.lang.String as writing converter
22:16:08.308 [main] DEBUG o.s.data.convert.CustomConversions -Adding converter from class org.springframework.data.mongodb.core.script.NamedMongoScript to class org.bson.Document as writing converter
22:16:08.308 [main] DEBUG o.s.data.convert.CustomConversions -Adding converter from class org.bson.Document to class org.springframework.data.mongodb.core.script.NamedMongoScript as reading converter
22:16:08.308 [main] DEBUG o.s.data.convert.CustomConversions -Adding converter from class java.util.Currency to class java.lang.String as writing converter
22:16:08.309 [main] DEBUG o.s.data.convert.CustomConversions -Adding converter from class java.lang.String to class java.util.Currency as reading converter
22:16:08.309 [main] DEBUG o.s.data.convert.CustomConversions -Adding converter from class java.util.concurrent.atomic.AtomicInteger to class java.lang.Integer as writing converter
22:16:08.310 [main] DEBUG o.s.data.convert.CustomConversions -Adding converter from class java.util.concurrent.atomic.AtomicLong to class java.lang.Long as writing converter
22:16:08.310 [main] DEBUG o.s.data.convert.CustomConversions -Adding converter from class java.lang.Long to class java.util.concurrent.atomic.AtomicLong as reading converter
22:16:08.310 [main] DEBUG o.s.data.convert.CustomConversions -Adding converter from class java.lang.Integer to class java.util.concurrent.atomic.AtomicInteger as reading converter
22:16:08.310 [main] DEBUG o.s.data.convert.CustomConversions -Adding converter from class org.bson.types.Binary to class [B as reading converter
22:16:08.311 [main] DEBUG o.s.data.convert.CustomConversions -Adding converter from class org.bson.BsonTimestamp to class java.time.Instant as reading converter
22:16:08.311 [main] DEBUG o.s.data.convert.CustomConversions -Adding converter from class org.bson.BsonUndefined to class java.lang.Object as reading converter
22:16:08.312 [main] DEBUG o.s.data.convert.CustomConversions -Adding converter from class java.lang.String to class java.net.URI as reading converter
22:16:08.312 [main] DEBUG o.s.data.convert.CustomConversions -Adding converter from class java.net.URI to class java.lang.String as writing converter
22:16:08.313 [main] DEBUG o.s.data.convert.CustomConversions -Adding converter from class org.springframework.data.geo.Box to class org.bson.Document as writing converter
22:16:08.313 [main] DEBUG o.s.data.convert.CustomConversions -Adding converter from class org.springframework.data.geo.Polygon to class org.bson.Document as writing converter
22:16:08.313 [main] DEBUG o.s.data.convert.CustomConversions -Adding converter from class org.springframework.data.geo.Circle to class org.bson.Document as writing converter
22:16:08.314 [main] DEBUG o.s.data.convert.CustomConversions -Adding converter from class org.springframework.data.mongodb.core.geo.Sphere to class org.bson.Document as writing converter
22:16:08.314 [main] DEBUG o.s.data.convert.CustomConversions -Adding converter from class org.bson.Document to class org.springframework.data.geo.Box as reading converter
22:16:08.314 [main] DEBUG o.s.data.convert.CustomConversions -Adding converter from class org.bson.Document to class org.springframework.data.geo.Polygon as reading converter
22:16:08.315 [main] DEBUG o.s.data.convert.CustomConversions -Adding converter from class org.bson.Document to class org.springframework.data.geo.Circle as reading converter
22:16:08.315 [main] DEBUG o.s.data.convert.CustomConversions -Adding converter from class org.bson.Document to class org.springframework.data.mongodb.core.geo.Sphere as reading converter
22:16:08.315 [main] DEBUG o.s.data.convert.CustomConversions -Adding converter from class org.bson.Document to class org.springframework.data.geo.Point as reading converter
22:16:08.315 [main] DEBUG o.s.data.convert.CustomConversions -Adding converter from class org.springframework.data.geo.Point to class org.bson.Document as writing converter
22:16:08.315 [main] DEBUG o.s.data.convert.CustomConversions -Adding converter from class org.springframework.data.mongodb.core.query.GeoCommand to class org.bson.Document as writing converter
22:16:08.316 [main] DEBUG o.s.data.convert.CustomConversions -Adding converter from interface org.springframework.data.mongodb.core.geo.GeoJson to class org.bson.Document as writing converter
22:16:08.316 [main] DEBUG o.s.data.convert.CustomConversions -Adding converter from class org.springframework.data.mongodb.core.geo.GeoJsonPoint to class org.bson.Document as writing converter
22:16:08.317 [main] DEBUG o.s.data.convert.CustomConversions -Adding converter from class org.springframework.data.mongodb.core.geo.GeoJsonPolygon to class org.bson.Document as writing converter
22:16:08.317 [main] DEBUG o.s.data.convert.CustomConversions -Adding converter from class org.bson.Document to class org.springframework.data.mongodb.core.geo.GeoJsonPoint as reading converter
22:16:08.318 [main] DEBUG o.s.data.convert.CustomConversions -Adding converter from class org.bson.Document to class org.springframework.data.mongodb.core.geo.GeoJsonPolygon as reading converter
22:16:08.318 [main] DEBUG o.s.data.convert.CustomConversions -Adding converter from class org.bson.Document to class org.springframework.data.mongodb.core.geo.GeoJsonLineString as reading converter
22:16:08.318 [main] DEBUG o.s.data.convert.CustomConversions -Adding converter from class org.bson.Document to class org.springframework.data.mongodb.core.geo.GeoJsonMultiLineString as reading converter
22:16:08.319 [main] DEBUG o.s.data.convert.CustomConversions -Adding converter from class org.bson.Document to class org.springframework.data.mongodb.core.geo.GeoJsonMultiPoint as reading converter
22:16:08.319 [main] DEBUG o.s.data.convert.CustomConversions -Adding converter from class org.bson.Document to class org.springframework.data.mongodb.core.geo.GeoJsonMultiPolygon as reading converter
22:16:08.319 [main] DEBUG o.s.data.convert.CustomConversions -Adding converter from class org.bson.Document to class org.springframework.data.mongodb.core.geo.GeoJsonGeometryCollection as reading converter
22:16:08.319 [main] DEBUG o.s.data.convert.CustomConversions -Adding converter from class org.bson.Document to interface org.springframework.data.mongodb.core.geo.GeoJson as reading converter
22:16:08.320 [main] DEBUG o.s.data.convert.CustomConversions -Adding converter from class java.util.Date to class java.time.LocalDateTime as reading converter
22:16:08.320 [main] DEBUG o.s.data.convert.CustomConversions -Adding converter from class java.time.LocalDateTime to class java.util.Date as writing converter
22:16:08.320 [main] DEBUG o.s.data.convert.CustomConversions -Adding converter from class java.util.Date to class java.time.LocalDate as reading converter
22:16:08.320 [main] DEBUG o.s.data.convert.CustomConversions -Adding converter from class java.time.LocalDate to class java.util.Date as writing converter
22:16:08.321 [main] DEBUG o.s.data.convert.CustomConversions -Adding converter from class java.util.Date to class java.time.LocalTime as reading converter
22:16:08.321 [main] DEBUG o.s.data.convert.CustomConversions -Adding converter from class java.time.LocalTime to class java.util.Date as writing converter
22:16:08.321 [main] DEBUG o.s.data.convert.CustomConversions -Adding converter from class java.util.Date to class java.time.Instant as reading converter
22:16:08.321 [main] DEBUG o.s.data.convert.CustomConversions -Adding converter from class java.time.Instant to class java.util.Date as writing converter
22:16:08.321 [main] DEBUG o.s.data.convert.CustomConversions -Skipping converter from class java.time.LocalDateTime to class java.time.Instant as reading converter class java.time.LocalDateTime is not a store supported simple type
22:16:08.322 [main] DEBUG o.s.data.convert.CustomConversions -Skipping converter from class java.time.Instant to class java.time.LocalDateTime as reading converter class java.time.Instant is not a store supported simple type
22:16:08.322 [main] DEBUG o.s.data.convert.CustomConversions -Adding converter from class java.time.ZoneId to class java.lang.String as writing converter
22:16:08.322 [main] DEBUG o.s.data.convert.CustomConversions -Adding converter from class java.lang.String to class java.time.ZoneId as reading converter
22:16:08.322 [main] DEBUG o.s.data.convert.CustomConversions -Adding converter from class java.time.Duration to class java.lang.String as writing converter
22:16:08.323 [main] DEBUG o.s.data.convert.CustomConversions -Adding converter from class java.lang.String to class java.time.Duration as reading converter
22:16:08.323 [main] DEBUG o.s.data.convert.CustomConversions -Adding converter from class java.time.Period to class java.lang.String as writing converter
22:16:08.323 [main] DEBUG o.s.data.convert.CustomConversions -Adding converter from class java.lang.String to class java.time.Period as reading converter
22:16:08.323 [main] DEBUG o.s.data.convert.CustomConversions -Adding converter from class java.lang.String to class java.time.LocalDate as reading converter
22:16:08.323 [main] DEBUG o.s.data.convert.CustomConversions -Adding converter from class java.lang.String to class java.time.LocalDateTime as reading converter
22:16:08.324 [main] DEBUG o.s.data.convert.CustomConversions -Adding converter from class java.lang.String to class java.time.Instant as reading converter
22:16:08.395 [main] DEBUG o.s.b.f.s.DefaultListableBeanFactory -Autowiring by type from bean name 'mongoTemplate' via factory method to bean named 'mongoDatabaseFactory'
22:16:08.395 [main] DEBUG o.s.b.f.s.DefaultListableBeanFactory -Autowiring by type from bean name 'mongoTemplate' via factory method to bean named 'mappingMongoConverter'
22:16:08.550 [main] DEBUG o.s.d.r.c.s.RepositoryFactorySupport -Initializing repository instance for com.journalingapp.soham.journalApp.repository.UserRepository…
22:16:08.709 [main] DEBUG o.s.d.r.c.s.RepositoryFactorySupport -Finished creation of repository instance for com.journalingapp.soham.journalApp.repository.UserRepository.
22:16:08.712 [main] DEBUG o.s.b.f.s.DefaultListableBeanFactory -Autowiring by type from bean name 'springSecurity' via constructor to bean named 'userDetailsServiceImpl'
22:16:08.713 [main] DEBUG o.s.b.f.s.DefaultListableBeanFactory -Creating shared instance of singleton bean 'adminController'
22:16:08.718 [main] DEBUG o.s.b.f.s.DefaultListableBeanFactory -Creating shared instance of singleton bean 'userService'
22:16:08.721 [main] DEBUG o.s.b.f.s.DefaultListableBeanFactory -Creating shared instance of singleton bean 'journalEntryController'
22:16:08.726 [main] DEBUG o.s.b.f.s.DefaultListableBeanFactory -Creating shared instance of singleton bean 'journalEntryService'
22:16:08.728 [main] DEBUG o.s.b.f.s.DefaultListableBeanFactory -Creating shared instance of singleton bean 'journalEntryRepository'
22:16:08.729 [main] DEBUG o.s.b.f.s.DefaultListableBeanFactory -Creating shared instance of singleton bean 'mongo.named-queries#1'
22:16:08.731 [main] DEBUG o.s.b.f.s.DefaultListableBeanFactory -Creating shared instance of singleton bean 'mongodb.JournalEntryRepository.fragments#0'
22:16:08.732 [main] DEBUG o.s.d.r.c.s.RepositoryFactorySupport -Initializing repository instance for com.journalingapp.soham.journalApp.repository.JournalEntryRepository…
22:16:08.741 [main] DEBUG o.s.d.r.c.s.RepositoryFactorySupport -Finished creation of repository instance for com.journalingapp.soham.journalApp.repository.JournalEntryRepository.
22:16:08.743 [main] DEBUG o.s.b.f.s.DefaultListableBeanFactory -Creating shared instance of singleton bean 'publicController'
22:16:08.744 [main] DEBUG o.s.b.f.s.DefaultListableBeanFactory -Creating shared instance of singleton bean 'userController'
22:16:08.745 [main] DEBUG o.s.b.f.s.DefaultListableBeanFactory -Creating shared instance of singleton bean 'org.springframework.security.config.annotation.configuration.ObjectPostProcessorConfiguration'
22:16:08.746 [main] DEBUG o.s.b.f.s.DefaultListableBeanFactory -Creating shared instance of singleton bean 'objectPostProcessor'
22:16:08.747 [main] DEBUG o.s.b.f.s.DefaultListableBeanFactory -Autowiring by type from bean name 'objectPostProcessor' via factory method to bean named 'org.springframework.beans.factory.support.DefaultListableBeanFactory@185f7840'
22:16:08.751 [main] DEBUG o.s.b.f.s.DefaultListableBeanFactory -Creating shared instance of singleton bean 'org.springframework.security.config.annotation.authentication.configuration.AuthenticationConfiguration'
22:16:08.757 [main] DEBUG o.s.b.f.s.DefaultListableBeanFactory -Creating shared instance of singleton bean 'enableGlobalAuthenticationAutowiredConfigurer'
22:16:08.758 [main] DEBUG o.s.b.f.s.DefaultListableBeanFactory -Autowiring by type from bean name 'enableGlobalAuthenticationAutowiredConfigurer' via factory method to bean named 'org.springframework.web.context.support.GenericWebApplicationContext@25c5e994'
22:16:08.759 [main] DEBUG o.s.b.f.s.DefaultListableBeanFactory -Creating shared instance of singleton bean 'initializeUserDetailsBeanManagerConfigurer'
22:16:08.760 [main] DEBUG o.s.b.f.s.DefaultListableBeanFactory -Autowiring by type from bean name 'initializeUserDetailsBeanManagerConfigurer' via factory method to bean named 'org.springframework.web.context.support.GenericWebApplicationContext@25c5e994'
22:16:08.761 [main] DEBUG o.s.b.f.s.DefaultListableBeanFactory -Creating shared instance of singleton bean 'initializeAuthenticationProviderBeanManagerConfigurer'
22:16:08.762 [main] DEBUG o.s.b.f.s.DefaultListableBeanFactory -Autowiring by type from bean name 'initializeAuthenticationProviderBeanManagerConfigurer' via factory method to bean named 'org.springframework.web.context.support.GenericWebApplicationContext@25c5e994'
22:16:08.765 [main] DEBUG o.s.b.f.s.DefaultListableBeanFactory -Creating shared instance of singleton bean 'authenticationManagerBuilder'
22:16:08.766 [main] DEBUG o.s.b.f.s.DefaultListableBeanFactory -Autowiring by type from bean name 'authenticationManagerBuilder' via factory method to bean named 'objectPostProcessor'
22:16:08.766 [main] DEBUG o.s.b.f.s.DefaultListableBeanFactory -Autowiring by type from bean name 'authenticationManagerBuilder' via factory method to bean named 'org.springframework.web.context.support.GenericWebApplicationContext@25c5e994'
22:16:08.768 [main] DEBUG o.s.b.f.s.DefaultListableBeanFactory -Creating shared instance of singleton bean 'authenticationEventPublisher'
22:16:08.768 [main] DEBUG o.s.b.f.s.DefaultListableBeanFactory -Creating shared instance of singleton bean 'org.springframework.boot.autoconfigure.security.servlet.SecurityAutoConfiguration'
22:16:08.770 [main] DEBUG o.s.b.f.s.DefaultListableBeanFactory -Autowiring by type from bean name 'authenticationEventPublisher' via factory method to bean named 'org.springframework.web.context.support.GenericWebApplicationContext@25c5e994'
22:16:08.789 [main] DEBUG o.s.b.f.s.DefaultListableBeanFactory -Creating shared instance of singleton bean 'org.springframework.security.config.annotation.web.configuration.WebSecurityConfiguration'
22:16:08.793 [main] DEBUG o.s.b.f.s.DefaultListableBeanFactory -Creating shared instance of singleton bean 'org.springframework.security.config.annotation.web.configuration.HttpSecurityConfiguration'
22:16:08.803 [main] DEBUG o.s.b.f.s.DefaultListableBeanFactory -Creating shared instance of singleton bean 'mvcContentNegotiationManager'
22:16:08.804 [main] DEBUG o.s.b.f.s.DefaultListableBeanFactory -Creating shared instance of singleton bean 'org.springframework.boot.autoconfigure.web.servlet.WebMvcAutoConfiguration$EnableWebMvcConfiguration'
22:16:08.805 [main] DEBUG o.s.b.f.s.DefaultListableBeanFactory -Creating shared instance of singleton bean 'spring.mvc-org.springframework.boot.autoconfigure.web.servlet.WebMvcProperties'
22:16:08.826 [main] DEBUG o.s.b.f.s.DefaultListableBeanFactory -Creating shared instance of singleton bean 'spring.web-org.springframework.boot.autoconfigure.web.WebProperties'
22:16:08.842 [main] DEBUG o.s.b.f.s.DefaultListableBeanFactory -Autowiring by type from bean name 'org.springframework.boot.autoconfigure.web.servlet.WebMvcAutoConfiguration$EnableWebMvcConfiguration' via constructor to bean named 'spring.mvc-org.springframework.boot.autoconfigure.web.servlet.WebMvcProperties'
22:16:08.843 [main] DEBUG o.s.b.f.s.DefaultListableBeanFactory -Autowiring by type from bean name 'org.springframework.boot.autoconfigure.web.servlet.WebMvcAutoConfiguration$EnableWebMvcConfiguration' via constructor to bean named 'spring.web-org.springframework.boot.autoconfigure.web.WebProperties'
22:16:08.843 [main] DEBUG o.s.b.f.s.DefaultListableBeanFactory -Autowiring by type from bean name 'org.springframework.boot.autoconfigure.web.servlet.WebMvcAutoConfiguration$EnableWebMvcConfiguration' via constructor to bean named 'org.springframework.beans.factory.support.DefaultListableBeanFactory@185f7840'
22:16:08.856 [main] DEBUG o.s.b.f.s.DefaultListableBeanFactory -Creating shared instance of singleton bean 'org.springframework.security.config.annotation.web.configuration.WebMvcSecurityConfiguration'
22:16:08.859 [main] DEBUG o.s.b.f.s.DefaultListableBeanFactory -Creating shared instance of singleton bean 'org.springframework.boot.autoconfigure.web.servlet.WebMvcAutoConfiguration$WebMvcAutoConfigurationAdapter'
22:16:08.861 [main] DEBUG o.s.b.f.s.DefaultListableBeanFactory -Autowiring by type from bean name 'org.springframework.boot.autoconfigure.web.servlet.WebMvcAutoConfiguration$WebMvcAutoConfigurationAdapter' via constructor to bean named 'spring.web-org.springframework.boot.autoconfigure.web.WebProperties'
22:16:08.862 [main] DEBUG o.s.b.f.s.DefaultListableBeanFactory -Autowiring by type from bean name 'org.springframework.boot.autoconfigure.web.servlet.WebMvcAutoConfiguration$WebMvcAutoConfigurationAdapter' via constructor to bean named 'spring.mvc-org.springframework.boot.autoconfigure.web.servlet.WebMvcProperties'
22:16:08.862 [main] DEBUG o.s.b.f.s.DefaultListableBeanFactory -Autowiring by type from bean name 'org.springframework.boot.autoconfigure.web.servlet.WebMvcAutoConfiguration$WebMvcAutoConfigurationAdapter' via constructor to bean named 'org.springframework.beans.factory.support.DefaultListableBeanFactory@185f7840'
22:16:08.864 [main] DEBUG o.s.b.f.s.DefaultListableBeanFactory -Creating shared instance of singleton bean 'org.springframework.data.web.config.SpringDataWebConfiguration'
22:16:08.866 [main] DEBUG o.s.b.f.s.DefaultListableBeanFactory -Autowiring by type from bean name 'org.springframework.data.web.config.SpringDataWebConfiguration' via constructor to bean named 'org.springframework.web.context.support.GenericWebApplicationContext@25c5e994'
22:16:08.903 [main] DEBUG o.s.b.f.s.DefaultListableBeanFactory -Creating shared instance of singleton bean 'passwordEncoder'
22:16:08.927 [main] INFO  o.s.s.c.a.a.c.InitializeUserDetailsBeanManagerConfigurer$InitializeUserDetailsManagerConfigurer -Global AuthenticationManager configured with UserDetailsService bean with name userDetailsServiceImpl
22:16:09.084 [main] DEBUG o.s.b.f.s.DefaultListableBeanFactory -Creating shared instance of singleton bean 'filterChainDecoratorPostProcessor'
22:16:09.088 [main] DEBUG o.s.b.f.s.DefaultListableBeanFactory -Creating shared instance of singleton bean 'mvcHandlerMappingIntrospectorRequestTransformer'
22:16:09.089 [main] DEBUG o.s.b.f.s.DefaultListableBeanFactory -Creating shared instance of singleton bean 'mvcHandlerMappingIntrospector'
22:16:09.105 [main] DEBUG o.s.b.f.s.DefaultListableBeanFactory -Creating shared instance of singleton bean 'welcomePageHandlerMapping'
22:16:09.106 [main] DEBUG o.s.b.f.s.DefaultListableBeanFactory -Creating shared instance of singleton bean 'mvcConversionService'
22:16:09.123 [main] DEBUG o.s.b.f.s.DefaultListableBeanFactory -Creating shared instance of singleton bean 'mvcResourceUrlProvider'
22:16:09.127 [main] DEBUG o.s.b.f.s.DefaultListableBeanFactory -Autowiring by type from bean name 'welcomePageHandlerMapping' via factory method to bean named 'org.springframework.web.context.support.GenericWebApplicationContext@25c5e994'
22:16:09.128 [main] DEBUG o.s.b.f.s.DefaultListableBeanFactory -Autowiring by type from bean name 'welcomePageHandlerMapping' via factory method to bean named 'mvcConversionService'
22:16:09.128 [main] DEBUG o.s.b.f.s.DefaultListableBeanFactory -Autowiring by type from bean name 'welcomePageHandlerMapping' via factory method to bean named 'mvcResourceUrlProvider'
22:16:09.161 [main] DEBUG o.s.b.f.s.DefaultListableBeanFactory -Creating shared instance of singleton bean 'welcomePageNotAcceptableHandlerMapping'
22:16:09.162 [main] DEBUG o.s.b.f.s.DefaultListableBeanFactory -Autowiring by type from bean name 'welcomePageNotAcceptableHandlerMapping' via factory method to bean named 'org.springframework.web.context.support.GenericWebApplicationContext@25c5e994'
22:16:09.162 [main] DEBUG o.s.b.f.s.DefaultListableBeanFactory -Autowiring by type from bean name 'welcomePageNotAcceptableHandlerMapping' via factory method to bean named 'mvcConversionService'
22:16:09.162 [main] DEBUG o.s.b.f.s.DefaultListableBeanFactory -Autowiring by type from bean name 'welcomePageNotAcceptableHandlerMapping' via factory method to bean named 'mvcResourceUrlProvider'
22:16:09.169 [main] DEBUG o.s.b.f.s.DefaultListableBeanFactory -Creating shared instance of singleton bean 'requestMappingHandlerMapping'
22:16:09.171 [main] DEBUG o.s.b.f.s.DefaultListableBeanFactory -Autowiring by type from bean name 'requestMappingHandlerMapping' via factory method to bean named 'mvcContentNegotiationManager'
22:16:09.172 [main] DEBUG o.s.b.f.s.DefaultListableBeanFactory -Autowiring by type from bean name 'requestMappingHandlerMapping' via factory method to bean named 'mvcConversionService'
22:16:09.172 [main] DEBUG o.s.b.f.s.DefaultListableBeanFactory -Autowiring by type from bean name 'requestMappingHandlerMapping' via factory method to bean named 'mvcResourceUrlProvider'
22:16:09.270 [main] DEBUG _.s.w.s.HandlerMapping.Mappings -
	c.j.s.j.c.AdminController:
	{GET [/admin/all-users]}: getAllUsers()
	{POST [/admin/create-admin-user]}: createAdminUser(User)
22:16:09.287 [main] DEBUG _.s.w.s.HandlerMapping.Mappings -
	c.j.s.j.c.JournalEntryController:
	{POST [/journal]}: createEntry(JournalEntry)
	{PUT [/journal/id/{myId}]}: updateJournalById(ObjectId,JournalEntry)
	{DELETE [/journal/id/{myId}]}: deleteJournalEntryById(ObjectId)
	{GET [/journal/id/{myId}]}: getJournalEntryById(ObjectId)
	{GET [/journal]}: getAllJournalEntrinesOfUser()
22:16:09.293 [main] DEBUG _.s.w.s.HandlerMapping.Mappings -
	c.j.s.j.c.PublicController:
	{GET [/public/health-check]}: healthCheck()
	{POST [/public/create-user]}: createUser(User)
22:16:09.295 [main] DEBUG _.s.w.s.HandlerMapping.Mappings -
	c.j.s.j.c.UserController:
	{DELETE [/user]}: deleteUser()
	{PUT [/user]}: updateUser(User)
22:16:09.312 [main] DEBUG _.s.w.s.HandlerMapping.Mappings -
	o.s.b.a.w.s.e.BasicErrorController:
	{ [/error]}: error(HttpServletRequest)
	{ [/error], produces [text/html]}: errorHtml(HttpServletRequest,HttpServletResponse)
22:16:09.321 [main] DEBUG o.s.w.s.m.m.a.RequestMappingHandlerMapping -13 mappings in 'requestMappingHandlerMapping'
22:16:09.322 [main] DEBUG o.s.b.f.s.DefaultListableBeanFactory -Creating shared instance of singleton bean 'viewControllerHandlerMapping'
22:16:09.323 [main] DEBUG o.s.b.f.s.DefaultListableBeanFactory -Autowiring by type from bean name 'viewControllerHandlerMapping' via factory method to bean named 'mvcConversionService'
22:16:09.323 [main] DEBUG o.s.b.f.s.DefaultListableBeanFactory -Autowiring by type from bean name 'viewControllerHandlerMapping' via factory method to bean named 'mvcResourceUrlProvider'
22:16:09.324 [main] DEBUG o.s.b.f.s.DefaultListableBeanFactory -Creating shared instance of singleton bean 'beanNameHandlerMapping'
22:16:09.326 [main] DEBUG o.s.b.f.s.DefaultListableBeanFactory -Autowiring by type from bean name 'beanNameHandlerMapping' via factory method to bean named 'mvcConversionService'
22:16:09.326 [main] DEBUG o.s.b.f.s.DefaultListableBeanFactory -Autowiring by type from bean name 'beanNameHandlerMapping' via factory method to bean named 'mvcResourceUrlProvider'
22:16:09.329 [main] DEBUG _.s.w.s.HandlerMapping.Mappings -'beanNameHandlerMapping' {}
22:16:09.330 [main] DEBUG o.s.b.f.s.DefaultListableBeanFactory -Creating shared instance of singleton bean 'routerFunctionMapping'
22:16:09.331 [main] DEBUG o.s.b.f.s.DefaultListableBeanFactory -Autowiring by type from bean name 'routerFunctionMapping' via factory method to bean named 'mvcConversionService'
22:16:09.331 [main] DEBUG o.s.b.f.s.DefaultListableBeanFactory -Autowiring by type from bean name 'routerFunctionMapping' via factory method to bean named 'mvcResourceUrlProvider'
22:16:09.333 [main] DEBUG o.s.b.f.s.DefaultListableBeanFactory -Creating shared instance of singleton bean 'messageConverters'
22:16:09.333 [main] DEBUG o.s.b.f.s.DefaultListableBeanFactory -Creating shared instance of singleton bean 'org.springframework.boot.autoconfigure.http.HttpMessageConvertersAutoConfiguration'
22:16:09.339 [main] DEBUG o.s.b.f.s.DefaultListableBeanFactory -Creating shared instance of singleton bean 'stringHttpMessageConverter'
22:16:09.340 [main] DEBUG o.s.b.f.s.DefaultListableBeanFactory -Creating shared instance of singleton bean 'org.springframework.boot.autoconfigure.http.HttpMessageConvertersAutoConfiguration$StringHttpMessageConverterConfiguration'
22:16:09.340 [main] DEBUG o.s.b.f.s.DefaultListableBeanFactory -Autowiring by type from bean name 'stringHttpMessageConverter' via factory method to bean named 'environment'
22:16:09.350 [main] DEBUG o.s.b.f.s.DefaultListableBeanFactory -Creating shared instance of singleton bean 'mappingJackson2HttpMessageConverter'
22:16:09.351 [main] DEBUG o.s.b.f.s.DefaultListableBeanFactory -Creating shared instance of singleton bean 'org.springframework.boot.autoconfigure.http.JacksonHttpMessageConvertersConfiguration$MappingJackson2HttpMessageConverterConfiguration'
22:16:09.353 [main] DEBUG o.s.b.f.s.DefaultListableBeanFactory -Creating shared instance of singleton bean 'jacksonObjectMapper'
22:16:09.353 [main] DEBUG o.s.b.f.s.DefaultListableBeanFactory -Creating shared instance of singleton bean 'org.springframework.boot.autoconfigure.jackson.JacksonAutoConfiguration$JacksonObjectMapperConfiguration'
22:16:09.355 [main] DEBUG o.s.b.f.s.DefaultListableBeanFactory -Creating shared instance of singleton bean 'org.springframework.boot.autoconfigure.jackson.JacksonAutoConfiguration$JacksonObjectMapperBuilderConfiguration'
22:16:09.356 [main] DEBUG o.s.b.f.s.DefaultListableBeanFactory -Creating shared instance of singleton bean 'standardJacksonObjectMapperBuilderCustomizer'
22:16:09.357 [main] DEBUG o.s.b.f.s.DefaultListableBeanFactory -Creating shared instance of singleton bean 'org.springframework.boot.autoconfigure.jackson.JacksonAutoConfiguration$Jackson2ObjectMapperBuilderCustomizerConfiguration'
22:16:09.358 [main] DEBUG o.s.b.f.s.DefaultListableBeanFactory -Creating shared instance of singleton bean 'spring.jackson-org.springframework.boot.autoconfigure.jackson.JacksonProperties'
22:16:09.370 [main] DEBUG o.s.b.f.s.DefaultListableBeanFactory -Autowiring by type from bean name 'standardJacksonObjectMapperBuilderCustomizer' via factory method to bean named 'spring.jackson-org.springframework.boot.autoconfigure.jackson.JacksonProperties'
22:16:09.372 [main] DEBUG o.s.b.f.s.DefaultListableBeanFactory -Creating shared instance of singleton bean 'parameterNamesModule'
22:16:09.373 [main] DEBUG o.s.b.f.s.DefaultListableBeanFactory -Creating shared instance of singleton bean 'org.springframework.boot.autoconfigure.jackson.JacksonAutoConfiguration$ParameterNamesModuleConfiguration'
22:16:09.388 [main] DEBUG o.s.b.f.s.DefaultListableBeanFactory -Creating shared instance of singleton bean 'jsonMixinModule'
22:16:09.389 [main] DEBUG o.s.b.f.s.DefaultListableBeanFactory -Creating shared instance of singleton bean 'org.springframework.boot.autoconfigure.jackson.JacksonAutoConfiguration$JacksonMixinConfiguration'
22:16:09.390 [main] DEBUG o.s.b.f.s.DefaultListableBeanFactory -Creating shared instance of singleton bean 'jsonMixinModuleEntries'
22:16:09.390 [main] DEBUG o.s.b.f.s.DefaultListableBeanFactory -Autowiring by type from bean name 'jsonMixinModuleEntries' via factory method to bean named 'org.springframework.web.context.support.GenericWebApplicationContext@25c5e994'
22:16:09.414 [main] DEBUG o.s.b.f.s.DefaultListableBeanFactory -Autowiring by type from bean name 'jsonMixinModule' via factory method to bean named 'org.springframework.web.context.support.GenericWebApplicationContext@25c5e994'
22:16:09.414 [main] DEBUG o.s.b.f.s.DefaultListableBeanFactory -Autowiring by type from bean name 'jsonMixinModule' via factory method to bean named 'jsonMixinModuleEntries'
22:16:09.418 [main] DEBUG o.s.b.f.s.DefaultListableBeanFactory -Creating shared instance of singleton bean 'jsonComponentModule'
22:16:09.418 [main] DEBUG o.s.b.f.s.DefaultListableBeanFactory -Creating shared instance of singleton bean 'org.springframework.boot.autoconfigure.jackson.JacksonAutoConfiguration'
22:16:09.426 [main] DEBUG o.s.b.f.s.DefaultListableBeanFactory -Creating shared instance of singleton bean 'geoJsonModule'
22:16:09.427 [main] DEBUG o.s.b.f.s.DefaultListableBeanFactory -Creating shared instance of singleton bean 'org.springframework.data.mongodb.config.GeoJsonConfiguration'
22:16:09.437 [main] DEBUG o.s.b.f.s.DefaultListableBeanFactory -Creating shared instance of singleton bean 'jacksonGeoModule'
22:16:09.438 [main] DEBUG o.s.b.f.s.DefaultListableBeanFactory -Creating shared instance of singleton bean 'org.springframework.data.web.config.SpringDataJacksonConfiguration'
22:16:09.440 [main] DEBUG o.s.b.f.s.DefaultListableBeanFactory -Creating shared instance of singleton bean 'springDataWebSettings'
22:16:09.441 [main] DEBUG o.s.b.f.s.DefaultListableBeanFactory -Creating shared instance of singleton bean 'org.springframework.boot.autoconfigure.data.web.SpringDataWebAutoConfiguration'
22:16:09.442 [main] DEBUG o.s.b.f.s.DefaultListableBeanFactory -Creating shared instance of singleton bean 'spring.data.web-org.springframework.boot.autoconfigure.data.web.SpringDataWebProperties'
22:16:09.445 [main] DEBUG o.s.b.f.s.DefaultListableBeanFactory -Autowiring by type from bean name 'org.springframework.boot.autoconfigure.data.web.SpringDataWebAutoConfiguration' via constructor to bean named 'spring.data.web-org.springframework.boot.autoconfigure.data.web.SpringDataWebProperties'
22:16:09.451 [main] DEBUG o.s.b.f.s.DefaultListableBeanFactory -Creating shared instance of singleton bean 'pageModule'
22:16:09.456 [main] DEBUG o.s.b.f.s.DefaultListableBeanFactory -Autowiring by type from bean name 'jacksonObjectMapperBuilder' via factory method to bean named 'org.springframework.web.context.support.GenericWebApplicationContext@25c5e994'
22:16:09.456 [main] DEBUG o.s.b.f.s.DefaultListableBeanFactory -Autowiring by type from bean name 'jacksonObjectMapperBuilder' via factory method to bean named 'standardJacksonObjectMapperBuilderCustomizer'
22:16:09.461 [main] DEBUG o.s.b.f.s.DefaultListableBeanFactory -Autowiring by type from bean name 'jacksonObjectMapper' via factory method to bean named 'jacksonObjectMapperBuilder'
22:16:09.482 [main] DEBUG o.s.b.f.s.DefaultListableBeanFactory -Autowiring by type from bean name 'mappingJackson2HttpMessageConverter' via factory method to bean named 'jacksonObjectMapper'
22:16:09.589 [main] DEBUG o.s.b.f.s.DefaultListableBeanFactory -Creating shared instance of singleton bean 'resourceHandlerMapping'
22:16:09.590 [main] DEBUG o.s.b.f.s.DefaultListableBeanFactory -Autowiring by type from bean name 'resourceHandlerMapping' via factory method to bean named 'mvcContentNegotiationManager'
22:16:09.591 [main] DEBUG o.s.b.f.s.DefaultListableBeanFactory -Autowiring by type from bean name 'resourceHandlerMapping' via factory method to bean named 'mvcConversionService'
22:16:09.591 [main] DEBUG o.s.b.f.s.DefaultListableBeanFactory -Autowiring by type from bean name 'resourceHandlerMapping' via factory method to bean named 'mvcResourceUrlProvider'
22:16:09.629 [main] DEBUG _.s.w.s.HandlerMapping.Mappings -'resourceHandlerMapping' {/webjars/**=ResourceHttpRequestHandler [classpath [META-INF/resources/webjars/]], /**=ResourceHttpRequestHandler [classpath [META-INF/resources/], classpath [resources/], classpath [static/], classpath [public/], ServletContext [/]]}
22:16:09.630 [main] DEBUG o.s.b.f.s.DefaultListableBeanFactory -Creating shared instance of singleton bean 'defaultServletHandlerMapping'
22:16:09.640 [main] DEBUG o.s.b.f.s.DefaultListableBeanFactory -Creating shared instance of singleton bean 'securityFilterChain'
22:16:09.641 [main] DEBUG o.s.b.f.s.DefaultListableBeanFactory -Autowiring by type from bean name 'securityFilterChain' via factory method to bean named 'org.springframework.security.config.annotation.web.configuration.HttpSecurityConfiguration.httpSecurity'
22:16:09.654 [main] DEBUG o.s.b.f.s.DefaultListableBeanFactory -Creating shared instance of singleton bean 'webAuthorizationManagerPostProcessor'
22:16:09.695 [main] DEBUG o.s.b.f.s.DefaultListableBeanFactory -Creating shared instance of singleton bean 'authenticationManagerPostProcessor'
22:16:09.734 [main] DEBUG o.s.s.web.DefaultSecurityFilterChain -Will secure any request with filters: DisableEncodeUrlFilter, WebAsyncManagerIntegrationFilter, SecurityContextHolderFilter, HeaderWriterFilter, LogoutFilter, BasicAuthenticationFilter, RequestCacheAwareFilter, SecurityContextHolderAwareRequestFilter, AnonymousAuthenticationFilter, SessionManagementFilter, ExceptionTranslationFilter, AuthorizationFilter
22:16:09.738 [main] DEBUG o.s.b.f.s.DefaultListableBeanFactory -Creating shared instance of singleton bean 'springSecurityFilterChain'
22:16:09.760 [main] DEBUG o.s.b.f.s.DefaultListableBeanFactory -Creating shared instance of singleton bean 'webSecurityExpressionHandler'
22:16:09.761 [main] DEBUG o.s.b.f.s.DefaultListableBeanFactory -Creating shared instance of singleton bean 'privilegeEvaluator'
22:16:09.762 [main] DEBUG o.s.b.f.s.DefaultListableBeanFactory -Creating shared instance of singleton bean 'requestDataValueProcessor'
22:16:09.764 [main] DEBUG o.s.b.f.s.DefaultListableBeanFactory -Creating shared instance of singleton bean 'org.springframework.security.config.annotation.web.configuration.ObservationConfiguration'
22:16:09.765 [main] DEBUG o.s.b.f.s.DefaultListableBeanFactory -Creating shared instance of singleton bean 'authenticationManager'
22:16:09.797 [main] DEBUG o.s.b.f.s.DefaultListableBeanFactory -Creating shared instance of singleton bean 'org.springframework.boot.autoconfigure.context.PropertyPlaceholderAutoConfiguration'
22:16:09.798 [main] DEBUG o.s.b.f.s.DefaultListableBeanFactory -Creating shared instance of singleton bean 'org.springframework.boot.context.properties.EnableConfigurationPropertiesRegistrar.methodValidationExcludeFilter'
22:16:09.802 [main] DEBUG o.s.b.f.s.DefaultListableBeanFactory -Creating shared instance of singleton bean 'org.springframework.boot.autoconfigure.websocket.servlet.WebSocketServletAutoConfiguration$TomcatWebSocketConfiguration'
22:16:09.803 [main] DEBUG o.s.b.f.s.DefaultListableBeanFactory -Creating shared instance of singleton bean 'websocketServletWebServerCustomizer'
22:16:09.810 [main] DEBUG o.s.b.f.s.DefaultListableBeanFactory -Creating shared instance of singleton bean 'org.springframework.boot.autoconfigure.websocket.servlet.WebSocketServletAutoConfiguration'
22:16:09.811 [main] DEBUG o.s.b.f.s.DefaultListableBeanFactory -Creating shared instance of singleton bean 'org.springframework.boot.autoconfigure.web.servlet.ServletWebServerFactoryAutoConfiguration$TomcatConfiguration'
22:16:09.812 [main] DEBUG o.s.b.f.s.DefaultListableBeanFactory -Creating shared instance of singleton bean 'tomcatServletWebServerFactoryCustomizer'
22:16:09.813 [main] DEBUG o.s.b.f.s.DefaultListableBeanFactory -Creating shared instance of singleton bean 'server-org.springframework.boot.autoconfigure.web.ServerProperties'
22:16:09.854 [main] DEBUG o.s.b.f.s.DefaultListableBeanFactory -Autowiring by type from bean name 'tomcatServletWebServerFactoryCustomizer' via factory method to bean named 'server-org.springframework.boot.autoconfigure.web.ServerProperties'
22:16:09.856 [main] DEBUG o.s.b.f.s.DefaultListableBeanFactory -Creating shared instance of singleton bean 'org.springframework.boot.autoconfigure.web.servlet.ServletWebServerFactoryConfiguration$EmbeddedTomcat'
22:16:09.857 [main] DEBUG o.s.b.f.s.DefaultListableBeanFactory -Creating shared instance of singleton bean 'tomcatServletWebServerFactory'
22:16:09.911 [main] DEBUG o.s.b.f.s.DefaultListableBeanFactory -Creating shared instance of singleton bean 'servletWebServerFactoryCustomizer'
22:16:09.911 [main] DEBUG o.s.b.f.s.DefaultListableBeanFactory -Creating shared instance of singleton bean 'org.springframework.boot.autoconfigure.web.servlet.ServletWebServerFactoryAutoConfiguration'
22:16:09.913 [main] DEBUG o.s.b.f.s.DefaultListableBeanFactory -Autowiring by type from bean name 'servletWebServerFactoryCustomizer' via factory method to bean named 'server-org.springframework.boot.autoconfigure.web.ServerProperties'
22:16:09.915 [main] DEBUG o.s.b.f.s.DefaultListableBeanFactory -Creating shared instance of singleton bean 'localeCharsetMappingsCustomizer'
22:16:09.915 [main] DEBUG o.s.b.f.s.DefaultListableBeanFactory -Creating shared instance of singleton bean 'org.springframework.boot.autoconfigure.web.servlet.HttpEncodingAutoConfiguration'
22:16:09.916 [main] DEBUG o.s.b.f.s.DefaultListableBeanFactory -Autowiring by type from bean name 'org.springframework.boot.autoconfigure.web.servlet.HttpEncodingAutoConfiguration' via constructor to bean named 'server-org.springframework.boot.autoconfigure.web.ServerProperties'
22:16:09.975 [main] DEBUG o.s.b.f.s.DefaultListableBeanFactory -Creating shared instance of singleton bean 'errorPageCustomizer'
22:16:09.975 [main] DEBUG o.s.b.f.s.DefaultListableBeanFactory -Creating shared instance of singleton bean 'org.springframework.boot.autoconfigure.web.servlet.error.ErrorMvcAutoConfiguration'
22:16:09.976 [main] DEBUG o.s.b.f.s.DefaultListableBeanFactory -Autowiring by type from bean name 'org.springframework.boot.autoconfigure.web.servlet.error.ErrorMvcAutoConfiguration' via constructor to bean named 'server-org.springframework.boot.autoconfigure.web.ServerProperties'
22:16:09.977 [main] DEBUG o.s.b.f.s.DefaultListableBeanFactory -Creating shared instance of singleton bean 'dispatcherServletRegistration'
22:16:09.977 [main] DEBUG o.s.b.f.s.DefaultListableBeanFactory -Creating shared instance of singleton bean 'org.springframework.boot.autoconfigure.web.servlet.DispatcherServletAutoConfiguration$DispatcherServletRegistrationConfiguration'
22:16:09.978 [main] DEBUG o.s.b.f.s.DefaultListableBeanFactory -Creating shared instance of singleton bean 'dispatcherServlet'
22:16:09.979 [main] DEBUG o.s.b.f.s.DefaultListableBeanFactory -Creating shared instance of singleton bean 'org.springframework.boot.autoconfigure.web.servlet.DispatcherServletAutoConfiguration$DispatcherServletConfiguration'
22:16:09.980 [main] DEBUG o.s.b.f.s.DefaultListableBeanFactory -Autowiring by type from bean name 'dispatcherServlet' via factory method to bean named 'spring.mvc-org.springframework.boot.autoconfigure.web.servlet.WebMvcProperties'
22:16:09.999 [main] DEBUG o.s.b.f.s.DefaultListableBeanFactory -Autowiring by type from bean name 'dispatcherServletRegistration' via factory method to bean named 'dispatcherServlet'
22:16:09.999 [main] DEBUG o.s.b.f.s.DefaultListableBeanFactory -Autowiring by type from bean name 'dispatcherServletRegistration' via factory method to bean named 'spring.mvc-org.springframework.boot.autoconfigure.web.servlet.WebMvcProperties'
22:16:10.002 [main] DEBUG o.s.b.f.s.DefaultListableBeanFactory -Creating shared instance of singleton bean 'multipartConfigElement'
22:16:10.002 [main] DEBUG o.s.b.f.s.DefaultListableBeanFactory -Creating shared instance of singleton bean 'org.springframework.boot.autoconfigure.web.servlet.MultipartAutoConfiguration'
22:16:10.003 [main] DEBUG o.s.b.f.s.DefaultListableBeanFactory -Creating shared instance of singleton bean 'spring.servlet.multipart-org.springframework.boot.autoconfigure.web.servlet.MultipartProperties'
22:16:10.009 [main] DEBUG o.s.b.f.s.DefaultListableBeanFactory -Autowiring by type from bean name 'org.springframework.boot.autoconfigure.web.servlet.MultipartAutoConfiguration' via constructor to bean named 'spring.servlet.multipart-org.springframework.boot.autoconfigure.web.servlet.MultipartProperties'
22:16:10.015 [main] DEBUG o.s.b.f.s.DefaultListableBeanFactory -Autowiring by type from bean name 'errorPageCustomizer' via factory method to bean named 'dispatcherServletRegistration'
22:16:10.017 [main] DEBUG o.s.b.f.s.DefaultListableBeanFactory -Creating shared instance of singleton bean 'org.springframework.boot.autoconfigure.web.servlet.DispatcherServletAutoConfiguration'
22:16:10.018 [main] DEBUG o.s.b.f.s.DefaultListableBeanFactory -Creating shared instance of singleton bean 'org.springframework.boot.autoconfigure.task.TaskExecutorConfigurations$ThreadPoolTaskExecutorBuilderConfiguration'
22:16:10.019 [main] DEBUG o.s.b.f.s.DefaultListableBeanFactory -Creating shared instance of singleton bean 'threadPoolTaskExecutorBuilder'
22:16:10.021 [main] DEBUG o.s.b.f.s.DefaultListableBeanFactory -Creating shared instance of singleton bean 'spring.task.execution-org.springframework.boot.autoconfigure.task.TaskExecutionProperties'
22:16:10.025 [main] DEBUG o.s.b.f.s.DefaultListableBeanFactory -Autowiring by type from bean name 'threadPoolTaskExecutorBuilder' via factory method to bean named 'spring.task.execution-org.springframework.boot.autoconfigure.task.TaskExecutionProperties'
22:16:10.030 [main] DEBUG o.s.b.f.s.DefaultListableBeanFactory -Creating shared instance of singleton bean 'org.springframework.boot.autoconfigure.task.TaskExecutorConfigurations$SimpleAsyncTaskExecutorBuilderConfiguration'
22:16:10.032 [main] DEBUG o.s.b.f.s.DefaultListableBeanFactory -Autowiring by type from bean name 'org.springframework.boot.autoconfigure.task.TaskExecutorConfigurations$SimpleAsyncTaskExecutorBuilderConfiguration' via constructor to bean named 'spring.task.execution-org.springframework.boot.autoconfigure.task.TaskExecutionProperties'
22:16:10.033 [main] DEBUG o.s.b.f.s.DefaultListableBeanFactory -Creating shared instance of singleton bean 'simpleAsyncTaskExecutorBuilder'
22:16:10.037 [main] DEBUG o.s.b.f.s.DefaultListableBeanFactory -Creating shared instance of singleton bean 'org.springframework.boot.autoconfigure.task.TaskExecutorConfigurations$TaskExecutorConfiguration'
22:16:10.039 [main] DEBUG o.s.b.f.s.DefaultListableBeanFactory -Creating shared instance of singleton bean 'org.springframework.boot.autoconfigure.task.TaskExecutionAutoConfiguration'
22:16:10.040 [main] DEBUG o.s.b.f.s.DefaultListableBeanFactory -Creating shared instance of singleton bean 'org.springframework.boot.autoconfigure.web.servlet.error.ErrorMvcAutoConfiguration$WhitelabelErrorViewConfiguration'
22:16:10.041 [main] DEBUG o.s.b.f.s.DefaultListableBeanFactory -Creating shared instance of singleton bean 'error'
22:16:10.043 [main] DEBUG o.s.b.f.s.DefaultListableBeanFactory -Creating shared instance of singleton bean 'beanNameViewResolver'
22:16:10.045 [main] DEBUG o.s.b.f.s.DefaultListableBeanFactory -Creating shared instance of singleton bean 'org.springframework.boot.autoconfigure.web.servlet.error.ErrorMvcAutoConfiguration$DefaultErrorViewResolverConfiguration'
22:16:10.046 [main] DEBUG o.s.b.f.s.DefaultListableBeanFactory -Autowiring by type from bean name 'org.springframework.boot.autoconfigure.web.servlet.error.ErrorMvcAutoConfiguration$DefaultErrorViewResolverConfiguration' via constructor to bean named 'org.springframework.web.context.support.GenericWebApplicationContext@25c5e994'
22:16:10.046 [main] DEBUG o.s.b.f.s.DefaultListableBeanFactory -Autowiring by type from bean name 'org.springframework.boot.autoconfigure.web.servlet.error.ErrorMvcAutoConfiguration$DefaultErrorViewResolverConfiguration' via constructor to bean named 'spring.web-org.springframework.boot.autoconfigure.web.WebProperties'
22:16:10.047 [main] DEBUG o.s.b.f.s.DefaultListableBeanFactory -Creating shared instance of singleton bean 'conventionErrorViewResolver'
22:16:10.049 [main] DEBUG o.s.b.f.s.DefaultListableBeanFactory -Creating shared instance of singleton bean 'errorAttributes'
22:16:10.052 [main] DEBUG o.s.b.f.s.DefaultListableBeanFactory -Creating shared instance of singleton bean 'basicErrorController'
22:16:10.052 [main] DEBUG o.s.b.f.s.DefaultListableBeanFactory -Autowiring by type from bean name 'basicErrorController' via factory method to bean named 'errorAttributes'
22:16:10.054 [main] DEBUG o.s.b.f.s.DefaultListableBeanFactory -Creating shared instance of singleton bean 'localeResolver'
22:16:10.060 [main] DEBUG o.s.b.f.s.DefaultListableBeanFactory -Creating shared instance of singleton bean 'themeResolver'
22:16:10.063 [main] DEBUG o.s.b.f.s.DefaultListableBeanFactory -Creating shared instance of singleton bean 'flashMapManager'
22:16:10.070 [main] DEBUG o.s.b.f.s.DefaultListableBeanFactory -Creating shared instance of singleton bean 'viewNameTranslator'
22:16:10.072 [main] DEBUG o.s.b.f.s.DefaultListableBeanFactory -Creating shared instance of singleton bean 'mvcValidator'
22:16:10.075 [main] DEBUG o.s.b.f.s.DefaultListableBeanFactory -Creating shared instance of singleton bean 'mvcPatternParser'
22:16:10.076 [main] DEBUG o.s.b.f.s.DefaultListableBeanFactory -Creating shared instance of singleton bean 'mvcUrlPathHelper'
22:16:10.078 [main] DEBUG o.s.b.f.s.DefaultListableBeanFactory -Creating shared instance of singleton bean 'mvcPathMatcher'
22:16:10.079 [main] DEBUG o.s.b.f.s.DefaultListableBeanFactory -Creating shared instance of singleton bean 'requestMappingHandlerAdapter'
22:16:10.080 [main] DEBUG o.s.b.f.s.DefaultListableBeanFactory -Autowiring by type from bean name 'requestMappingHandlerAdapter' via factory method to bean named 'mvcContentNegotiationManager'
22:16:10.081 [main] DEBUG o.s.b.f.s.DefaultListableBeanFactory -Autowiring by type from bean name 'requestMappingHandlerAdapter' via factory method to bean named 'mvcConversionService'
22:16:10.081 [main] DEBUG o.s.b.f.s.DefaultListableBeanFactory -Autowiring by type from bean name 'requestMappingHandlerAdapter' via factory method to bean named 'mvcValidator'
22:16:10.110 [main] DEBUG o.s.b.f.s.DefaultListableBeanFactory -Creating shared instance of singleton bean 'sortResolver'
22:16:10.113 [main] DEBUG o.s.b.f.s.DefaultListableBeanFactory -Creating shared instance of singleton bean 'sortCustomizer'
22:16:10.116 [main] DEBUG o.s.b.f.s.DefaultListableBeanFactory -Creating shared instance of singleton bean 'pageableResolver'
22:16:10.119 [main] DEBUG o.s.b.f.s.DefaultListableBeanFactory -Creating shared instance of singleton bean 'pageableCustomizer'
22:16:10.127 [main] DEBUG o.s.b.f.s.DefaultListableBeanFactory -Creating shared instance of singleton bean 'applicationTaskExecutor'
22:16:10.128 [main] DEBUG o.s.b.f.s.DefaultListableBeanFactory -Autowiring by type from bean name 'applicationTaskExecutor' via factory method to bean named 'threadPoolTaskExecutorBuilder'
22:16:10.137 [main] DEBUG o.s.s.c.ThreadPoolTaskExecutor -Initializing ExecutorService 'applicationTaskExecutor'
22:16:10.168 [main] DEBUG o.s.w.s.m.m.a.RequestMappingHandlerAdapter -ControllerAdvice beans: 0 @ModelAttribute, 0 @InitBinder, 1 RequestBodyAdvice, 1 ResponseBodyAdvice
22:16:10.264 [main] DEBUG o.s.b.f.s.DefaultListableBeanFactory -Creating shared instance of singleton bean 'mvcViewResolver'
22:16:10.265 [main] DEBUG o.s.b.f.s.DefaultListableBeanFactory -Autowiring by type from bean name 'mvcViewResolver' via factory method to bean named 'mvcContentNegotiationManager'
22:16:10.273 [main] DEBUG o.s.b.f.s.DefaultListableBeanFactory -Creating shared instance of singleton bean 'defaultViewResolver'
22:16:10.291 [main] DEBUG o.s.b.f.s.DefaultListableBeanFactory -Creating shared instance of singleton bean 'viewResolver'
22:16:10.292 [main] DEBUG o.s.b.f.s.DefaultListableBeanFactory -Autowiring by type from bean name 'viewResolver' via factory method to bean named 'org.springframework.beans.factory.support.DefaultListableBeanFactory@185f7840'
22:16:10.295 [main] DEBUG o.s.b.f.s.DefaultListableBeanFactory -Creating shared instance of singleton bean 'viewResolver'
22:16:10.316 [main] DEBUG o.s.b.f.s.DefaultListableBeanFactory -Creating shared instance of singleton bean 'handlerFunctionAdapter'
22:16:10.325 [main] DEBUG o.s.b.f.s.DefaultListableBeanFactory -Creating shared instance of singleton bean 'mvcUriComponentsContributor'
22:16:10.325 [main] DEBUG o.s.b.f.s.DefaultListableBeanFactory -Autowiring by type from bean name 'mvcUriComponentsContributor' via factory method to bean named 'mvcConversionService'
22:16:10.325 [main] DEBUG o.s.b.f.s.DefaultListableBeanFactory -Autowiring by type from bean name 'mvcUriComponentsContributor' via factory method to bean named 'requestMappingHandlerAdapter'
22:16:10.329 [main] DEBUG o.s.b.f.s.DefaultListableBeanFactory -Creating shared instance of singleton bean 'httpRequestHandlerAdapter'
22:16:10.333 [main] DEBUG o.s.b.f.s.DefaultListableBeanFactory -Creating shared instance of singleton bean 'simpleControllerHandlerAdapter'
22:16:10.336 [main] DEBUG o.s.b.f.s.DefaultListableBeanFactory -Creating shared instance of singleton bean 'handlerExceptionResolver'
22:16:10.336 [main] DEBUG o.s.b.f.s.DefaultListableBeanFactory -Autowiring by type from bean name 'handlerExceptionResolver' via factory method to bean named 'mvcContentNegotiationManager'
22:16:10.349 [main] DEBUG o.s.w.s.m.m.a.ExceptionHandlerExceptionResolver -ControllerAdvice beans: 0 @ExceptionHandler, 1 ResponseBodyAdvice
22:16:10.353 [main] DEBUG o.s.b.f.s.DefaultListableBeanFactory -Creating shared instance of singleton bean 'requestContextFilter'
22:16:10.357 [main] DEBUG o.s.b.f.s.DefaultListableBeanFactory -Creating shared instance of singleton bean 'org.springframework.boot.autoconfigure.web.servlet.WebMvcAutoConfiguration'
22:16:10.357 [main] DEBUG o.s.b.f.s.DefaultListableBeanFactory -Creating shared instance of singleton bean 'formContentFilter'
22:16:10.362 [main] DEBUG o.s.b.f.s.DefaultListableBeanFactory -Creating shared instance of singleton bean 'org.springframework.boot.autoconfigure.aop.AopAutoConfiguration$ClassProxyingConfiguration'
22:16:10.362 [main] DEBUG o.s.b.f.s.DefaultListableBeanFactory -Creating shared instance of singleton bean 'org.springframework.boot.autoconfigure.aop.AopAutoConfiguration'
22:16:10.362 [main] DEBUG o.s.b.f.s.DefaultListableBeanFactory -Creating shared instance of singleton bean 'org.springframework.boot.autoconfigure.availability.ApplicationAvailabilityAutoConfiguration'
22:16:10.365 [main] DEBUG o.s.b.f.s.DefaultListableBeanFactory -Creating shared instance of singleton bean 'applicationAvailability'
22:16:10.369 [main] DEBUG o.s.b.f.s.DefaultListableBeanFactory -Creating shared instance of singleton bean 'org.springframework.boot.autoconfigure.transaction.TransactionManagerCustomizationAutoConfiguration'
22:16:10.369 [main] DEBUG o.s.b.f.s.DefaultListableBeanFactory -Creating shared instance of singleton bean 'platformTransactionManagerCustomizers'
22:16:10.373 [main] DEBUG o.s.b.f.s.DefaultListableBeanFactory -Creating shared instance of singleton bean 'transactionExecutionListeners'
22:16:10.373 [main] DEBUG o.s.b.f.s.DefaultListableBeanFactory -Creating shared instance of singleton bean 'spring.transaction-org.springframework.boot.autoconfigure.transaction.TransactionProperties'
22:16:10.384 [main] DEBUG o.s.b.f.s.DefaultListableBeanFactory -Creating shared instance of singleton bean 'org.springframework.boot.autoconfigure.context.ConfigurationPropertiesAutoConfiguration'
22:16:10.384 [main] DEBUG o.s.b.f.s.DefaultListableBeanFactory -Creating shared instance of singleton bean 'org.springframework.boot.autoconfigure.context.LifecycleAutoConfiguration'
22:16:10.384 [main] DEBUG o.s.b.f.s.DefaultListableBeanFactory -Creating shared instance of singleton bean 'lifecycleProcessor'
22:16:10.390 [main] DEBUG o.s.b.f.s.DefaultListableBeanFactory -Creating shared instance of singleton bean 'spring.lifecycle-org.springframework.boot.autoconfigure.context.LifecycleProperties'
22:16:10.390 [main] DEBUG o.s.b.f.s.DefaultListableBeanFactory -Autowiring by type from bean name 'lifecycleProcessor' via factory method to bean named 'spring.lifecycle-org.springframework.boot.autoconfigure.context.LifecycleProperties'
22:16:10.390 [main] DEBUG o.s.b.f.s.DefaultListableBeanFactory -Creating shared instance of singleton bean 'org.springframework.boot.autoconfigure.dao.PersistenceExceptionTranslationAutoConfiguration'
22:16:10.390 [main] DEBUG o.s.b.f.s.DefaultListableBeanFactory -Creating shared instance of singleton bean 'gridFsTemplate'
22:16:10.398 [main] DEBUG o.s.b.f.s.DefaultListableBeanFactory -Autowiring by type from bean name 'gridFsTemplate' via factory method to bean named 'spring.data.mongodb-org.springframework.boot.autoconfigure.mongo.MongoProperties'
22:16:10.398 [main] DEBUG o.s.b.f.s.DefaultListableBeanFactory -Autowiring by type from bean name 'gridFsTemplate' via factory method to bean named 'mongoDatabaseFactory'
22:16:10.398 [main] DEBUG o.s.b.f.s.DefaultListableBeanFactory -Autowiring by type from bean name 'gridFsTemplate' via factory method to bean named 'mongoTemplate'
22:16:10.398 [main] DEBUG o.s.b.f.s.DefaultListableBeanFactory -Autowiring by type from bean name 'gridFsTemplate' via factory method to bean named 'mongoConnectionDetails'
22:16:10.408 [main] DEBUG o.s.b.f.s.DefaultListableBeanFactory -Creating shared instance of singleton bean 'org.springframework.boot.autoconfigure.data.mongo.MongoDataAutoConfiguration'
22:16:10.408 [main] DEBUG o.s.b.f.s.DefaultListableBeanFactory -Creating shared instance of singleton bean 'org.springframework.boot.autoconfigure.data.mongo.MongoRepositoriesAutoConfiguration'
22:16:10.408 [main] DEBUG o.s.b.f.s.DefaultListableBeanFactory -Creating shared instance of singleton bean 'data-mongo.repository-aot-processor#0'
22:16:10.423 [main] DEBUG o.s.b.f.s.DefaultListableBeanFactory -Creating shared instance of singleton bean 'org.springframework.boot.autoconfigure.http.JacksonHttpMessageConvertersConfiguration'
22:16:10.423 [main] DEBUG o.s.b.f.s.DefaultListableBeanFactory -Creating shared instance of singleton bean 'org.springframework.data.web.config.ProjectingArgumentResolverRegistrar'
22:16:10.426 [main] DEBUG o.s.b.f.s.DefaultListableBeanFactory -Creating shared instance of singleton bean 'offsetResolver'
22:16:10.426 [main] DEBUG o.s.b.f.s.DefaultListableBeanFactory -Creating shared instance of singleton bean 'org.springframework.boot.autoconfigure.http.client.HttpClientAutoConfiguration'
22:16:10.431 [main] DEBUG o.s.b.f.s.DefaultListableBeanFactory -Creating shared instance of singleton bean 'clientHttpRequestFactoryBuilder'
22:16:10.431 [main] DEBUG o.s.b.f.s.DefaultListableBeanFactory -Creating shared instance of singleton bean 'spring.http.client-org.springframework.boot.autoconfigure.http.client.HttpClientProperties'
22:16:10.434 [main] DEBUG o.s.b.f.s.DefaultListableBeanFactory -Autowiring by type from bean name 'clientHttpRequestFactoryBuilder' via factory method to bean named 'spring.http.client-org.springframework.boot.autoconfigure.http.client.HttpClientProperties'
22:16:10.455 [main] DEBUG o.s.b.f.s.DefaultListableBeanFactory -Creating shared instance of singleton bean 'clientHttpRequestFactorySettings'
22:16:10.455 [main] DEBUG o.s.b.f.s.DefaultListableBeanFactory -Autowiring by type from bean name 'clientHttpRequestFactorySettings' via factory method to bean named 'spring.http.client-org.springframework.boot.autoconfigure.http.client.HttpClientProperties'
22:16:10.455 [main] DEBUG o.s.b.f.s.DefaultListableBeanFactory -Creating shared instance of singleton bean 'org.springframework.boot.autoconfigure.info.ProjectInfoAutoConfiguration'
22:16:10.465 [main] DEBUG o.s.b.f.s.DefaultListableBeanFactory -Creating shared instance of singleton bean 'spring.info-org.springframework.boot.autoconfigure.info.ProjectInfoProperties'
22:16:10.465 [main] DEBUG o.s.b.f.s.DefaultListableBeanFactory -Autowiring by type from bean name 'org.springframework.boot.autoconfigure.info.ProjectInfoAutoConfiguration' via constructor to bean named 'spring.info-org.springframework.boot.autoconfigure.info.ProjectInfoProperties'
22:16:10.465 [main] DEBUG o.s.b.f.s.DefaultListableBeanFactory -Creating shared instance of singleton bean 'org.springframework.boot.autoconfigure.security.servlet.SpringBootWebSecurityConfiguration'
22:16:10.472 [main] DEBUG o.s.b.f.s.DefaultListableBeanFactory -Creating shared instance of singleton bean 'spring.security-org.springframework.boot.autoconfigure.security.SecurityProperties'
22:16:10.476 [main] DEBUG o.s.b.f.s.DefaultListableBeanFactory -Creating shared instance of singleton bean 'org.springframework.boot.autoconfigure.security.servlet.SecurityFilterAutoConfiguration'
22:16:10.476 [main] DEBUG o.s.b.f.s.DefaultListableBeanFactory -Creating shared instance of singleton bean 'securityFilterChainRegistration'
22:16:10.478 [main] DEBUG o.s.b.f.s.DefaultListableBeanFactory -Autowiring by type from bean name 'securityFilterChainRegistration' via factory method to bean named 'spring.security-org.springframework.boot.autoconfigure.security.SecurityProperties'
22:16:10.480 [main] DEBUG o.s.b.f.s.DefaultListableBeanFactory -Creating shared instance of singleton bean 'org.springframework.boot.autoconfigure.sql.init.SqlInitializationAutoConfiguration'
22:16:10.488 [main] DEBUG o.s.b.f.s.DefaultListableBeanFactory -Creating shared instance of singleton bean 'spring.sql.init-org.springframework.boot.autoconfigure.sql.init.SqlInitializationProperties'
22:16:10.492 [main] DEBUG o.s.b.f.s.DefaultListableBeanFactory -Creating shared instance of singleton bean 'org.springframework.boot.autoconfigure.task.TaskSchedulingConfigurations$ThreadPoolTaskSchedulerBuilderConfiguration'
22:16:10.492 [main] DEBUG o.s.b.f.s.DefaultListableBeanFactory -Creating shared instance of singleton bean 'threadPoolTaskSchedulerBuilder'
22:16:10.496 [main] DEBUG o.s.b.f.s.DefaultListableBeanFactory -Creating shared instance of singleton bean 'spring.task.scheduling-org.springframework.boot.autoconfigure.task.TaskSchedulingProperties'
22:16:10.496 [main] DEBUG o.s.b.f.s.DefaultListableBeanFactory -Autowiring by type from bean name 'threadPoolTaskSchedulerBuilder' via factory method to bean named 'spring.task.scheduling-org.springframework.boot.autoconfigure.task.TaskSchedulingProperties'
22:16:10.496 [main] DEBUG o.s.b.f.s.DefaultListableBeanFactory -Creating shared instance of singleton bean 'org.springframework.boot.autoconfigure.task.TaskSchedulingConfigurations$SimpleAsyncTaskSchedulerBuilderConfiguration'
22:16:10.504 [main] DEBUG o.s.b.f.s.DefaultListableBeanFactory -Autowiring by type from bean name 'org.springframework.boot.autoconfigure.task.TaskSchedulingConfigurations$SimpleAsyncTaskSchedulerBuilderConfiguration' via constructor to bean named 'spring.task.scheduling-org.springframework.boot.autoconfigure.task.TaskSchedulingProperties'
22:16:10.504 [main] DEBUG o.s.b.f.s.DefaultListableBeanFactory -Creating shared instance of singleton bean 'simpleAsyncTaskSchedulerBuilder'
22:16:10.522 [main] DEBUG o.s.b.f.s.DefaultListableBeanFactory -Creating shared instance of singleton bean 'org.springframework.boot.autoconfigure.task.TaskSchedulingAutoConfiguration'
22:16:10.522 [main] DEBUG o.s.b.f.s.DefaultListableBeanFactory -Creating shared instance of singleton bean 'org.springframework.boot.autoconfigure.transaction.TransactionAutoConfiguration'
22:16:10.527 [main] DEBUG o.s.b.f.s.DefaultListableBeanFactory -Creating shared instance of singleton bean 'org.springframework.boot.autoconfigure.web.client.RestClientAutoConfiguration'
22:16:10.527 [main] DEBUG o.s.b.f.s.DefaultListableBeanFactory -Creating shared instance of singleton bean 'httpMessageConvertersRestClientCustomizer'
22:16:10.527 [main] DEBUG o.s.b.f.s.DefaultListableBeanFactory -Creating shared instance of singleton bean 'restClientSsl'
22:16:10.527 [main] DEBUG o.s.b.f.s.DefaultListableBeanFactory -Autowiring by type from bean name 'restClientSsl' via factory method to bean named 'sslBundleRegistry'
22:16:10.527 [main] DEBUG o.s.b.f.s.DefaultListableBeanFactory -Creating shared instance of singleton bean 'restClientBuilderConfigurer'
22:16:10.537 [main] DEBUG o.s.b.f.s.DefaultListableBeanFactory -Creating shared instance of singleton bean 'org.springframework.boot.autoconfigure.web.client.RestTemplateAutoConfiguration'
22:16:10.537 [main] DEBUG o.s.b.f.s.DefaultListableBeanFactory -Creating shared instance of singleton bean 'characterEncodingFilter'
22:16:10.543 [main] DEBUG o.s.b.f.s.DefaultListableBeanFactory -Creating shared instance of singleton bean 'multipartResolver'
22:16:10.581 [main] DEBUG o.s.c.s.DefaultLifecycleProcessor -Starting beans in phase -2147483647
22:16:10.581 [main] DEBUG o.s.c.s.DefaultLifecycleProcessor -Successfully started bean 'springBootLoggingLifecycle'
22:16:10.581 [main] DEBUG o.s.c.s.DefaultLifecycleProcessor -Starting beans in phase 1073741823
22:16:10.617 [main] DEBUG o.s.b.a.l.ConditionEvaluationReportLogger -


============================
CONDITIONS EVALUATION REPORT
============================


Positive matches:
-----------------

   AopAutoConfiguration matched:
      - @ConditionalOnProperty (spring.aop.auto=true) matched (OnPropertyCondition)

   AopAutoConfiguration.ClassProxyingConfiguration matched:
      - @ConditionalOnMissingClass did not find unwanted class 'org.aspectj.weaver.Advice' (OnClassCondition)
      - @ConditionalOnProperty (spring.aop.proxy-target-class=true) matched (OnPropertyCondition)

   ApplicationAvailabilityAutoConfiguration#applicationAvailability matched:
      - @ConditionalOnMissingBean (types: org.springframework.boot.availability.ApplicationAvailability; SearchStrategy: all) did not find any beans (OnBeanCondition)

   DispatcherServletAutoConfiguration matched:
      - @ConditionalOnClass found required class 'org.springframework.web.servlet.DispatcherServlet' (OnClassCondition)
      - found 'session' scope (OnWebApplicationCondition)

   DispatcherServletAutoConfiguration.DispatcherServletConfiguration matched:
      - @ConditionalOnClass found required class 'jakarta.servlet.ServletRegistration' (OnClassCondition)
      - Default DispatcherServlet did not find dispatcher servlet beans (DispatcherServletAutoConfiguration.DefaultDispatcherServletCondition)

   DispatcherServletAutoConfiguration.DispatcherServletRegistrationConfiguration matched:
      - @ConditionalOnClass found required class 'jakarta.servlet.ServletRegistration' (OnClassCondition)
      - DispatcherServlet Registration did not find servlet registration bean (DispatcherServletAutoConfiguration.DispatcherServletRegistrationCondition)

   DispatcherServletAutoConfiguration.DispatcherServletRegistrationConfiguration#dispatcherServletRegistration matched:
      - @ConditionalOnBean (names: dispatcherServlet types: org.springframework.web.servlet.DispatcherServlet; SearchStrategy: all) found bean 'dispatcherServlet' (OnBeanCondition)

   ErrorMvcAutoConfiguration matched:
      - @ConditionalOnClass found required classes 'jakarta.servlet.Servlet', 'org.springframework.web.servlet.DispatcherServlet' (OnClassCondition)
      - found 'session' scope (OnWebApplicationCondition)

   ErrorMvcAutoConfiguration#basicErrorController matched:
      - @ConditionalOnMissingBean (types: org.springframework.boot.web.servlet.error.ErrorController; SearchStrategy: current) did not find any beans (OnBeanCondition)

   ErrorMvcAutoConfiguration#errorAttributes matched:
      - @ConditionalOnMissingBean (types: org.springframework.boot.web.servlet.error.ErrorAttributes; SearchStrategy: current) did not find any beans (OnBeanCondition)

   ErrorMvcAutoConfiguration.DefaultErrorViewResolverConfiguration#conventionErrorViewResolver matched:
      - @ConditionalOnBean (types: org.springframework.web.servlet.DispatcherServlet; SearchStrategy: all) found bean 'dispatcherServlet'; @ConditionalOnMissingBean (types: org.springframework.boot.autoconfigure.web.servlet.error.ErrorViewResolver; SearchStrategy: all) did not find any beans (OnBeanCondition)

   ErrorMvcAutoConfiguration.WhitelabelErrorViewConfiguration matched:
      - @ConditionalOnProperty (server.error.whitelabel.enabled) matched (OnPropertyCondition)
      - ErrorTemplate Missing did not find error template view (ErrorMvcAutoConfiguration.ErrorTemplateMissingCondition)

   ErrorMvcAutoConfiguration.WhitelabelErrorViewConfiguration#beanNameViewResolver matched:
      - @ConditionalOnMissingBean (types: org.springframework.web.servlet.view.BeanNameViewResolver; SearchStrategy: all) did not find any beans (OnBeanCondition)

   ErrorMvcAutoConfiguration.WhitelabelErrorViewConfiguration#defaultErrorView matched:
      - @ConditionalOnMissingBean (names: error; SearchStrategy: all) did not find any beans (OnBeanCondition)

   GenericCacheConfiguration matched:
      - Cache org.springframework.boot.autoconfigure.cache.GenericCacheConfiguration automatic cache type (CacheCondition)

   HttpClientAutoConfiguration matched:
      - @ConditionalOnClass found required class 'org.springframework.http.client.ClientHttpRequestFactory' (OnClassCondition)
      - NoneNestedConditions 0 matched 1 did not; NestedCondition on NotReactiveWebApplicationCondition.ReactiveWebApplication did not find reactive web application classes (NotReactiveWebApplicationCondition)

   HttpClientAutoConfiguration#clientHttpRequestFactoryBuilder matched:
      - @ConditionalOnMissingBean (types: org.springframework.boot.http.client.ClientHttpRequestFactoryBuilder; SearchStrategy: all) did not find any beans (OnBeanCondition)

   HttpClientAutoConfiguration#clientHttpRequestFactorySettings matched:
      - @ConditionalOnMissingBean (types: org.springframework.boot.http.client.ClientHttpRequestFactorySettings; SearchStrategy: all) did not find any beans (OnBeanCondition)

   HttpEncodingAutoConfiguration matched:
      - @ConditionalOnClass found required class 'org.springframework.web.filter.CharacterEncodingFilter' (OnClassCondition)
      - found 'session' scope (OnWebApplicationCondition)
      - @ConditionalOnProperty (server.servlet.encoding.enabled) matched (OnPropertyCondition)

   HttpEncodingAutoConfiguration#characterEncodingFilter matched:
      - @ConditionalOnMissingBean (types: org.springframework.web.filter.CharacterEncodingFilter; SearchStrategy: all) did not find any beans (OnBeanCondition)

   HttpMessageConvertersAutoConfiguration matched:
      - @ConditionalOnClass found required class 'org.springframework.http.converter.HttpMessageConverter' (OnClassCondition)
      - NoneNestedConditions 0 matched 1 did not; NestedCondition on HttpMessageConvertersAutoConfiguration.NotReactiveWebApplicationCondition.ReactiveWebApplication did not find reactive web application classes (HttpMessageConvertersAutoConfiguration.NotReactiveWebApplicationCondition)

   HttpMessageConvertersAutoConfiguration#messageConverters matched:
      - @ConditionalOnMissingBean (types: org.springframework.boot.autoconfigure.http.HttpMessageConverters; SearchStrategy: all) did not find any beans (OnBeanCondition)

   HttpMessageConvertersAutoConfiguration.StringHttpMessageConverterConfiguration matched:
      - @ConditionalOnClass found required class 'org.springframework.http.converter.StringHttpMessageConverter' (OnClassCondition)

   HttpMessageConvertersAutoConfiguration.StringHttpMessageConverterConfiguration#stringHttpMessageConverter matched:
      - @ConditionalOnMissingBean (types: org.springframework.http.converter.StringHttpMessageConverter; SearchStrategy: all) did not find any beans (OnBeanCondition)

   JacksonAutoConfiguration matched:
      - @ConditionalOnClass found required class 'com.fasterxml.jackson.databind.ObjectMapper' (OnClassCondition)

   JacksonAutoConfiguration.Jackson2ObjectMapperBuilderCustomizerConfiguration matched:
      - @ConditionalOnClass found required class 'org.springframework.http.converter.json.Jackson2ObjectMapperBuilder' (OnClassCondition)

   JacksonAutoConfiguration.JacksonObjectMapperBuilderConfiguration matched:
      - @ConditionalOnClass found required class 'org.springframework.http.converter.json.Jackson2ObjectMapperBuilder' (OnClassCondition)

   JacksonAutoConfiguration.JacksonObjectMapperBuilderConfiguration#jacksonObjectMapperBuilder matched:
      - @ConditionalOnMissingBean (types: org.springframework.http.converter.json.Jackson2ObjectMapperBuilder; SearchStrategy: all) did not find any beans (OnBeanCondition)

   JacksonAutoConfiguration.JacksonObjectMapperConfiguration matched:
      - @ConditionalOnClass found required class 'org.springframework.http.converter.json.Jackson2ObjectMapperBuilder' (OnClassCondition)

   JacksonAutoConfiguration.JacksonObjectMapperConfiguration#jacksonObjectMapper matched:
      - @ConditionalOnMissingBean (types: com.fasterxml.jackson.databind.ObjectMapper; SearchStrategy: all) did not find any beans (OnBeanCondition)

   JacksonAutoConfiguration.ParameterNamesModuleConfiguration matched:
      - @ConditionalOnClass found required class 'com.fasterxml.jackson.module.paramnames.ParameterNamesModule' (OnClassCondition)

   JacksonAutoConfiguration.ParameterNamesModuleConfiguration#parameterNamesModule matched:
      - @ConditionalOnMissingBean (types: com.fasterxml.jackson.module.paramnames.ParameterNamesModule; SearchStrategy: all) did not find any beans (OnBeanCondition)

   JacksonHttpMessageConvertersConfiguration.MappingJackson2HttpMessageConverterConfiguration matched:
      - @ConditionalOnClass found required class 'com.fasterxml.jackson.databind.ObjectMapper' (OnClassCondition)
      - @ConditionalOnProperty (spring.mvc.converters.preferred-json-mapper=jackson) matched (OnPropertyCondition)
      - @ConditionalOnBean (types: com.fasterxml.jackson.databind.ObjectMapper; SearchStrategy: all) found bean 'jacksonObjectMapper' (OnBeanCondition)

   JacksonHttpMessageConvertersConfiguration.MappingJackson2HttpMessageConverterConfiguration#mappingJackson2HttpMessageConverter matched:
      - @ConditionalOnMissingBean (types: org.springframework.http.converter.json.MappingJackson2HttpMessageConverter ignored: org.springframework.hateoas.server.mvc.TypeConstrainedMappingJackson2HttpMessageConverter,org.springframework.data.rest.webmvc.alps.AlpsJsonHttpMessageConverter; SearchStrategy: all) did not find any beans (OnBeanCondition)

   LifecycleAutoConfiguration#defaultLifecycleProcessor matched:
      - @ConditionalOnMissingBean (names: lifecycleProcessor; SearchStrategy: current) did not find any beans (OnBeanCondition)

   MongoAutoConfiguration matched:
      - @ConditionalOnClass found required class 'com.mongodb.client.MongoClient' (OnClassCondition)
      - @ConditionalOnMissingBean (types: org.springframework.data.mongodb.MongoDatabaseFactory; SearchStrategy: all) did not find any beans (OnBeanCondition)

   MongoAutoConfiguration#mongo matched:
      - @ConditionalOnMissingBean (types: com.mongodb.client.MongoClient; SearchStrategy: all) did not find any beans (OnBeanCondition)

   MongoAutoConfiguration#mongoConnectionDetails matched:
      - @ConditionalOnMissingBean (types: org.springframework.boot.autoconfigure.mongo.MongoConnectionDetails; SearchStrategy: all) did not find any beans (OnBeanCondition)

   MongoAutoConfiguration.MongoClientSettingsConfiguration matched:
      - @ConditionalOnMissingBean (types: com.mongodb.MongoClientSettings; SearchStrategy: all) did not find any beans (OnBeanCondition)

   MongoDataAutoConfiguration matched:
      - @ConditionalOnClass found required classes 'com.mongodb.client.MongoClient', 'org.springframework.data.mongodb.core.MongoTemplate' (OnClassCondition)

   MongoDataConfiguration#mappingMongoConverter matched:
      - @ConditionalOnMissingBean (types: org.springframework.data.mongodb.core.convert.MongoConverter; SearchStrategy: all) did not find any beans (OnBeanCondition)

   MongoDataConfiguration#mongoCustomConversions matched:
      - @ConditionalOnMissingBean (types: org.springframework.data.mongodb.core.convert.MongoCustomConversions; SearchStrategy: all) did not find any beans (OnBeanCondition)

   MongoDataConfiguration#mongoManagedTypes matched:
      - @ConditionalOnMissingBean (types: org.springframework.data.mongodb.MongoManagedTypes; SearchStrategy: all) did not find any beans (OnBeanCondition)

   MongoDataConfiguration#mongoMappingContext matched:
      - @ConditionalOnMissingBean (types: org.springframework.data.mongodb.core.mapping.MongoMappingContext; SearchStrategy: all) did not find any beans (OnBeanCondition)

   MongoDatabaseFactoryConfiguration matched:
      - @ConditionalOnSingleCandidate (types: com.mongodb.client.MongoClient; SearchStrategy: all) found a single bean 'mongo'; @ConditionalOnMissingBean (types: org.springframework.data.mongodb.MongoDatabaseFactory; SearchStrategy: all) did not find any beans (OnBeanCondition)

   MongoDatabaseFactoryDependentConfiguration matched:
      - @ConditionalOnBean (types: org.springframework.data.mongodb.MongoDatabaseFactory; SearchStrategy: all) found bean 'mongoDatabaseFactory' (OnBeanCondition)

   MongoDatabaseFactoryDependentConfiguration#gridFsTemplate matched:
      - @ConditionalOnMissingBean (types: org.springframework.data.mongodb.gridfs.GridFsOperations; SearchStrategy: all) did not find any beans (OnBeanCondition)

   MongoDatabaseFactoryDependentConfiguration#mongoTemplate matched:
      - @ConditionalOnMissingBean (types: org.springframework.data.mongodb.core.MongoOperations; SearchStrategy: all) did not find any beans (OnBeanCondition)

   MongoRepositoriesAutoConfiguration matched:
      - @ConditionalOnClass found required classes 'com.mongodb.client.MongoClient', 'org.springframework.data.mongodb.repository.MongoRepository' (OnClassCondition)
      - @ConditionalOnRepositoryType configured type of 'AUTO' matched required type (OnRepositoryTypeCondition)
      - @ConditionalOnMissingBean (types: org.springframework.data.mongodb.repository.support.MongoRepositoryFactoryBean,org.springframework.data.mongodb.repository.config.MongoRepositoryConfigurationExtension; SearchStrategy: all) did not find any beans (OnBeanCondition)

   MultipartAutoConfiguration matched:
      - @ConditionalOnClass found required classes 'jakarta.servlet.Servlet', 'org.springframework.web.multipart.support.StandardServletMultipartResolver', 'jakarta.servlet.MultipartConfigElement' (OnClassCondition)
      - found 'session' scope (OnWebApplicationCondition)
      - @ConditionalOnProperty (spring.servlet.multipart.enabled) matched (OnPropertyCondition)

   MultipartAutoConfiguration#multipartConfigElement matched:
      - @ConditionalOnMissingBean (types: jakarta.servlet.MultipartConfigElement; SearchStrategy: all) did not find any beans (OnBeanCondition)

   MultipartAutoConfiguration#multipartResolver matched:
      - @ConditionalOnMissingBean (types: org.springframework.web.multipart.MultipartResolver; SearchStrategy: all) did not find any beans (OnBeanCondition)

   NoOpCacheConfiguration matched:
      - Cache org.springframework.boot.autoconfigure.cache.NoOpCacheConfiguration automatic cache type (CacheCondition)

   PersistenceExceptionTranslationAutoConfiguration matched:
      - @ConditionalOnClass found required class 'org.springframework.dao.annotation.PersistenceExceptionTranslationPostProcessor' (OnClassCondition)

   PersistenceExceptionTranslationAutoConfiguration#persistenceExceptionTranslationPostProcessor matched:
      - @ConditionalOnProperty (spring.dao.exceptiontranslation.enabled) matched (OnPropertyCondition)
      - @ConditionalOnMissingBean (types: org.springframework.dao.annotation.PersistenceExceptionTranslationPostProcessor; SearchStrategy: all) did not find any beans (OnBeanCondition)

   PropertyPlaceholderAutoConfiguration#propertySourcesPlaceholderConfigurer matched:
      - @ConditionalOnMissingBean (types: org.springframework.context.support.PropertySourcesPlaceholderConfigurer; SearchStrategy: current) did not find any beans (OnBeanCondition)

   RestClientAutoConfiguration matched:
      - @ConditionalOnClass found required class 'org.springframework.web.client.RestClient' (OnClassCondition)
      - NoneNestedConditions 0 matched 1 did not; NestedCondition on NotReactiveWebApplicationCondition.ReactiveWebApplication did not find reactive web application classes (NotReactiveWebApplicationCondition)

   RestClientAutoConfiguration#httpMessageConvertersRestClientCustomizer matched:
      - @ConditionalOnMissingBean (types: org.springframework.boot.autoconfigure.web.client.HttpMessageConvertersRestClientCustomizer; SearchStrategy: all) did not find any beans (OnBeanCondition)

   RestClientAutoConfiguration#restClientBuilder matched:
      - @ConditionalOnMissingBean (types: org.springframework.web.client.RestClient$Builder; SearchStrategy: all) did not find any beans (OnBeanCondition)

   RestClientAutoConfiguration#restClientBuilderConfigurer matched:
      - @ConditionalOnMissingBean (types: org.springframework.boot.autoconfigure.web.client.RestClientBuilderConfigurer; SearchStrategy: all) did not find any beans (OnBeanCondition)

   RestClientAutoConfiguration#restClientSsl matched:
      - @ConditionalOnBean (types: org.springframework.boot.ssl.SslBundles; SearchStrategy: all) found bean 'sslBundleRegistry'; @ConditionalOnMissingBean (types: org.springframework.boot.autoconfigure.web.client.RestClientSsl; SearchStrategy: all) did not find any beans (OnBeanCondition)

   RestTemplateAutoConfiguration matched:
      - @ConditionalOnClass found required class 'org.springframework.web.client.RestTemplate' (OnClassCondition)
      - NoneNestedConditions 0 matched 1 did not; NestedCondition on NotReactiveWebApplicationCondition.ReactiveWebApplication did not find reactive web application classes (NotReactiveWebApplicationCondition)

   RestTemplateAutoConfiguration#restTemplateBuilder matched:
      - @ConditionalOnMissingBean (types: org.springframework.boot.web.client.RestTemplateBuilder; SearchStrategy: all) did not find any beans (OnBeanCondition)

   SecurityAutoConfiguration matched:
      - @ConditionalOnClass found required class 'org.springframework.security.authentication.DefaultAuthenticationEventPublisher' (OnClassCondition)

   SecurityAutoConfiguration#authenticationEventPublisher matched:
      - @ConditionalOnMissingBean (types: org.springframework.security.authentication.AuthenticationEventPublisher; SearchStrategy: all) did not find any beans (OnBeanCondition)

   SecurityFilterAutoConfiguration matched:
      - @ConditionalOnClass found required classes 'org.springframework.security.web.context.AbstractSecurityWebApplicationInitializer', 'org.springframework.security.config.http.SessionCreationPolicy' (OnClassCondition)
      - found 'session' scope (OnWebApplicationCondition)

   SecurityFilterAutoConfiguration#securityFilterChainRegistration matched:
      - @ConditionalOnBean (names: springSecurityFilterChain; SearchStrategy: all) found bean 'springSecurityFilterChain' (OnBeanCondition)

   ServletWebServerFactoryAutoConfiguration matched:
      - @ConditionalOnClass found required class 'jakarta.servlet.ServletRequest' (OnClassCondition)
      - found 'session' scope (OnWebApplicationCondition)

   ServletWebServerFactoryAutoConfiguration.TomcatConfiguration matched:
      - @ConditionalOnClass found required class 'org.apache.catalina.startup.Tomcat' (OnClassCondition)

   ServletWebServerFactoryConfiguration.EmbeddedTomcat matched:
      - @ConditionalOnClass found required classes 'jakarta.servlet.Servlet', 'org.apache.catalina.startup.Tomcat', 'org.apache.coyote.UpgradeProtocol' (OnClassCondition)
      - @ConditionalOnMissingBean (types: org.springframework.boot.web.servlet.server.ServletWebServerFactory; SearchStrategy: current) did not find any beans (OnBeanCondition)

   SimpleCacheConfiguration matched:
      - Cache org.springframework.boot.autoconfigure.cache.SimpleCacheConfiguration automatic cache type (CacheCondition)

   SpringBootWebSecurityConfiguration matched:
      - found 'session' scope (OnWebApplicationCondition)

   SpringDataWebAutoConfiguration matched:
      - @ConditionalOnClass found required classes 'org.springframework.data.web.PageableHandlerMethodArgumentResolver', 'org.springframework.web.servlet.config.annotation.WebMvcConfigurer' (OnClassCondition)
      - found 'session' scope (OnWebApplicationCondition)
      - @ConditionalOnMissingBean (types: org.springframework.data.web.PageableHandlerMethodArgumentResolver; SearchStrategy: all) did not find any beans (OnBeanCondition)

   SpringDataWebAutoConfiguration#pageableCustomizer matched:
      - @ConditionalOnMissingBean (types: org.springframework.data.web.config.PageableHandlerMethodArgumentResolverCustomizer; SearchStrategy: all) did not find any beans (OnBeanCondition)

   SpringDataWebAutoConfiguration#sortCustomizer matched:
      - @ConditionalOnMissingBean (types: org.springframework.data.web.config.SortHandlerMethodArgumentResolverCustomizer; SearchStrategy: all) did not find any beans (OnBeanCondition)

   SpringDataWebAutoConfiguration#springDataWebSettings matched:
      - @ConditionalOnMissingBean (types: org.springframework.data.web.config.SpringDataWebSettings; SearchStrategy: all) did not find any beans (OnBeanCondition)

   SqlInitializationAutoConfiguration matched:
      - @ConditionalOnProperty (spring.sql.init.enabled) matched (OnPropertyCondition)
      - NoneNestedConditions 0 matched 1 did not; NestedCondition on SqlInitializationAutoConfiguration.SqlInitializationModeCondition.ModeIsNever @ConditionalOnProperty (spring.sql.init.mode=never) did not find property 'mode' (SqlInitializationAutoConfiguration.SqlInitializationModeCondition)

   SslAutoConfiguration#sslBundleRegistry matched:
      - @ConditionalOnMissingBean (types: org.springframework.boot.ssl.SslBundleRegistry,org.springframework.boot.ssl.SslBundles; SearchStrategy: all) did not find any beans (OnBeanCondition)

   TaskExecutionAutoConfiguration matched:
      - @ConditionalOnClass found required class 'org.springframework.scheduling.concurrent.ThreadPoolTaskExecutor' (OnClassCondition)

   TaskExecutorConfigurations.SimpleAsyncTaskExecutorBuilderConfiguration#simpleAsyncTaskExecutorBuilder matched:
      - @ConditionalOnMissingBean (types: org.springframework.boot.task.SimpleAsyncTaskExecutorBuilder; SearchStrategy: all) did not find any beans (OnBeanCondition)
      - @ConditionalOnThreading found PLATFORM (OnThreadingCondition)

   TaskExecutorConfigurations.TaskExecutorConfiguration matched:
      - @ConditionalOnMissingBean (types: java.util.concurrent.Executor; SearchStrategy: all) did not find any beans (OnBeanCondition)

   TaskExecutorConfigurations.TaskExecutorConfiguration#applicationTaskExecutor matched:
      - @ConditionalOnThreading found PLATFORM (OnThreadingCondition)

   TaskExecutorConfigurations.ThreadPoolTaskExecutorBuilderConfiguration#threadPoolTaskExecutorBuilder matched:
      - @ConditionalOnMissingBean (types: org.springframework.boot.task.ThreadPoolTaskExecutorBuilder; SearchStrategy: all) did not find any beans (OnBeanCondition)

   TaskSchedulingAutoConfiguration matched:
      - @ConditionalOnClass found required class 'org.springframework.scheduling.concurrent.ThreadPoolTaskScheduler' (OnClassCondition)

   TaskSchedulingConfigurations.SimpleAsyncTaskSchedulerBuilderConfiguration#simpleAsyncTaskSchedulerBuilder matched:
      - @ConditionalOnMissingBean (types: org.springframework.boot.task.SimpleAsyncTaskSchedulerBuilder; SearchStrategy: all) did not find any beans (OnBeanCondition)
      - @ConditionalOnThreading found PLATFORM (OnThreadingCondition)

   TaskSchedulingConfigurations.ThreadPoolTaskSchedulerBuilderConfiguration#threadPoolTaskSchedulerBuilder matched:
      - @ConditionalOnMissingBean (types: org.springframework.boot.task.ThreadPoolTaskSchedulerBuilder; SearchStrategy: all) did not find any beans (OnBeanCondition)

   TransactionAutoConfiguration matched:
      - @ConditionalOnClass found required class 'org.springframework.transaction.PlatformTransactionManager' (OnClassCondition)

   TransactionManagerCustomizationAutoConfiguration matched:
      - @ConditionalOnClass found required class 'org.springframework.transaction.PlatformTransactionManager' (OnClassCondition)

   TransactionManagerCustomizationAutoConfiguration#platformTransactionManagerCustomizers matched:
      - @ConditionalOnMissingBean (types: org.springframework.boot.autoconfigure.transaction.TransactionManagerCustomizers; SearchStrategy: all) did not find any beans (OnBeanCondition)

   WebMvcAutoConfiguration matched:
      - @ConditionalOnClass found required classes 'jakarta.servlet.Servlet', 'org.springframework.web.servlet.DispatcherServlet', 'org.springframework.web.servlet.config.annotation.WebMvcConfigurer' (OnClassCondition)
      - found 'session' scope (OnWebApplicationCondition)
      - @ConditionalOnMissingBean (types: org.springframework.web.servlet.config.annotation.WebMvcConfigurationSupport; SearchStrategy: all) did not find any beans (OnBeanCondition)

   WebMvcAutoConfiguration#formContentFilter matched:
      - @ConditionalOnProperty (spring.mvc.formcontent.filter.enabled) matched (OnPropertyCondition)
      - @ConditionalOnMissingBean (types: org.springframework.web.filter.FormContentFilter; SearchStrategy: all) did not find any beans (OnBeanCondition)

   WebMvcAutoConfiguration.EnableWebMvcConfiguration#flashMapManager matched:
      - @ConditionalOnMissingBean (names: flashMapManager; SearchStrategy: all) did not find any beans (OnBeanCondition)

   WebMvcAutoConfiguration.EnableWebMvcConfiguration#localeResolver matched:
      - @ConditionalOnMissingBean (names: localeResolver; SearchStrategy: all) did not find any beans (OnBeanCondition)

   WebMvcAutoConfiguration.EnableWebMvcConfiguration#themeResolver matched:
      - @ConditionalOnMissingBean (names: themeResolver; SearchStrategy: all) did not find any beans (OnBeanCondition)

   WebMvcAutoConfiguration.EnableWebMvcConfiguration#viewNameTranslator matched:
      - @ConditionalOnMissingBean (names: viewNameTranslator; SearchStrategy: all) did not find any beans (OnBeanCondition)

   WebMvcAutoConfiguration.WebMvcAutoConfigurationAdapter#defaultViewResolver matched:
      - @ConditionalOnMissingBean (types: org.springframework.web.servlet.view.InternalResourceViewResolver; SearchStrategy: all) did not find any beans (OnBeanCondition)

   WebMvcAutoConfiguration.WebMvcAutoConfigurationAdapter#requestContextFilter matched:
      - @ConditionalOnMissingBean (types: org.springframework.web.context.request.RequestContextListener,org.springframework.web.filter.RequestContextFilter; SearchStrategy: all) did not find any beans (OnBeanCondition)

   WebMvcAutoConfiguration.WebMvcAutoConfigurationAdapter#viewResolver matched:
      - @ConditionalOnBean (types: org.springframework.web.servlet.ViewResolver; SearchStrategy: all) found beans 'defaultViewResolver', 'beanNameViewResolver', 'mvcViewResolver'; @ConditionalOnMissingBean (names: viewResolver types: org.springframework.web.servlet.view.ContentNegotiatingViewResolver; SearchStrategy: all) did not find any beans (OnBeanCondition)

   WebSocketServletAutoConfiguration matched:
      - @ConditionalOnClass found required classes 'jakarta.servlet.Servlet', 'jakarta.websocket.server.ServerContainer' (OnClassCondition)
      - found 'session' scope (OnWebApplicationCondition)

   WebSocketServletAutoConfiguration.TomcatWebSocketConfiguration matched:
      - @ConditionalOnClass found required classes 'org.apache.catalina.startup.Tomcat', 'org.apache.tomcat.websocket.server.WsSci' (OnClassCondition)

   WebSocketServletAutoConfiguration.TomcatWebSocketConfiguration#websocketServletWebServerCustomizer matched:
      - @ConditionalOnMissingBean (names: websocketServletWebServerCustomizer; SearchStrategy: all) did not find any beans (OnBeanCondition)


Negative matches:
-----------------

   ActiveMQAutoConfiguration:
      Did not match:
         - @ConditionalOnClass did not find required class 'jakarta.jms.ConnectionFactory' (OnClassCondition)

   AopAutoConfiguration.AspectJAutoProxyingConfiguration:
      Did not match:
         - @ConditionalOnClass did not find required class 'org.aspectj.weaver.Advice' (OnClassCondition)

   ArtemisAutoConfiguration:
      Did not match:
         - @ConditionalOnClass did not find required class 'jakarta.jms.ConnectionFactory' (OnClassCondition)

   BatchAutoConfiguration:
      Did not match:
         - @ConditionalOnClass did not find required class 'org.springframework.batch.core.launch.JobLauncher' (OnClassCondition)

   Cache2kCacheConfiguration:
      Did not match:
         - @ConditionalOnClass did not find required class 'org.cache2k.Cache2kBuilder' (OnClassCondition)

   CacheAutoConfiguration:
      Did not match:
         - @ConditionalOnBean (types: org.springframework.cache.interceptor.CacheAspectSupport; SearchStrategy: all) did not find any beans of type org.springframework.cache.interceptor.CacheAspectSupport (OnBeanCondition)
      Matched:
         - @ConditionalOnClass found required class 'org.springframework.cache.CacheManager' (OnClassCondition)

   CacheAutoConfiguration.CacheManagerEntityManagerFactoryDependsOnPostProcessor:
      Did not match:
         - @ConditionalOnClass did not find required class 'org.springframework.orm.jpa.LocalContainerEntityManagerFactoryBean' (OnClassCondition)
         - Ancestor org.springframework.boot.autoconfigure.cache.CacheAutoConfiguration did not match (ConditionEvaluationReport.AncestorsMatchedCondition)

   CaffeineCacheConfiguration:
      Did not match:
         - @ConditionalOnClass did not find required class 'com.github.benmanes.caffeine.cache.Caffeine' (OnClassCondition)

   CassandraAutoConfiguration:
      Did not match:
         - @ConditionalOnClass did not find required class 'com.datastax.oss.driver.api.core.CqlSession' (OnClassCondition)

   CassandraDataAutoConfiguration:
      Did not match:
         - @ConditionalOnClass did not find required class 'com.datastax.oss.driver.api.core.CqlSession' (OnClassCondition)

   CassandraReactiveDataAutoConfiguration:
      Did not match:
         - @ConditionalOnClass did not find required class 'com.datastax.oss.driver.api.core.CqlSession' (OnClassCondition)

   CassandraReactiveRepositoriesAutoConfiguration:
      Did not match:
         - @ConditionalOnClass did not find required class 'org.springframework.data.cassandra.ReactiveSession' (OnClassCondition)

   CassandraRepositoriesAutoConfiguration:
      Did not match:
         - @ConditionalOnClass did not find required class 'com.datastax.oss.driver.api.core.CqlSession' (OnClassCondition)

   ClientHttpConnectorAutoConfiguration:
      Did not match:
         - @ConditionalOnClass did not find required class 'org.springframework.web.reactive.function.client.WebClient' (OnClassCondition)

   CodecsAutoConfiguration:
      Did not match:
         - @ConditionalOnClass did not find required class 'org.springframework.web.reactive.function.client.WebClient' (OnClassCondition)

   CouchbaseAutoConfiguration:
      Did not match:
         - @ConditionalOnClass did not find required class 'com.couchbase.client.java.Cluster' (OnClassCondition)

   CouchbaseCacheConfiguration:
      Did not match:
         - @ConditionalOnClass did not find required class 'com.couchbase.client.java.Cluster' (OnClassCondition)

   CouchbaseDataAutoConfiguration:
      Did not match:
         - @ConditionalOnClass did not find required class 'com.couchbase.client.java.Bucket' (OnClassCondition)

   CouchbaseReactiveDataAutoConfiguration:
      Did not match:
         - @ConditionalOnClass did not find required class 'com.couchbase.client.java.Cluster' (OnClassCondition)

   CouchbaseReactiveRepositoriesAutoConfiguration:
      Did not match:
         - @ConditionalOnClass did not find required class 'com.couchbase.client.java.Cluster' (OnClassCondition)

   CouchbaseRepositoriesAutoConfiguration:
      Did not match:
         - @ConditionalOnClass did not find required class 'com.couchbase.client.java.Bucket' (OnClassCondition)

   DataSourceAutoConfiguration:
      Did not match:
         - @ConditionalOnClass did not find required class 'org.springframework.jdbc.datasource.embedded.EmbeddedDatabaseType' (OnClassCondition)

   DataSourceInitializationConfiguration:
      Did not match:
         - @ConditionalOnClass did not find required class 'org.springframework.jdbc.datasource.init.DatabasePopulator' (OnClassCondition)

   DataSourceTransactionManagerAutoConfiguration:
      Did not match:
         - @ConditionalOnClass did not find required class 'org.springframework.jdbc.core.JdbcTemplate' (OnClassCondition)

   DispatcherServletAutoConfiguration.DispatcherServletConfiguration#multipartResolver:
      Did not match:
         - @ConditionalOnBean (types: org.springframework.web.multipart.MultipartResolver; SearchStrategy: all) did not find any beans of type org.springframework.web.multipart.MultipartResolver (OnBeanCondition)

   ElasticsearchClientAutoConfiguration:
      Did not match:
         - @ConditionalOnClass did not find required class 'co.elastic.clients.elasticsearch.ElasticsearchClient' (OnClassCondition)

   ElasticsearchDataAutoConfiguration:
      Did not match:
         - @ConditionalOnClass did not find required class 'org.springframework.data.elasticsearch.client.elc.ElasticsearchTemplate' (OnClassCondition)

   ElasticsearchRepositoriesAutoConfiguration:
      Did not match:
         - @ConditionalOnClass did not find required class 'org.springframework.data.elasticsearch.repository.ElasticsearchRepository' (OnClassCondition)

   ElasticsearchRestClientAutoConfiguration:
      Did not match:
         - @ConditionalOnClass did not find required class 'org.elasticsearch.client.RestClientBuilder' (OnClassCondition)

   EmbeddedLdapAutoConfiguration:
      Did not match:
         - @ConditionalOnClass did not find required class 'com.unboundid.ldap.listener.InMemoryDirectoryServer' (OnClassCondition)

   EmbeddedWebServerFactoryCustomizerAutoConfiguration:
      Did not match:
         - Application is deployed as a WAR file. (OnWarDeploymentCondition)
      Matched:
         - @ConditionalOnWebApplication (required) found 'session' scope (OnWebApplicationCondition)

   ErrorWebFluxAutoConfiguration:
      Did not match:
         - @ConditionalOnClass did not find required class 'org.springframework.web.reactive.config.WebFluxConfigurer' (OnClassCondition)

   FlywayAutoConfiguration:
      Did not match:
         - @ConditionalOnClass did not find required class 'org.flywaydb.core.Flyway' (OnClassCondition)

   FreeMarkerAutoConfiguration:
      Did not match:
         - @ConditionalOnClass did not find required class 'freemarker.template.Configuration' (OnClassCondition)

   GraphQlAutoConfiguration:
      Did not match:
         - @ConditionalOnClass did not find required class 'graphql.GraphQL' (OnClassCondition)

   GraphQlQueryByExampleAutoConfiguration:
      Did not match:
         - @ConditionalOnClass did not find required class 'graphql.GraphQL' (OnClassCondition)

   GraphQlQuerydslAutoConfiguration:
      Did not match:
         - @ConditionalOnClass did not find required class 'com.querydsl.core.Query' (OnClassCondition)

   GraphQlRSocketAutoConfiguration:
      Did not match:
         - @ConditionalOnClass did not find required class 'graphql.GraphQL' (OnClassCondition)

   GraphQlReactiveQueryByExampleAutoConfiguration:
      Did not match:
         - @ConditionalOnClass did not find required class 'graphql.GraphQL' (OnClassCondition)

   GraphQlReactiveQuerydslAutoConfiguration:
      Did not match:
         - @ConditionalOnClass did not find required class 'com.querydsl.core.Query' (OnClassCondition)

   GraphQlWebFluxAutoConfiguration:
      Did not match:
         - @ConditionalOnClass did not find required class 'graphql.GraphQL' (OnClassCondition)

   GraphQlWebFluxSecurityAutoConfiguration:
      Did not match:
         - @ConditionalOnClass did not find required class 'graphql.GraphQL' (OnClassCondition)

   GraphQlWebMvcAutoConfiguration:
      Did not match:
         - @ConditionalOnClass did not find required class 'graphql.GraphQL' (OnClassCondition)

   GraphQlWebMvcSecurityAutoConfiguration:
      Did not match:
         - @ConditionalOnClass did not find required class 'graphql.GraphQL' (OnClassCondition)

   GroovyTemplateAutoConfiguration:
      Did not match:
         - @ConditionalOnClass did not find required class 'groovy.text.markup.MarkupTemplateEngine' (OnClassCondition)

   GsonAutoConfiguration:
      Did not match:
         - @ConditionalOnClass did not find required class 'com.google.gson.Gson' (OnClassCondition)

   GsonHttpMessageConvertersConfiguration:
      Did not match:
         - @ConditionalOnClass did not find required class 'com.google.gson.Gson' (OnClassCondition)

   H2ConsoleAutoConfiguration:
      Did not match:
         - @ConditionalOnClass did not find required class 'org.h2.server.web.JakartaWebServlet' (OnClassCondition)

   HazelcastAutoConfiguration:
      Did not match:
         - @ConditionalOnClass did not find required class 'com.hazelcast.core.HazelcastInstance' (OnClassCondition)

   HazelcastCacheConfiguration:
      Did not match:
         - @ConditionalOnClass did not find required class 'com.hazelcast.core.HazelcastInstance' (OnClassCondition)

   HazelcastJpaDependencyAutoConfiguration:
      Did not match:
         - @ConditionalOnClass did not find required class 'com.hazelcast.core.HazelcastInstance' (OnClassCondition)

   HibernateJpaAutoConfiguration:
      Did not match:
         - @ConditionalOnClass did not find required class 'jakarta.persistence.EntityManager' (OnClassCondition)

   HttpHandlerAutoConfiguration:
      Did not match:
         - @ConditionalOnClass did not find required class 'org.springframework.web.reactive.DispatcherHandler' (OnClassCondition)

   HypermediaAutoConfiguration:
      Did not match:
         - @ConditionalOnClass did not find required class 'org.springframework.hateoas.EntityModel' (OnClassCondition)

   InfinispanCacheConfiguration:
      Did not match:
         - @ConditionalOnClass did not find required class 'org.infinispan.spring.embedded.provider.SpringEmbeddedCacheManager' (OnClassCondition)

   IntegrationAutoConfiguration:
      Did not match:
         - @ConditionalOnClass did not find required class 'org.springframework.integration.config.EnableIntegration' (OnClassCondition)

   JCacheCacheConfiguration:
      Did not match:
         - @ConditionalOnClass did not find required class 'javax.cache.Caching' (OnClassCondition)

   JacksonHttpMessageConvertersConfiguration.MappingJackson2XmlHttpMessageConverterConfiguration:
      Did not match:
         - @ConditionalOnClass did not find required class 'com.fasterxml.jackson.dataformat.xml.XmlMapper' (OnClassCondition)

   JdbcClientAutoConfiguration:
      Did not match:
         - @ConditionalOnSingleCandidate did not find required type 'org.springframework.jdbc.core.namedparam.NamedParameterJdbcTemplate' (OnBeanCondition)

   JdbcRepositoriesAutoConfiguration:
      Did not match:
         - @ConditionalOnClass did not find required class 'org.springframework.data.jdbc.repository.config.AbstractJdbcConfiguration' (OnClassCondition)

   JdbcTemplateAutoConfiguration:
      Did not match:
         - @ConditionalOnClass did not find required class 'org.springframework.jdbc.core.JdbcTemplate' (OnClassCondition)

   JerseyAutoConfiguration:
      Did not match:
         - @ConditionalOnClass did not find required class 'org.glassfish.jersey.server.spring.SpringComponentProvider' (OnClassCondition)

   JmsAutoConfiguration:
      Did not match:
         - @ConditionalOnClass did not find required class 'jakarta.jms.Message' (OnClassCondition)

   JmxAutoConfiguration:
      Did not match:
         - @ConditionalOnProperty (spring.jmx.enabled=true) found different value in property 'enabled' (OnPropertyCondition)
      Matched:
         - @ConditionalOnClass found required class 'org.springframework.jmx.export.MBeanExporter' (OnClassCondition)

   JndiConnectionFactoryAutoConfiguration:
      Did not match:
         - @ConditionalOnClass did not find required class 'org.springframework.jms.core.JmsTemplate' (OnClassCondition)

   JndiDataSourceAutoConfiguration:
      Did not match:
         - @ConditionalOnClass did not find required class 'org.springframework.jdbc.datasource.embedded.EmbeddedDatabaseType' (OnClassCondition)

   JooqAutoConfiguration:
      Did not match:
         - @ConditionalOnClass did not find required class 'org.jooq.DSLContext' (OnClassCondition)

   JpaRepositoriesAutoConfiguration:
      Did not match:
         - @ConditionalOnClass did not find required class 'org.springframework.data.jpa.repository.JpaRepository' (OnClassCondition)

   JsonbAutoConfiguration:
      Did not match:
         - @ConditionalOnClass did not find required class 'jakarta.json.bind.Jsonb' (OnClassCondition)

   JsonbHttpMessageConvertersConfiguration:
      Did not match:
         - @ConditionalOnClass did not find required class 'jakarta.json.bind.Jsonb' (OnClassCondition)

   JtaAutoConfiguration:
      Did not match:
         - @ConditionalOnClass did not find required class 'jakarta.transaction.Transaction' (OnClassCondition)

   KafkaAutoConfiguration:
      Did not match:
         - @ConditionalOnClass did not find required class 'org.springframework.kafka.core.KafkaTemplate' (OnClassCondition)

   LdapAutoConfiguration:
      Did not match:
         - @ConditionalOnClass did not find required class 'org.springframework.ldap.core.ContextSource' (OnClassCondition)

   LdapRepositoriesAutoConfiguration:
      Did not match:
         - @ConditionalOnClass did not find required class 'org.springframework.data.ldap.repository.LdapRepository' (OnClassCondition)

   LiquibaseAutoConfiguration:
      Did not match:
         - @ConditionalOnClass did not find required class 'liquibase.change.DatabaseChange' (OnClassCondition)

   MailSenderAutoConfiguration:
      Did not match:
         - @ConditionalOnClass did not find required class 'jakarta.mail.internet.MimeMessage' (OnClassCondition)

   MailSenderValidatorAutoConfiguration:
      Did not match:
         - @ConditionalOnSingleCandidate did not find required type 'org.springframework.mail.javamail.JavaMailSenderImpl' (OnBeanCondition)

   MessageSourceAutoConfiguration:
      Did not match:
         - ResourceBundle did not find bundle with basename messages (MessageSourceAutoConfiguration.ResourceBundleCondition)

   MongoDataAutoConfiguration#mongoConnectionDetails:
      Did not match:
         - @ConditionalOnMissingBean (types: org.springframework.boot.autoconfigure.mongo.MongoConnectionDetails; SearchStrategy: all) found beans of type 'org.springframework.boot.autoconfigure.mongo.MongoConnectionDetails' mongoConnectionDetails (OnBeanCondition)

   MongoReactiveAutoConfiguration:
      Did not match:
         - @ConditionalOnClass did not find required class 'com.mongodb.reactivestreams.client.MongoClient' (OnClassCondition)

   MongoReactiveDataAutoConfiguration:
      Did not match:
         - @ConditionalOnClass did not find required class 'com.mongodb.reactivestreams.client.MongoClient' (OnClassCondition)

   MongoReactiveRepositoriesAutoConfiguration:
      Did not match:
         - @ConditionalOnClass did not find required class 'com.mongodb.reactivestreams.client.MongoClient' (OnClassCondition)

   MustacheAutoConfiguration:
      Did not match:
         - @ConditionalOnClass did not find required class 'com.samskivert.mustache.Mustache' (OnClassCondition)

   Neo4jAutoConfiguration:
      Did not match:
         - @ConditionalOnClass did not find required class 'org.neo4j.driver.Driver' (OnClassCondition)

   Neo4jDataAutoConfiguration:
      Did not match:
         - @ConditionalOnClass did not find required class 'org.neo4j.driver.Driver' (OnClassCondition)

   Neo4jReactiveDataAutoConfiguration:
      Did not match:
         - @ConditionalOnClass did not find required class 'org.neo4j.driver.Driver' (OnClassCondition)

   Neo4jReactiveRepositoriesAutoConfiguration:
      Did not match:
         - @ConditionalOnClass did not find required class 'org.neo4j.driver.Driver' (OnClassCondition)

   Neo4jRepositoriesAutoConfiguration:
      Did not match:
         - @ConditionalOnClass did not find required class 'org.neo4j.driver.Driver' (OnClassCondition)

   NettyAutoConfiguration:
      Did not match:
         - @ConditionalOnClass did not find required class 'io.netty.util.NettyRuntime' (OnClassCondition)

   OAuth2AuthorizationServerAutoConfiguration:
      Did not match:
         - @ConditionalOnClass did not find required class 'org.springframework.security.oauth2.server.authorization.OAuth2Authorization' (OnClassCondition)

   OAuth2AuthorizationServerJwtAutoConfiguration:
      Did not match:
         - @ConditionalOnClass did not find required class 'com.nimbusds.jose.jwk.source.JWKSource' (OnClassCondition)

   OAuth2ClientAutoConfiguration:
      Did not match:
         - @ConditionalOnClass did not find required class 'org.springframework.security.oauth2.client.registration.ClientRegistration' (OnClassCondition)

   OAuth2ResourceServerAutoConfiguration:
      Did not match:
         - @ConditionalOnClass did not find required class 'org.springframework.security.oauth2.server.resource.authentication.BearerTokenAuthenticationToken' (OnClassCondition)

   ProjectInfoAutoConfiguration#buildProperties:
      Did not match:
         - @ConditionalOnResource did not find resource '${spring.info.build.location:classpath:META-INF/build-info.properties}' (OnResourceCondition)

   ProjectInfoAutoConfiguration#gitProperties:
      Did not match:
         - GitResource did not find git info at classpath:git.properties (ProjectInfoAutoConfiguration.GitResourceAvailableCondition)

   PulsarAutoConfiguration:
      Did not match:
         - @ConditionalOnClass did not find required class 'org.apache.pulsar.client.api.PulsarClient' (OnClassCondition)

   PulsarReactiveAutoConfiguration:
      Did not match:
         - @ConditionalOnClass did not find required class 'org.apache.pulsar.client.api.PulsarClient' (OnClassCondition)

   QuartzAutoConfiguration:
      Did not match:
         - @ConditionalOnClass did not find required class 'org.quartz.Scheduler' (OnClassCondition)

   R2dbcAutoConfiguration:
      Did not match:
         - @ConditionalOnClass did not find required class 'io.r2dbc.spi.ConnectionFactory' (OnClassCondition)

   R2dbcDataAutoConfiguration:
      Did not match:
         - @ConditionalOnClass did not find required class 'org.springframework.data.r2dbc.core.R2dbcEntityTemplate' (OnClassCondition)

   R2dbcInitializationConfiguration:
      Did not match:
         - @ConditionalOnClass did not find required classes 'io.r2dbc.spi.ConnectionFactory', 'org.springframework.r2dbc.connection.init.DatabasePopulator' (OnClassCondition)

   R2dbcProxyAutoConfiguration:
      Did not match:
         - @ConditionalOnClass did not find required class 'io.r2dbc.proxy.ProxyConnectionFactory' (OnClassCondition)

   R2dbcRepositoriesAutoConfiguration:
      Did not match:
         - @ConditionalOnClass did not find required class 'io.r2dbc.spi.ConnectionFactory' (OnClassCondition)

   R2dbcTransactionManagerAutoConfiguration:
      Did not match:
         - @ConditionalOnClass did not find required class 'org.springframework.r2dbc.connection.R2dbcTransactionManager' (OnClassCondition)

   RSocketGraphQlClientAutoConfiguration:
      Did not match:
         - @ConditionalOnClass did not find required class 'graphql.GraphQL' (OnClassCondition)

   RSocketMessagingAutoConfiguration:
      Did not match:
         - @ConditionalOnClass did not find required class 'io.rsocket.RSocket' (OnClassCondition)

   RSocketRequesterAutoConfiguration:
      Did not match:
         - @ConditionalOnClass did not find required class 'io.rsocket.RSocket' (OnClassCondition)

   RSocketSecurityAutoConfiguration:
      Did not match:
         - @ConditionalOnClass did not find required class 'org.springframework.security.rsocket.core.SecuritySocketAcceptorInterceptor' (OnClassCondition)

   RSocketServerAutoConfiguration:
      Did not match:
         - @ConditionalOnClass did not find required class 'io.rsocket.core.RSocketServer' (OnClassCondition)

   RSocketStrategiesAutoConfiguration:
      Did not match:
         - @ConditionalOnClass did not find required class 'io.netty.buffer.PooledByteBufAllocator' (OnClassCondition)

   RabbitAutoConfiguration:
      Did not match:
         - @ConditionalOnClass did not find required class 'com.rabbitmq.client.Channel' (OnClassCondition)

   ReactiveElasticsearchClientAutoConfiguration:
      Did not match:
         - @ConditionalOnClass did not find required class 'co.elastic.clients.transport.ElasticsearchTransport' (OnClassCondition)

   ReactiveElasticsearchRepositoriesAutoConfiguration:
      Did not match:
         - @ConditionalOnClass did not find required class 'reactor.core.publisher.Mono' (OnClassCondition)

   ReactiveMultipartAutoConfiguration:
      Did not match:
         - @ConditionalOnClass did not find required class 'org.springframework.web.reactive.config.WebFluxConfigurer' (OnClassCondition)

   ReactiveOAuth2ClientAutoConfiguration:
      Did not match:
         - @ConditionalOnClass did not find required class 'reactor.core.publisher.Flux' (OnClassCondition)

   ReactiveOAuth2ResourceServerAutoConfiguration:
      Did not match:
         - @ConditionalOnWebApplication did not find reactive web application classes (OnWebApplicationCondition)

   ReactiveSecurityAutoConfiguration:
      Did not match:
         - @ConditionalOnClass did not find required class 'reactor.core.publisher.Flux' (OnClassCondition)

   ReactiveUserDetailsServiceAutoConfiguration:
      Did not match:
         - AnyNestedCondition 0 matched 2 did not; NestedCondition on ReactiveUserDetailsServiceAutoConfiguration.RSocketEnabledOrReactiveWebApplication.ReactiveWebApplicationCondition did not find reactive web application classes; NestedCondition on ReactiveUserDetailsServiceAutoConfiguration.RSocketEnabledOrReactiveWebApplication.RSocketSecurityEnabledCondition @ConditionalOnBean (types: org.springframework.messaging.rsocket.annotation.support.RSocketMessageHandler; SearchStrategy: all) did not find any beans of type org.springframework.messaging.rsocket.annotation.support.RSocketMessageHandler (ReactiveUserDetailsServiceAutoConfiguration.RSocketEnabledOrReactiveWebApplication)
      Matched:
         - @ConditionalOnClass found required class 'org.springframework.security.authentication.ReactiveAuthenticationManager' (OnClassCondition)
         - AnyNestedCondition 1 matched 2 did not; NestedCondition on ReactiveUserDetailsServiceAutoConfiguration.MissingAlternativeOrUserPropertiesConfigured.PasswordConfigured @ConditionalOnProperty (spring.security.user.password) did not find property 'password'; NestedCondition on ReactiveUserDetailsServiceAutoConfiguration.MissingAlternativeOrUserPropertiesConfigured.NameConfigured @ConditionalOnProperty (spring.security.user.name) did not find property 'name'; NestedCondition on ReactiveUserDetailsServiceAutoConfiguration.MissingAlternativeOrUserPropertiesConfigured.MissingAlternative @ConditionalOnMissingClass did not find unwanted classes 'org.springframework.security.oauth2.client.registration.ClientRegistrationRepository', 'org.springframework.security.oauth2.server.resource.introspection.ReactiveOpaqueTokenIntrospector' (ReactiveUserDetailsServiceAutoConfiguration.MissingAlternativeOrUserPropertiesConfigured)

   ReactiveWebServerFactoryAutoConfiguration:
      Did not match:
         - @ConditionalOnWebApplication did not find reactive web application classes (OnWebApplicationCondition)

   ReactorAutoConfiguration:
      Did not match:
         - @ConditionalOnClass did not find required class 'reactor.core.publisher.Hooks' (OnClassCondition)

   RedisAutoConfiguration:
      Did not match:
         - @ConditionalOnClass did not find required class 'org.springframework.data.redis.core.RedisOperations' (OnClassCondition)

   RedisCacheConfiguration:
      Did not match:
         - @ConditionalOnClass did not find required class 'org.springframework.data.redis.connection.RedisConnectionFactory' (OnClassCondition)

   RedisReactiveAutoConfiguration:
      Did not match:
         - @ConditionalOnClass did not find required class 'reactor.core.publisher.Flux' (OnClassCondition)

   RedisRepositoriesAutoConfiguration:
      Did not match:
         - @ConditionalOnClass did not find required class 'org.springframework.data.redis.repository.configuration.EnableRedisRepositories' (OnClassCondition)

   RepositoryRestMvcAutoConfiguration:
      Did not match:
         - @ConditionalOnClass did not find required class 'org.springframework.data.rest.webmvc.config.RepositoryRestMvcConfiguration' (OnClassCondition)

   Saml2RelyingPartyAutoConfiguration:
      Did not match:
         - @ConditionalOnClass did not find required class 'org.springframework.security.saml2.provider.service.registration.RelyingPartyRegistrationRepository' (OnClassCondition)

   SecurityDataConfiguration:
      Did not match:
         - @ConditionalOnClass did not find required class 'org.springframework.security.data.repository.query.SecurityEvaluationContextExtension' (OnClassCondition)

   SendGridAutoConfiguration:
      Did not match:
         - @ConditionalOnClass did not find required class 'com.sendgrid.SendGrid' (OnClassCondition)

   ServletWebServerFactoryAutoConfiguration.ForwardedHeaderFilterConfiguration:
      Did not match:
         - @ConditionalOnProperty (server.forward-headers-strategy=framework) did not find property 'server.forward-headers-strategy' (OnPropertyCondition)

   ServletWebServerFactoryConfiguration.EmbeddedJetty:
      Did not match:
         - @ConditionalOnClass did not find required classes 'org.eclipse.jetty.server.Server', 'org.eclipse.jetty.util.Loader', 'org.eclipse.jetty.ee10.webapp.WebAppContext' (OnClassCondition)

   ServletWebServerFactoryConfiguration.EmbeddedUndertow:
      Did not match:
         - @ConditionalOnClass did not find required classes 'io.undertow.Undertow', 'org.xnio.SslClientAuthMode' (OnClassCondition)

   SessionAutoConfiguration:
      Did not match:
         - @ConditionalOnClass did not find required class 'org.springframework.session.Session' (OnClassCondition)

   SpringApplicationAdminJmxAutoConfiguration:
      Did not match:
         - @ConditionalOnProperty (spring.application.admin.enabled=true) did not find property 'enabled' (OnPropertyCondition)

   SpringBootWebSecurityConfiguration.SecurityFilterChainConfiguration:
      Did not match:
         - AllNestedConditions 1 matched 1 did not; NestedCondition on DefaultWebSecurityCondition.Beans @ConditionalOnMissingBean (types: org.springframework.security.web.SecurityFilterChain; SearchStrategy: all) found beans of type 'org.springframework.security.web.SecurityFilterChain' securityFilterChain; NestedCondition on DefaultWebSecurityCondition.Classes @ConditionalOnClass found required classes 'org.springframework.security.web.SecurityFilterChain', 'org.springframework.security.config.annotation.web.builders.HttpSecurity' (DefaultWebSecurityCondition)

   SpringBootWebSecurityConfiguration.WebSecurityEnablerConfiguration:
      Did not match:
         - @ConditionalOnMissingBean (names: springSecurityFilterChain; SearchStrategy: all) found beans named springSecurityFilterChain (OnBeanCondition)
      Matched:
         - @ConditionalOnClass found required class 'org.springframework.security.config.annotation.web.configuration.EnableWebSecurity' (OnClassCondition)

   TaskExecutorConfigurations.SimpleAsyncTaskExecutorBuilderConfiguration#simpleAsyncTaskExecutorBuilderVirtualThreads:
      Did not match:
         - @ConditionalOnMissingBean (types: org.springframework.boot.task.SimpleAsyncTaskExecutorBuilder; SearchStrategy: all) found beans of type 'org.springframework.boot.task.SimpleAsyncTaskExecutorBuilder' simpleAsyncTaskExecutorBuilder (OnBeanCondition)

   TaskExecutorConfigurations.TaskExecutorConfiguration#applicationTaskExecutorVirtualThreads:
      Did not match:
         - @ConditionalOnThreading did not find VIRTUAL (OnThreadingCondition)

   TaskSchedulingAutoConfiguration#scheduledBeanLazyInitializationExcludeFilter:
      Did not match:
         - @ConditionalOnBean (names: org.springframework.context.annotation.internalScheduledAnnotationProcessor; SearchStrategy: all) did not find any beans named org.springframework.context.annotation.internalScheduledAnnotationProcessor (OnBeanCondition)

   TaskSchedulingConfigurations.SimpleAsyncTaskSchedulerBuilderConfiguration#simpleAsyncTaskSchedulerBuilderVirtualThreads:
      Did not match:
         - @ConditionalOnMissingBean (types: org.springframework.boot.task.SimpleAsyncTaskSchedulerBuilder; SearchStrategy: all) found beans of type 'org.springframework.boot.task.SimpleAsyncTaskSchedulerBuilder' simpleAsyncTaskSchedulerBuilder (OnBeanCondition)

   TaskSchedulingConfigurations.TaskSchedulerConfiguration:
      Did not match:
         - @ConditionalOnBean (names: org.springframework.context.annotation.internalScheduledAnnotationProcessor; SearchStrategy: all) did not find any beans named org.springframework.context.annotation.internalScheduledAnnotationProcessor (OnBeanCondition)

   ThymeleafAutoConfiguration:
      Did not match:
         - @ConditionalOnClass did not find required class 'org.thymeleaf.spring6.SpringTemplateEngine' (OnClassCondition)

   TransactionAutoConfiguration#transactionalOperator:
      Did not match:
         - @ConditionalOnSingleCandidate (types: org.springframework.transaction.ReactiveTransactionManager; SearchStrategy: all) did not find any beans (OnBeanCondition)

   TransactionAutoConfiguration.AspectJTransactionManagementConfiguration:
      Did not match:
         - @ConditionalOnBean did not find required type 'org.springframework.transaction.aspectj.AbstractTransactionAspect' (OnBeanCondition)
         - @ConditionalOnBean (types: org.springframework.transaction.aspectj.AbstractTransactionAspect; SearchStrategy: all) did not find any beans of type org.springframework.transaction.aspectj.AbstractTransactionAspect (OnBeanCondition)

   TransactionAutoConfiguration.EnableTransactionManagementConfiguration:
      Did not match:
         - @ConditionalOnBean (types: org.springframework.transaction.TransactionManager; SearchStrategy: all) did not find any beans of type org.springframework.transaction.TransactionManager (OnBeanCondition)

   TransactionAutoConfiguration.EnableTransactionManagementConfiguration.CglibAutoProxyConfiguration:
      Did not match:
         - Ancestor org.springframework.boot.autoconfigure.transaction.TransactionAutoConfiguration$EnableTransactionManagementConfiguration did not match (ConditionEvaluationReport.AncestorsMatchedCondition)
      Matched:
         - @ConditionalOnProperty (spring.aop.proxy-target-class=true) matched (OnPropertyCondition)

   TransactionAutoConfiguration.EnableTransactionManagementConfiguration.JdkDynamicAutoProxyConfiguration:
      Did not match:
         - @ConditionalOnProperty (spring.aop.proxy-target-class=false) did not find property 'proxy-target-class' (OnPropertyCondition)
         - Ancestor org.springframework.boot.autoconfigure.transaction.TransactionAutoConfiguration$EnableTransactionManagementConfiguration did not match (ConditionEvaluationReport.AncestorsMatchedCondition)

   TransactionAutoConfiguration.TransactionTemplateConfiguration:
      Did not match:
         - @ConditionalOnSingleCandidate (types: org.springframework.transaction.PlatformTransactionManager; SearchStrategy: all) did not find any beans (OnBeanCondition)

   UserDetailsServiceAutoConfiguration:
      Did not match:
         - @ConditionalOnMissingBean (types: org.springframework.security.authentication.AuthenticationManager,org.springframework.security.authentication.AuthenticationProvider,org.springframework.security.core.userdetails.UserDetailsService,org.springframework.security.authentication.AuthenticationManagerResolver,org.springframework.security.oauth2.jwt.JwtDecoder; SearchStrategy: all) found beans of type 'org.springframework.security.authentication.AuthenticationManager' authenticationManager and found beans of type 'org.springframework.security.core.userdetails.UserDetailsService' userDetailsServiceImpl (OnBeanCondition)
      Matched:
         - @ConditionalOnClass found required class 'org.springframework.security.authentication.AuthenticationManager' (OnClassCondition)
         - found 'session' scope (OnWebApplicationCondition)
         - AnyNestedCondition 1 matched 2 did not; NestedCondition on UserDetailsServiceAutoConfiguration.MissingAlternativeOrUserPropertiesConfigured.PasswordConfigured @ConditionalOnProperty (spring.security.user.password) did not find property 'password'; NestedCondition on UserDetailsServiceAutoConfiguration.MissingAlternativeOrUserPropertiesConfigured.NameConfigured @ConditionalOnProperty (spring.security.user.name) did not find property 'name'; NestedCondition on UserDetailsServiceAutoConfiguration.MissingAlternativeOrUserPropertiesConfigured.MissingAlternative @ConditionalOnMissingClass did not find unwanted classes 'org.springframework.security.oauth2.client.registration.ClientRegistrationRepository', 'org.springframework.security.oauth2.server.resource.introspection.OpaqueTokenIntrospector', 'org.springframework.security.saml2.provider.service.registration.RelyingPartyRegistrationRepository' (UserDetailsServiceAutoConfiguration.MissingAlternativeOrUserPropertiesConfigured)

   ValidationAutoConfiguration:
      Did not match:
         - @ConditionalOnClass did not find required class 'jakarta.validation.executable.ExecutableValidator' (OnClassCondition)

   WebClientAutoConfiguration:
      Did not match:
         - @ConditionalOnClass did not find required class 'org.springframework.web.reactive.function.client.WebClient' (OnClassCondition)

   WebFluxAutoConfiguration:
      Did not match:
         - @ConditionalOnClass did not find required class 'org.springframework.web.reactive.config.WebFluxConfigurer' (OnClassCondition)

   WebMvcAutoConfiguration#hiddenHttpMethodFilter:
      Did not match:
         - @ConditionalOnProperty (spring.mvc.hiddenmethod.filter.enabled) did not find property 'enabled' (OnPropertyCondition)

   WebMvcAutoConfiguration.ProblemDetailsErrorHandlingConfiguration:
      Did not match:
         - @ConditionalOnProperty (spring.mvc.problemdetails.enabled=true) did not find property 'enabled' (OnPropertyCondition)

   WebMvcAutoConfiguration.ResourceChainCustomizerConfiguration:
      Did not match:
         - @ConditionalOnEnabledResourceChain did not find class org.webjars.WebJarVersionLocator (OnEnabledResourceChainCondition)

   WebMvcAutoConfiguration.WebMvcAutoConfigurationAdapter#beanNameViewResolver:
      Did not match:
         - @ConditionalOnMissingBean (types: org.springframework.web.servlet.view.BeanNameViewResolver; SearchStrategy: all) found beans of type 'org.springframework.web.servlet.view.BeanNameViewResolver' beanNameViewResolver (OnBeanCondition)

   WebServiceTemplateAutoConfiguration:
      Did not match:
         - @ConditionalOnClass did not find required class 'org.springframework.oxm.Marshaller' (OnClassCondition)

   WebServicesAutoConfiguration:
      Did not match:
         - @ConditionalOnClass did not find required class 'org.springframework.ws.transport.http.MessageDispatcherServlet' (OnClassCondition)

   WebSessionIdResolverAutoConfiguration:
      Did not match:
         - @ConditionalOnClass did not find required class 'reactor.core.publisher.Mono' (OnClassCondition)

   WebSocketMessagingAutoConfiguration:
      Did not match:
         - @ConditionalOnClass did not find required class 'org.springframework.web.socket.config.annotation.WebSocketMessageBrokerConfigurer' (OnClassCondition)

   WebSocketReactiveAutoConfiguration:
      Did not match:
         - @ConditionalOnWebApplication did not find reactive web application classes (OnWebApplicationCondition)

   WebSocketServletAutoConfiguration.JettyWebSocketConfiguration:
      Did not match:
         - @ConditionalOnClass did not find required class 'org.eclipse.jetty.ee10.websocket.jakarta.server.config.JakartaWebSocketServletContainerInitializer' (OnClassCondition)

   WebSocketServletAutoConfiguration.UndertowWebSocketConfiguration:
      Did not match:
         - @ConditionalOnClass did not find required class 'io.undertow.websockets.jsr.Bootstrap' (OnClassCondition)

   XADataSourceAutoConfiguration:
      Did not match:
         - @ConditionalOnClass did not find required class 'jakarta.transaction.TransactionManager' (OnClassCondition)


Exclusions:
-----------

    None


Unconditional classes:
----------------------

    org.springframework.boot.autoconfigure.context.ConfigurationPropertiesAutoConfiguration

    org.springframework.boot.autoconfigure.ssl.SslAutoConfiguration

    org.springframework.boot.autoconfigure.context.LifecycleAutoConfiguration

    org.springframework.boot.autoconfigure.context.PropertyPlaceholderAutoConfiguration

    org.springframework.boot.autoconfigure.availability.ApplicationAvailabilityAutoConfiguration

    org.springframework.boot.autoconfigure.info.ProjectInfoAutoConfiguration



22:16:10.629 [main] INFO  c.j.s.j.JournalAppApplicationTests -Started JournalAppApplicationTests in 6.727 seconds (process running for 10.164)
22:16:10.635 [main] DEBUG o.s.b.a.ApplicationAvailabilityBean -Application availability state LivenessState changed to CORRECT
22:16:10.643 [main] DEBUG o.s.b.a.ApplicationAvailabilityBean -Application availability state ReadinessState changed to ACCEPTING_TRAFFIC
22:16:10.651 [main] DEBUG o.springframework.test.context.cache -Spring test ApplicationContext cache statistics: [DefaultContextCache@8debe42 size = 1, maxSize = 32, parentContextCount = 0, hitCount = 0, missCount = 1, failureCount = 0]
22:16:10.653 [main] DEBUG o.s.t.c.w.ServletTestExecutionListener -Setting up MockHttpServletRequest, MockHttpServletResponse, ServletWebRequest, and RequestContextHolder for test class com.journalingapp.soham.journalApp.JournalAppApplicationTests
22:16:10.726 [main] DEBUG o.s.t.c.s.DependencyInjectionTestExecutionListener -Performing dependency injection for test class com.journalingapp.soham.journalApp.JournalAppApplicationTests
22:16:10.726 [main] DEBUG o.springframework.test.context.cache -Spring test ApplicationContext cache statistics: [DefaultContextCache@8debe42 size = 1, maxSize = 32, parentContextCount = 0, hitCount = 1, missCount = 1, failureCount = 0]
22:16:10.731 [main] DEBUG o.springframework.test.context.cache -Spring test ApplicationContext cache statistics: [DefaultContextCache@8debe42 size = 1, maxSize = 32, parentContextCount = 0, hitCount = 2, missCount = 1, failureCount = 0]
22:16:10.748 [main] DEBUG o.s.t.c.s.DirtiesContextBeforeModesTestExecutionListener -Before test method: class [JournalAppApplicationTests], method [contextLoads], class annotated with @DirtiesContext [false] with mode [null], method annotated with @DirtiesContext [false] with mode [null]
22:16:10.758 [main] DEBUG o.springframework.test.context.cache -Spring test ApplicationContext cache statistics: [DefaultContextCache@8debe42 size = 1, maxSize = 32, parentContextCount = 0, hitCount = 3, missCount = 1, failureCount = 0]
22:16:10.758 [main] DEBUG o.springframework.test.context.cache -Spring test ApplicationContext cache statistics: [DefaultContextCache@8debe42 size = 1, maxSize = 32, parentContextCount = 0, hitCount = 4, missCount = 1, failureCount = 0]
22:16:13.030 [main] DEBUG o.springframework.test.context.cache -Spring test ApplicationContext cache statistics: [DefaultContextCache@8debe42 size = 1, maxSize = 32, parentContextCount = 0, hitCount = 5, missCount = 1, failureCount = 0]
22:16:13.039 [main] DEBUG o.springframework.test.context.cache -Spring test ApplicationContext cache statistics: [DefaultContextCache@8debe42 size = 1, maxSize = 32, parentContextCount = 0, hitCount = 6, missCount = 1, failureCount = 0]
22:16:13.053 [main] DEBUG o.springframework.test.context.cache -Spring test ApplicationContext cache statistics: [DefaultContextCache@8debe42 size = 1, maxSize = 32, parentContextCount = 0, hitCount = 7, missCount = 1, failureCount = 0]
22:16:13.055 [main] DEBUG o.springframework.test.context.cache -Spring test ApplicationContext cache statistics: [DefaultContextCache@8debe42 size = 1, maxSize = 32, parentContextCount = 0, hitCount = 8, missCount = 1, failureCount = 0]
22:16:13.057 [main] DEBUG o.springframework.test.context.cache -Spring test ApplicationContext cache statistics: [DefaultContextCache@8debe42 size = 1, maxSize = 32, parentContextCount = 0, hitCount = 9, missCount = 1, failureCount = 0]
22:16:13.057 [main] DEBUG o.springframework.test.context.cache -Spring test ApplicationContext cache statistics: [DefaultContextCache@8debe42 size = 1, maxSize = 32, parentContextCount = 0, hitCount = 10, missCount = 1, failureCount = 0]
22:16:13.060 [main] DEBUG o.springframework.test.context.cache -Spring test ApplicationContext cache statistics: [DefaultContextCache@8debe42 size = 1, maxSize = 32, parentContextCount = 0, hitCount = 11, missCount = 1, failureCount = 0]
22:16:13.064 [main] DEBUG o.springframework.test.context.cache -Spring test ApplicationContext cache statistics: [DefaultContextCache@8debe42 size = 1, maxSize = 32, parentContextCount = 0, hitCount = 12, missCount = 1, failureCount = 0]
22:16:13.068 [main] DEBUG o.springframework.test.context.cache -Spring test ApplicationContext cache statistics: [DefaultContextCache@8debe42 size = 1, maxSize = 32, parentContextCount = 0, hitCount = 13, missCount = 1, failureCount = 0]
22:16:13.070 [main] DEBUG o.s.t.c.s.DirtiesContextTestExecutionListener -After test method: class [JournalAppApplicationTests], method [contextLoads], class annotated with @DirtiesContext [false] with mode [null], method annotated with @DirtiesContext [false] with mode [null]
22:16:13.070 [main] DEBUG o.s.t.c.w.ServletTestExecutionListener -Resetting RequestContextHolder for test class com.journalingapp.soham.journalApp.JournalAppApplicationTests
22:16:13.100 [main] DEBUG o.springframework.test.context.cache -Spring test ApplicationContext cache statistics: [DefaultContextCache@8debe42 size = 1, maxSize = 32, parentContextCount = 0, hitCount = 14, missCount = 1, failureCount = 0]
22:16:13.101 [main] DEBUG o.springframework.test.context.cache -Spring test ApplicationContext cache statistics: [DefaultContextCache@8debe42 size = 1, maxSize = 32, parentContextCount = 0, hitCount = 15, missCount = 1, failureCount = 0]
22:16:13.102 [main] DEBUG o.s.t.c.s.DirtiesContextTestExecutionListener -After test class: class [JournalAppApplicationTests], class annotated with @DirtiesContext [false] with mode [null]
22:16:13.889 [main] DEBUG o.s.b.t.c.SpringBootTestContextBootstrapper -Neither @ContextConfiguration nor @ContextHierarchy found for test class [UserServiceTests]: using SpringBootContextLoader
22:16:13.898 [main] DEBUG o.s.t.c.s.AbstractContextLoader -Could not detect default resource locations for test class [com.journalingapp.soham.journalApp.service.UserServiceTests]: no resource found for suffixes {-context.xml, Context.groovy}.
22:16:13.901 [main] INFO  o.s.t.c.s.AnnotationConfigContextLoaderUtils -Could not detect default configuration classes for test class [com.journalingapp.soham.journalApp.service.UserServiceTests]: UserServiceTests does not declare any static, non-private, non-final, nested classes annotated with @Configuration.
22:16:13.905 [main] DEBUG o.s.b.t.c.SpringBootTestContextBootstrapper -Using ContextCustomizerFactory implementations for test class [UserServiceTests]: [ImportsContextCustomizerFactory, ExcludeFilterContextCustomizerFactory, HttpGraphQlTesterContextCustomizerFactory, DuplicateJsonObjectContextCustomizerFactory, MockitoContextCustomizerFactory, TestRestTemplateContextCustomizerFactory, WebTestClientContextCustomizerFactory, DisableReactorResourceFactoryGlobalResourcesContextCustomizerFactory, OnFailureConditionReportContextCustomizerFactory, OverrideAutoConfigurationContextCustomizerFactory, ObservabilityContextCustomizerFactory, TypeExcludeFiltersContextCustomizerFactory, PropertyMappingContextCustomizerFactory, WebDriverContextCustomizerFactory, BeanOverrideContextCustomizerFactory, MockServerContainerContextCustomizerFactory, DynamicPropertiesContextCustomizerFactory]
22:16:13.922 [main] DEBUG o.s.b.t.c.SpringBootTestContextBootstrapper -Using ContextCustomizers for test class [UserServiceTests]: [ExcludeFilterContextCustomizer, DuplicateJsonObjectContextCustomizer, MockitoContextCustomizer, TestRestTemplateContextCustomizer, DisableReactorResourceFactoryGlobalResourcesContextCustomizerCustomizer, OnFailureConditionReportContextCustomizer, DisableObservabilityContextCustomizer, PropertyMappingContextCustomizer, WebDriverContextCustomizer, DynamicPropertiesContextCustomizer]
22:16:13.961 [main] DEBUG o.s.c.a.ClassPathScanningCandidateComponentProvider -Identified candidate component class: file [C:\Users\soham\Downloads\journalApp\journalApp\target\classes\com\journalingapp\soham\journalApp\JournalApplication.class]
22:16:13.962 [main] INFO  o.s.b.t.c.SpringBootTestContextBootstrapper -Found @SpringBootConfiguration com.journalingapp.soham.journalApp.JournalApplication for test class com.journalingapp.soham.journalApp.service.UserServiceTests
22:16:13.966 [main] DEBUG o.s.t.c.u.TestContextSpringFactoriesUtils -Skipping candidate TestExecutionListener [org.springframework.test.context.observation.MicrometerObservationRegistryTestExecutionListener] due to a missing dependency. Specify custom TestExecutionListener classes or make the default TestExecutionListener classes and their required dependencies available. Offending class: io.micrometer.context.ThreadLocalAccessor. MicrometerObservationRegistryTestExecutionListener requires io.micrometer:micrometer-observation:1.10.8 or higher and io.micrometer:context-propagation:1.0.3 or higher.
22:16:13.967 [main] DEBUG o.s.b.t.c.SpringBootTestContextBootstrapper -Using TestExecutionListeners for test class [UserServiceTests]: [ServletTestExecutionListener, DirtiesContextBeforeModesTestExecutionListener, ApplicationEventsTestExecutionListener, MockitoTestExecutionListener, BeanOverrideTestExecutionListener, DependencyInjectionTestExecutionListener, DirtiesContextTestExecutionListener, CommonCachesTestExecutionListener, TransactionalTestExecutionListener, SqlScriptsTestExecutionListener, EventPublishingTestExecutionListener, ResetMocksTestExecutionListener, RestDocsTestExecutionListener, MockRestServiceServerResetTestExecutionListener, MockMvcPrintOnlyOnFailureTestExecutionListener, WebDriverTestExecutionListener, MockWebServiceServerTestExecutionListener, MockitoResetTestExecutionListener]
22:16:13.968 [main] DEBUG o.s.t.c.s.DirtiesContextBeforeModesTestExecutionListener -Before test class: class [UserServiceTests], class annotated with @DirtiesContext [false] with mode [null]
22:16:13.969 [main] DEBUG o.springframework.test.context.cache -Spring test ApplicationContext cache statistics: [DefaultContextCache@8debe42 size = 1, maxSize = 32, parentContextCount = 0, hitCount = 16, missCount = 1, failureCount = 0]
22:16:14.131 [main] DEBUG o.springframework.test.context.cache -Spring test ApplicationContext cache statistics: [DefaultContextCache@8debe42 size = 1, maxSize = 32, parentContextCount = 0, hitCount = 17, missCount = 1, failureCount = 0]
22:16:14.132 [main] DEBUG o.s.t.c.w.ServletTestExecutionListener -Setting up MockHttpServletRequest, MockHttpServletResponse, ServletWebRequest, and RequestContextHolder for test class com.journalingapp.soham.journalApp.service.UserServiceTests
22:16:14.134 [main] DEBUG o.s.t.c.s.DependencyInjectionTestExecutionListener -Performing dependency injection for test class com.journalingapp.soham.journalApp.service.UserServiceTests
22:16:14.135 [main] DEBUG o.springframework.test.context.cache -Spring test ApplicationContext cache statistics: [DefaultContextCache@8debe42 size = 1, maxSize = 32, parentContextCount = 0, hitCount = 18, missCount = 1, failureCount = 0]
22:16:14.137 [main] DEBUG o.springframework.test.context.cache -Spring test ApplicationContext cache statistics: [DefaultContextCache@8debe42 size = 1, maxSize = 32, parentContextCount = 0, hitCount = 19, missCount = 1, failureCount = 0]
22:16:14.143 [main] DEBUG o.s.t.c.s.DirtiesContextBeforeModesTestExecutionListener -Before test method: class [UserServiceTests], method [test], class annotated with @DirtiesContext [false] with mode [null], method annotated with @DirtiesContext [false] with mode [null]
22:16:14.145 [main] DEBUG o.springframework.test.context.cache -Spring test ApplicationContext cache statistics: [DefaultContextCache@8debe42 size = 1, maxSize = 32, parentContextCount = 0, hitCount = 20, missCount = 1, failureCount = 0]
22:16:14.146 [main] DEBUG o.springframework.test.context.cache -Spring test ApplicationContext cache statistics: [DefaultContextCache@8debe42 size = 1, maxSize = 32, parentContextCount = 0, hitCount = 21, missCount = 1, failureCount = 0]
22:16:14.151 [main] DEBUG o.springframework.test.context.cache -Spring test ApplicationContext cache statistics: [DefaultContextCache@8debe42 size = 1, maxSize = 32, parentContextCount = 0, hitCount = 22, missCount = 1, failureCount = 0]
22:16:14.155 [main] DEBUG o.springframework.test.context.cache -Spring test ApplicationContext cache statistics: [DefaultContextCache@8debe42 size = 1, maxSize = 32, parentContextCount = 0, hitCount = 23, missCount = 1, failureCount = 0]
22:16:14.221 [main] DEBUG o.springframework.test.context.cache -Spring test ApplicationContext cache statistics: [DefaultContextCache@8debe42 size = 1, maxSize = 32, parentContextCount = 0, hitCount = 24, missCount = 1, failureCount = 0]
22:16:14.222 [main] DEBUG o.springframework.test.context.cache -Spring test ApplicationContext cache statistics: [DefaultContextCache@8debe42 size = 1, maxSize = 32, parentContextCount = 0, hitCount = 25, missCount = 1, failureCount = 0]
22:16:14.226 [main] DEBUG o.springframework.test.context.cache -Spring test ApplicationContext cache statistics: [DefaultContextCache@8debe42 size = 1, maxSize = 32, parentContextCount = 0, hitCount = 26, missCount = 1, failureCount = 0]
22:16:14.227 [main] DEBUG o.springframework.test.context.cache -Spring test ApplicationContext cache statistics: [DefaultContextCache@8debe42 size = 1, maxSize = 32, parentContextCount = 0, hitCount = 27, missCount = 1, failureCount = 0]
22:16:14.227 [main] DEBUG o.springframework.test.context.cache -Spring test ApplicationContext cache statistics: [DefaultContextCache@8debe42 size = 1, maxSize = 32, parentContextCount = 0, hitCount = 28, missCount = 1, failureCount = 0]
22:16:14.230 [main] DEBUG o.springframework.test.context.cache -Spring test ApplicationContext cache statistics: [DefaultContextCache@8debe42 size = 1, maxSize = 32, parentContextCount = 0, hitCount = 29, missCount = 1, failureCount = 0]
22:16:14.233 [main] DEBUG o.springframework.test.context.cache -Spring test ApplicationContext cache statistics: [DefaultContextCache@8debe42 size = 1, maxSize = 32, parentContextCount = 0, hitCount = 30, missCount = 1, failureCount = 0]
22:16:14.234 [main] DEBUG o.s.t.c.s.DirtiesContextTestExecutionListener -After test method: class [UserServiceTests], method [test], class annotated with @DirtiesContext [false] with mode [null], method annotated with @DirtiesContext [false] with mode [null]
22:16:14.235 [main] DEBUG o.s.t.c.w.ServletTestExecutionListener -Resetting RequestContextHolder for test class com.journalingapp.soham.journalApp.service.UserServiceTests
22:16:14.243 [main] DEBUG o.springframework.test.context.cache -Spring test ApplicationContext cache statistics: [DefaultContextCache@8debe42 size = 1, maxSize = 32, parentContextCount = 0, hitCount = 31, missCount = 1, failureCount = 0]
22:16:14.244 [main] DEBUG o.s.t.c.w.ServletTestExecutionListener -Setting up MockHttpServletRequest, MockHttpServletResponse, ServletWebRequest, and RequestContextHolder for test class com.journalingapp.soham.journalApp.service.UserServiceTests
22:16:14.245 [main] DEBUG o.s.t.c.s.DependencyInjectionTestExecutionListener -Performing dependency injection for test class com.journalingapp.soham.journalApp.service.UserServiceTests
22:16:14.245 [main] DEBUG o.springframework.test.context.cache -Spring test ApplicationContext cache statistics: [DefaultContextCache@8debe42 size = 1, maxSize = 32, parentContextCount = 0, hitCount = 32, missCount = 1, failureCount = 0]
22:16:14.247 [main] DEBUG o.springframework.test.context.cache -Spring test ApplicationContext cache statistics: [DefaultContextCache@8debe42 size = 1, maxSize = 32, parentContextCount = 0, hitCount = 33, missCount = 1, failureCount = 0]
22:16:14.252 [main] DEBUG o.s.t.c.s.DirtiesContextBeforeModesTestExecutionListener -Before test method: class [UserServiceTests], method [test], class annotated with @DirtiesContext [false] with mode [null], method annotated with @DirtiesContext [false] with mode [null]
22:16:14.253 [main] DEBUG o.springframework.test.context.cache -Spring test ApplicationContext cache statistics: [DefaultContextCache@8debe42 size = 1, maxSize = 32, parentContextCount = 0, hitCount = 34, missCount = 1, failureCount = 0]
22:16:14.254 [main] DEBUG o.springframework.test.context.cache -Spring test ApplicationContext cache statistics: [DefaultContextCache@8debe42 size = 1, maxSize = 32, parentContextCount = 0, hitCount = 35, missCount = 1, failureCount = 0]
22:16:14.256 [main] DEBUG o.springframework.test.context.cache -Spring test ApplicationContext cache statistics: [DefaultContextCache@8debe42 size = 1, maxSize = 32, parentContextCount = 0, hitCount = 36, missCount = 1, failureCount = 0]
22:16:14.259 [main] DEBUG o.springframework.test.context.cache -Spring test ApplicationContext cache statistics: [DefaultContextCache@8debe42 size = 1, maxSize = 32, parentContextCount = 0, hitCount = 37, missCount = 1, failureCount = 0]
22:16:14.260 [main] DEBUG o.springframework.test.context.cache -Spring test ApplicationContext cache statistics: [DefaultContextCache@8debe42 size = 1, maxSize = 32, parentContextCount = 0, hitCount = 38, missCount = 1, failureCount = 0]
22:16:14.261 [main] DEBUG o.springframework.test.context.cache -Spring test ApplicationContext cache statistics: [DefaultContextCache@8debe42 size = 1, maxSize = 32, parentContextCount = 0, hitCount = 39, missCount = 1, failureCount = 0]
22:16:14.264 [main] DEBUG o.springframework.test.context.cache -Spring test ApplicationContext cache statistics: [DefaultContextCache@8debe42 size = 1, maxSize = 32, parentContextCount = 0, hitCount = 40, missCount = 1, failureCount = 0]
22:16:14.265 [main] DEBUG o.springframework.test.context.cache -Spring test ApplicationContext cache statistics: [DefaultContextCache@8debe42 size = 1, maxSize = 32, parentContextCount = 0, hitCount = 41, missCount = 1, failureCount = 0]
22:16:14.265 [main] DEBUG o.springframework.test.context.cache -Spring test ApplicationContext cache statistics: [DefaultContextCache@8debe42 size = 1, maxSize = 32, parentContextCount = 0, hitCount = 42, missCount = 1, failureCount = 0]
22:16:14.267 [main] DEBUG o.springframework.test.context.cache -Spring test ApplicationContext cache statistics: [DefaultContextCache@8debe42 size = 1, maxSize = 32, parentContextCount = 0, hitCount = 43, missCount = 1, failureCount = 0]
22:16:14.270 [main] DEBUG o.springframework.test.context.cache -Spring test ApplicationContext cache statistics: [DefaultContextCache@8debe42 size = 1, maxSize = 32, parentContextCount = 0, hitCount = 44, missCount = 1, failureCount = 0]
22:16:14.271 [main] DEBUG o.s.t.c.s.DirtiesContextTestExecutionListener -After test method: class [UserServiceTests], method [test], class annotated with @DirtiesContext [false] with mode [null], method annotated with @DirtiesContext [false] with mode [null]
22:16:14.271 [main] DEBUG o.s.t.c.w.ServletTestExecutionListener -Resetting RequestContextHolder for test class com.journalingapp.soham.journalApp.service.UserServiceTests
22:16:14.276 [main] DEBUG o.springframework.test.context.cache -Spring test ApplicationContext cache statistics: [DefaultContextCache@8debe42 size = 1, maxSize = 32, parentContextCount = 0, hitCount = 45, missCount = 1, failureCount = 0]
22:16:14.277 [main] DEBUG o.s.t.c.w.ServletTestExecutionListener -Setting up MockHttpServletRequest, MockHttpServletResponse, ServletWebRequest, and RequestContextHolder for test class com.journalingapp.soham.journalApp.service.UserServiceTests
22:16:14.277 [main] DEBUG o.s.t.c.s.DependencyInjectionTestExecutionListener -Performing dependency injection for test class com.journalingapp.soham.journalApp.service.UserServiceTests
22:16:14.278 [main] DEBUG o.springframework.test.context.cache -Spring test ApplicationContext cache statistics: [DefaultContextCache@8debe42 size = 1, maxSize = 32, parentContextCount = 0, hitCount = 46, missCount = 1, failureCount = 0]
22:16:14.279 [main] DEBUG o.springframework.test.context.cache -Spring test ApplicationContext cache statistics: [DefaultContextCache@8debe42 size = 1, maxSize = 32, parentContextCount = 0, hitCount = 47, missCount = 1, failureCount = 0]
22:16:14.283 [main] DEBUG o.s.t.c.s.DirtiesContextBeforeModesTestExecutionListener -Before test method: class [UserServiceTests], method [test], class annotated with @DirtiesContext [false] with mode [null], method annotated with @DirtiesContext [false] with mode [null]
22:16:14.284 [main] DEBUG o.springframework.test.context.cache -Spring test ApplicationContext cache statistics: [DefaultContextCache@8debe42 size = 1, maxSize = 32, parentContextCount = 0, hitCount = 48, missCount = 1, failureCount = 0]
22:16:14.285 [main] DEBUG o.springframework.test.context.cache -Spring test ApplicationContext cache statistics: [DefaultContextCache@8debe42 size = 1, maxSize = 32, parentContextCount = 0, hitCount = 49, missCount = 1, failureCount = 0]
22:16:14.288 [main] DEBUG o.springframework.test.context.cache -Spring test ApplicationContext cache statistics: [DefaultContextCache@8debe42 size = 1, maxSize = 32, parentContextCount = 0, hitCount = 50, missCount = 1, failureCount = 0]
22:16:14.290 [main] DEBUG o.springframework.test.context.cache -Spring test ApplicationContext cache statistics: [DefaultContextCache@8debe42 size = 1, maxSize = 32, parentContextCount = 0, hitCount = 51, missCount = 1, failureCount = 0]
22:16:14.306 [main] DEBUG o.springframework.test.context.cache -Spring test ApplicationContext cache statistics: [DefaultContextCache@8debe42 size = 1, maxSize = 32, parentContextCount = 0, hitCount = 52, missCount = 1, failureCount = 0]
22:16:14.308 [main] DEBUG o.springframework.test.context.cache -Spring test ApplicationContext cache statistics: [DefaultContextCache@8debe42 size = 1, maxSize = 32, parentContextCount = 0, hitCount = 53, missCount = 1, failureCount = 0]
22:16:14.310 [main] DEBUG o.springframework.test.context.cache -Spring test ApplicationContext cache statistics: [DefaultContextCache@8debe42 size = 1, maxSize = 32, parentContextCount = 0, hitCount = 54, missCount = 1, failureCount = 0]
22:16:14.311 [main] DEBUG o.springframework.test.context.cache -Spring test ApplicationContext cache statistics: [DefaultContextCache@8debe42 size = 1, maxSize = 32, parentContextCount = 0, hitCount = 55, missCount = 1, failureCount = 0]
22:16:14.312 [main] DEBUG o.springframework.test.context.cache -Spring test ApplicationContext cache statistics: [DefaultContextCache@8debe42 size = 1, maxSize = 32, parentContextCount = 0, hitCount = 56, missCount = 1, failureCount = 0]
22:16:14.314 [main] DEBUG o.springframework.test.context.cache -Spring test ApplicationContext cache statistics: [DefaultContextCache@8debe42 size = 1, maxSize = 32, parentContextCount = 0, hitCount = 57, missCount = 1, failureCount = 0]
22:16:14.317 [main] DEBUG o.springframework.test.context.cache -Spring test ApplicationContext cache statistics: [DefaultContextCache@8debe42 size = 1, maxSize = 32, parentContextCount = 0, hitCount = 58, missCount = 1, failureCount = 0]
22:16:14.318 [main] DEBUG o.s.t.c.s.DirtiesContextTestExecutionListener -After test method: class [UserServiceTests], method [test], class annotated with @DirtiesContext [false] with mode [null], method annotated with @DirtiesContext [false] with mode [null]
22:16:14.318 [main] DEBUG o.s.t.c.w.ServletTestExecutionListener -Resetting RequestContextHolder for test class com.journalingapp.soham.journalApp.service.UserServiceTests
22:16:14.355 [main] DEBUG o.springframework.test.context.cache -Spring test ApplicationContext cache statistics: [DefaultContextCache@8debe42 size = 1, maxSize = 32, parentContextCount = 0, hitCount = 59, missCount = 1, failureCount = 0]
22:16:14.356 [main] DEBUG o.s.t.c.w.ServletTestExecutionListener -Setting up MockHttpServletRequest, MockHttpServletResponse, ServletWebRequest, and RequestContextHolder for test class com.journalingapp.soham.journalApp.service.UserServiceTests
22:16:14.358 [main] DEBUG o.s.t.c.s.DependencyInjectionTestExecutionListener -Performing dependency injection for test class com.journalingapp.soham.journalApp.service.UserServiceTests
22:16:14.359 [main] DEBUG o.springframework.test.context.cache -Spring test ApplicationContext cache statistics: [DefaultContextCache@8debe42 size = 1, maxSize = 32, parentContextCount = 0, hitCount = 60, missCount = 1, failureCount = 0]
22:16:14.360 [main] DEBUG o.springframework.test.context.cache -Spring test ApplicationContext cache statistics: [DefaultContextCache@8debe42 size = 1, maxSize = 32, parentContextCount = 0, hitCount = 61, missCount = 1, failureCount = 0]
22:16:14.365 [main] DEBUG o.s.t.c.s.DirtiesContextBeforeModesTestExecutionListener -Before test method: class [UserServiceTests], method [testSaveNewUser], class annotated with @DirtiesContext [false] with mode [null], method annotated with @DirtiesContext [false] with mode [null]
22:16:14.367 [main] DEBUG o.springframework.test.context.cache -Spring test ApplicationContext cache statistics: [DefaultContextCache@8debe42 size = 1, maxSize = 32, parentContextCount = 0, hitCount = 62, missCount = 1, failureCount = 0]
22:16:14.368 [main] DEBUG o.springframework.test.context.cache -Spring test ApplicationContext cache statistics: [DefaultContextCache@8debe42 size = 1, maxSize = 32, parentContextCount = 0, hitCount = 63, missCount = 1, failureCount = 0]
22:16:14.373 [main] DEBUG o.springframework.test.context.cache -Spring test ApplicationContext cache statistics: [DefaultContextCache@8debe42 size = 1, maxSize = 32, parentContextCount = 0, hitCount = 64, missCount = 1, failureCount = 0]
22:16:14.376 [main] DEBUG o.springframework.test.context.cache -Spring test ApplicationContext cache statistics: [DefaultContextCache@8debe42 size = 1, maxSize = 32, parentContextCount = 0, hitCount = 65, missCount = 1, failureCount = 0]
22:16:14.723 [main] DEBUG o.s.data.mongodb.core.MongoTemplate -Inserting Document containing fields: [userName, password, roles, _class] in collection: users
22:16:14.830 [main] DEBUG org.mongodb.driver.cluster -Server selection started for operation with ID 3. Selector: WritableServerSelector, topology description: {type=UNKNOWN, servers=[{address=localhost:27017, type=UNKNOWN, state=CONNECTING, exception={com.mongodb.MongoSocketOpenException: Exception opening socket}, caused by {java.net.ConnectException: Connection refused: getsockopt}}]
22:16:14.852 [main] INFO  org.mongodb.driver.cluster -Waiting for server to become available for operation with ID 3. Remaining time: 29979 ms. Selector: WritableServerSelector, topology description: {type=UNKNOWN, servers=[{address=localhost:27017, type=UNKNOWN, state=CONNECTING, exception={com.mongodb.MongoSocketOpenException: Exception opening socket}, caused by {java.net.ConnectException: Connection refused: getsockopt}}].
22:16:14.875 [cluster-ClusterId{value='693700cf575a2d441623f1a6', description='null'}-localhost:27017] DEBUG org.mongodb.driver.cluster -Updating cluster description to  {type=UNKNOWN, servers=[{address=localhost:27017, type=UNKNOWN, state=CONNECTING, exception={com.mongodb.MongoSocketOpenException: Exception opening socket}, caused by {java.net.ConnectException: Connection refused: getsockopt}}]
22:16:15.402 [cluster-ClusterId{value='693700cf575a2d441623f1a6', description='null'}-localhost:27017] DEBUG org.mongodb.driver.cluster -Updating cluster description to  {type=UNKNOWN, servers=[{address=localhost:27017, type=UNKNOWN, state=CONNECTING, exception={com.mongodb.MongoSocketOpenException: Exception opening socket}, caused by {java.net.ConnectException: Connection refused: getsockopt}}]
22:16:15.908 [cluster-ClusterId{value='693700cf575a2d441623f1a6', description='null'}-localhost:27017] DEBUG org.mongodb.driver.cluster -Updating cluster description to  {type=UNKNOWN, servers=[{address=localhost:27017, type=UNKNOWN, state=CONNECTING, exception={com.mongodb.MongoSocketOpenException: Exception opening socket}, caused by {java.net.ConnectException: Connection refused: getsockopt}}]
22:16:16.411 [cluster-ClusterId{value='693700cf575a2d441623f1a6', description='null'}-localhost:27017] DEBUG org.mongodb.driver.cluster -Updating cluster description to  {type=UNKNOWN, servers=[{address=localhost:27017, type=UNKNOWN, state=CONNECTING, exception={com.mongodb.MongoSocketOpenException: Exception opening socket}, caused by {java.net.ConnectException: Connection refused: getsockopt}}]
22:16:16.939 [cluster-ClusterId{value='693700cf575a2d441623f1a6', description='null'}-localhost:27017] DEBUG org.mongodb.driver.cluster -Updating cluster description to  {type=UNKNOWN, servers=[{address=localhost:27017, type=UNKNOWN, state=CONNECTING, exception={com.mongodb.MongoSocketOpenException: Exception opening socket}, caused by {java.net.ConnectException: Connection refused: getsockopt}}]
22:16:17.446 [cluster-ClusterId{value='693700cf575a2d441623f1a6', description='null'}-localhost:27017] DEBUG org.mongodb.driver.cluster -Updating cluster description to  {type=UNKNOWN, servers=[{address=localhost:27017, type=UNKNOWN, state=CONNECTING, exception={com.mongodb.MongoSocketOpenException: Exception opening socket}, caused by {java.net.ConnectException: Connection refused: getsockopt}}]
22:16:17.964 [cluster-ClusterId{value='693700cf575a2d441623f1a6', description='null'}-localhost:27017] DEBUG org.mongodb.driver.cluster -Updating cluster description to  {type=UNKNOWN, servers=[{address=localhost:27017, type=UNKNOWN, state=CONNECTING, exception={com.mongodb.MongoSocketOpenException: Exception opening socket}, caused by {java.net.ConnectException: Connection refused: getsockopt}}]
22:16:18.474 [cluster-ClusterId{value='693700cf575a2d441623f1a6', description='null'}-localhost:27017] DEBUG org.mongodb.driver.cluster -Updating cluster description to  {type=UNKNOWN, servers=[{address=localhost:27017, type=UNKNOWN, state=CONNECTING, exception={com.mongodb.MongoSocketOpenException: Exception opening socket}, caused by {java.net.ConnectException: Connection refused: getsockopt}}]
22:16:19.000 [cluster-ClusterId{value='693700cf575a2d441623f1a6', description='null'}-localhost:27017] DEBUG org.mongodb.driver.cluster -Updating cluster description to  {type=UNKNOWN, servers=[{address=localhost:27017, type=UNKNOWN, state=CONNECTING, exception={com.mongodb.MongoSocketOpenException: Exception opening socket}, caused by {java.net.ConnectException: Connection refused: getsockopt}}]
22:16:19.503 [cluster-ClusterId{value='693700cf575a2d441623f1a6', description='null'}-localhost:27017] DEBUG org.mongodb.driver.cluster -Updating cluster description to  {type=UNKNOWN, servers=[{address=localhost:27017, type=UNKNOWN, state=CONNECTING, exception={com.mongodb.MongoSocketOpenException: Exception opening socket}, caused by {java.net.ConnectException: Connection refused: getsockopt}}]
22:16:20.006 [cluster-ClusterId{value='693700cf575a2d441623f1a6', description='null'}-localhost:27017] DEBUG org.mongodb.driver.cluster -Updating cluster description to  {type=UNKNOWN, servers=[{address=localhost:27017, type=UNKNOWN, state=CONNECTING, exception={com.mongodb.MongoSocketOpenException: Exception opening socket}, caused by {java.net.ConnectException: Connection refused: getsockopt}}]
22:16:20.510 [cluster-ClusterId{value='693700cf575a2d441623f1a6', description='null'}-localhost:27017] DEBUG org.mongodb.driver.cluster -Updating cluster description to  {type=UNKNOWN, servers=[{address=localhost:27017, type=UNKNOWN, state=CONNECTING, exception={com.mongodb.MongoSocketOpenException: Exception opening socket}, caused by {java.net.ConnectException: Connection refused: getsockopt}}]
22:16:21.012 [cluster-ClusterId{value='693700cf575a2d441623f1a6', description='null'}-localhost:27017] DEBUG org.mongodb.driver.cluster -Updating cluster description to  {type=UNKNOWN, servers=[{address=localhost:27017, type=UNKNOWN, state=CONNECTING, exception={com.mongodb.MongoSocketOpenException: Exception opening socket}, caused by {java.net.ConnectException: Connection refused: getsockopt}}]
22:16:21.519 [cluster-ClusterId{value='693700cf575a2d441623f1a6', description='null'}-localhost:27017] DEBUG org.mongodb.driver.cluster -Updating cluster description to  {type=UNKNOWN, servers=[{address=localhost:27017, type=UNKNOWN, state=CONNECTING, exception={com.mongodb.MongoSocketOpenException: Exception opening socket}, caused by {java.net.ConnectException: Connection refused: getsockopt}}]
22:16:22.040 [cluster-ClusterId{value='693700cf575a2d441623f1a6', description='null'}-localhost:27017] DEBUG org.mongodb.driver.cluster -Updating cluster description to  {type=UNKNOWN, servers=[{address=localhost:27017, type=UNKNOWN, state=CONNECTING, exception={com.mongodb.MongoSocketOpenException: Exception opening socket}, caused by {java.net.ConnectException: Connection refused: getsockopt}}]
22:16:22.558 [cluster-ClusterId{value='693700cf575a2d441623f1a6', description='null'}-localhost:27017] DEBUG org.mongodb.driver.cluster -Updating cluster description to  {type=UNKNOWN, servers=[{address=localhost:27017, type=UNKNOWN, state=CONNECTING, exception={com.mongodb.MongoSocketOpenException: Exception opening socket}, caused by {java.net.ConnectException: Connection refused: getsockopt}}]
22:16:23.082 [cluster-ClusterId{value='693700cf575a2d441623f1a6', description='null'}-localhost:27017] DEBUG org.mongodb.driver.cluster -Updating cluster description to  {type=UNKNOWN, servers=[{address=localhost:27017, type=UNKNOWN, state=CONNECTING, exception={com.mongodb.MongoSocketOpenException: Exception opening socket}, caused by {java.net.ConnectException: Connection refused: getsockopt}}]
22:16:23.586 [cluster-ClusterId{value='693700cf575a2d441623f1a6', description='null'}-localhost:27017] DEBUG org.mongodb.driver.cluster -Updating cluster description to  {type=UNKNOWN, servers=[{address=localhost:27017, type=UNKNOWN, state=CONNECTING, exception={com.mongodb.MongoSocketOpenException: Exception opening socket}, caused by {java.net.ConnectException: Connection refused: getsockopt}}]
22:16:24.104 [cluster-ClusterId{value='693700cf575a2d441623f1a6', description='null'}-localhost:27017] DEBUG org.mongodb.driver.cluster -Updating cluster description to  {type=UNKNOWN, servers=[{address=localhost:27017, type=UNKNOWN, state=CONNECTING, exception={com.mongodb.MongoSocketOpenException: Exception opening socket}, caused by {java.net.ConnectException: Connection refused: getsockopt}}]
22:16:24.624 [cluster-ClusterId{value='693700cf575a2d441623f1a6', description='null'}-localhost:27017] DEBUG org.mongodb.driver.cluster -Updating cluster description to  {type=UNKNOWN, servers=[{address=localhost:27017, type=UNKNOWN, state=CONNECTING, exception={com.mongodb.MongoSocketOpenException: Exception opening socket}, caused by {java.net.ConnectException: Connection refused: getsockopt}}]
22:16:25.146 [cluster-ClusterId{value='693700cf575a2d441623f1a6', description='null'}-localhost:27017] DEBUG org.mongodb.driver.cluster -Updating cluster description to  {type=UNKNOWN, servers=[{address=localhost:27017, type=UNKNOWN, state=CONNECTING, exception={com.mongodb.MongoSocketOpenException: Exception opening socket}, caused by {java.net.ConnectException: Connection refused: getsockopt}}]
22:16:25.663 [cluster-ClusterId{value='693700cf575a2d441623f1a6', description='null'}-localhost:27017] DEBUG org.mongodb.driver.cluster -Updating cluster description to  {type=UNKNOWN, servers=[{address=localhost:27017, type=UNKNOWN, state=CONNECTING, exception={com.mongodb.MongoSocketOpenException: Exception opening socket}, caused by {java.net.ConnectException: Connection refused: getsockopt}}]
22:16:26.167 [cluster-ClusterId{value='693700cf575a2d441623f1a6', description='null'}-localhost:27017] DEBUG org.mongodb.driver.cluster -Updating cluster description to  {type=UNKNOWN, servers=[{address=localhost:27017, type=UNKNOWN, state=CONNECTING, exception={com.mongodb.MongoSocketOpenException: Exception opening socket}, caused by {java.net.ConnectException: Connection refused: getsockopt}}]
22:16:26.670 [cluster-ClusterId{value='693700cf575a2d441623f1a6', description='null'}-localhost:27017] DEBUG org.mongodb.driver.cluster -Updating cluster description to  {type=UNKNOWN, servers=[{address=localhost:27017, type=UNKNOWN, state=CONNECTING, exception={com.mongodb.MongoSocketOpenException: Exception opening socket}, caused by {java.net.ConnectException: Connection refused: getsockopt}}]
22:16:27.194 [cluster-ClusterId{value='693700cf575a2d441623f1a6', description='null'}-localhost:27017] DEBUG org.mongodb.driver.cluster -Updating cluster description to  {type=UNKNOWN, servers=[{address=localhost:27017, type=UNKNOWN, state=CONNECTING, exception={com.mongodb.MongoSocketOpenException: Exception opening socket}, caused by {java.net.ConnectException: Connection refused: getsockopt}}]
22:16:27.700 [cluster-ClusterId{value='693700cf575a2d441623f1a6', description='null'}-localhost:27017] DEBUG org.mongodb.driver.cluster -Updating cluster description to  {type=UNKNOWN, servers=[{address=localhost:27017, type=UNKNOWN, state=CONNECTING, exception={com.mongodb.MongoSocketOpenException: Exception opening socket}, caused by {java.net.ConnectException: Connection refused: getsockopt}}]
22:16:28.227 [cluster-ClusterId{value='693700cf575a2d441623f1a6', description='null'}-localhost:27017] DEBUG org.mongodb.driver.cluster -Updating cluster description to  {type=UNKNOWN, servers=[{address=localhost:27017, type=UNKNOWN, state=CONNECTING, exception={com.mongodb.MongoSocketOpenException: Exception opening socket}, caused by {java.net.ConnectException: Connection refused: getsockopt}}]
22:16:28.754 [cluster-ClusterId{value='693700cf575a2d441623f1a6', description='null'}-localhost:27017] DEBUG org.mongodb.driver.cluster -Updating cluster description to  {type=UNKNOWN, servers=[{address=localhost:27017, type=UNKNOWN, state=CONNECTING, exception={com.mongodb.MongoSocketOpenException: Exception opening socket}, caused by {java.net.ConnectException: Connection refused: getsockopt}}]
22:16:29.264 [cluster-ClusterId{value='693700cf575a2d441623f1a6', description='null'}-localhost:27017] DEBUG org.mongodb.driver.cluster -Updating cluster description to  {type=UNKNOWN, servers=[{address=localhost:27017, type=UNKNOWN, state=CONNECTING, exception={com.mongodb.MongoSocketOpenException: Exception opening socket}, caused by {java.net.ConnectException: Connection refused: getsockopt}}]
22:16:29.769 [cluster-ClusterId{value='693700cf575a2d441623f1a6', description='null'}-localhost:27017] DEBUG org.mongodb.driver.cluster -Updating cluster description to  {type=UNKNOWN, servers=[{address=localhost:27017, type=UNKNOWN, state=CONNECTING, exception={com.mongodb.MongoSocketOpenException: Exception opening socket}, caused by {java.net.ConnectException: Connection refused: getsockopt}}]
22:16:30.297 [cluster-ClusterId{value='693700cf575a2d441623f1a6', description='null'}-localhost:27017] DEBUG org.mongodb.driver.cluster -Updating cluster description to  {type=UNKNOWN, servers=[{address=localhost:27017, type=UNKNOWN, state=CONNECTING, exception={com.mongodb.MongoSocketOpenException: Exception opening socket}, caused by {java.net.ConnectException: Connection refused: getsockopt}}]
22:16:30.806 [cluster-ClusterId{value='693700cf575a2d441623f1a6', description='null'}-localhost:27017] DEBUG org.mongodb.driver.cluster -Updating cluster description to  {type=UNKNOWN, servers=[{address=localhost:27017, type=UNKNOWN, state=CONNECTING, exception={com.mongodb.MongoSocketOpenException: Exception opening socket}, caused by {java.net.ConnectException: Connection refused: getsockopt}}]
22:16:31.309 [cluster-ClusterId{value='693700cf575a2d441623f1a6', description='null'}-localhost:27017] DEBUG org.mongodb.driver.cluster -Updating cluster description to  {type=UNKNOWN, servers=[{address=localhost:27017, type=UNKNOWN, state=CONNECTING, exception={com.mongodb.MongoSocketOpenException: Exception opening socket}, caused by {java.net.ConnectException: Connection refused: getsockopt}}]
22:16:31.813 [cluster-ClusterId{value='693700cf575a2d441623f1a6', description='null'}-localhost:27017] DEBUG org.mongodb.driver.cluster -Updating cluster description to  {type=UNKNOWN, servers=[{address=localhost:27017, type=UNKNOWN, state=CONNECTING, exception={com.mongodb.MongoSocketOpenException: Exception opening socket}, caused by {java.net.ConnectException: Connection refused: getsockopt}}]
22:16:32.329 [cluster-ClusterId{value='693700cf575a2d441623f1a6', description='null'}-localhost:27017] DEBUG org.mongodb.driver.cluster -Updating cluster description to  {type=UNKNOWN, servers=[{address=localhost:27017, type=UNKNOWN, state=CONNECTING, exception={com.mongodb.MongoSocketOpenException: Exception opening socket}, caused by {java.net.ConnectException: Connection refused: getsockopt}}]
22:16:32.838 [cluster-ClusterId{value='693700cf575a2d441623f1a6', description='null'}-localhost:27017] DEBUG org.mongodb.driver.cluster -Updating cluster description to  {type=UNKNOWN, servers=[{address=localhost:27017, type=UNKNOWN, state=CONNECTING, exception={com.mongodb.MongoSocketOpenException: Exception opening socket}, caused by {java.net.ConnectException: Connection refused: getsockopt}}]
22:16:33.346 [cluster-ClusterId{value='693700cf575a2d441623f1a6', description='null'}-localhost:27017] DEBUG org.mongodb.driver.cluster -Updating cluster description to  {type=UNKNOWN, servers=[{address=localhost:27017, type=UNKNOWN, state=CONNECTING, exception={com.mongodb.MongoSocketOpenException: Exception opening socket}, caused by {java.net.ConnectException: Connection refused: getsockopt}}]
22:16:33.883 [cluster-ClusterId{value='693700cf575a2d441623f1a6', description='null'}-localhost:27017] DEBUG org.mongodb.driver.cluster -Updating cluster description to  {type=UNKNOWN, servers=[{address=localhost:27017, type=UNKNOWN, state=CONNECTING, exception={com.mongodb.MongoSocketOpenException: Exception opening socket}, caused by {java.net.ConnectException: Connection refused: getsockopt}}]
22:16:34.388 [cluster-ClusterId{value='693700cf575a2d441623f1a6', description='null'}-localhost:27017] DEBUG org.mongodb.driver.cluster -Updating cluster description to  {type=UNKNOWN, servers=[{address=localhost:27017, type=UNKNOWN, state=CONNECTING, exception={com.mongodb.MongoSocketOpenException: Exception opening socket}, caused by {java.net.ConnectException: Connection refused: getsockopt}}]
22:16:34.896 [cluster-ClusterId{value='693700cf575a2d441623f1a6', description='null'}-localhost:27017] DEBUG org.mongodb.driver.cluster -Updating cluster description to  {type=UNKNOWN, servers=[{address=localhost:27017, type=UNKNOWN, state=CONNECTING, exception={com.mongodb.MongoSocketOpenException: Exception opening socket}, caused by {java.net.ConnectException: Connection refused: getsockopt}}]
22:16:35.434 [cluster-ClusterId{value='693700cf575a2d441623f1a6', description='null'}-localhost:27017] DEBUG org.mongodb.driver.cluster -Updating cluster description to  {type=UNKNOWN, servers=[{address=localhost:27017, type=UNKNOWN, state=CONNECTING, exception={com.mongodb.MongoSocketOpenException: Exception opening socket}, caused by {java.net.ConnectException: Connection refused: getsockopt}}]
22:16:35.952 [cluster-ClusterId{value='693700cf575a2d441623f1a6', description='null'}-localhost:27017] DEBUG org.mongodb.driver.cluster -Updating cluster description to  {type=UNKNOWN, servers=[{address=localhost:27017, type=UNKNOWN, state=CONNECTING, exception={com.mongodb.MongoSocketOpenException: Exception opening socket}, caused by {java.net.ConnectException: Connection refused: getsockopt}}]
22:16:36.460 [cluster-ClusterId{value='693700cf575a2d441623f1a6', description='null'}-localhost:27017] DEBUG org.mongodb.driver.cluster -Updating cluster description to  {type=UNKNOWN, servers=[{address=localhost:27017, type=UNKNOWN, state=CONNECTING, exception={com.mongodb.MongoSocketOpenException: Exception opening socket}, caused by {java.net.ConnectException: Connection refused: getsockopt}}]
22:16:36.969 [cluster-ClusterId{value='693700cf575a2d441623f1a6', description='null'}-localhost:27017] DEBUG org.mongodb.driver.cluster -Updating cluster description to  {type=UNKNOWN, servers=[{address=localhost:27017, type=UNKNOWN, state=CONNECTING, exception={com.mongodb.MongoSocketOpenException: Exception opening socket}, caused by {java.net.ConnectException: Connection refused: getsockopt}}]
22:16:37.488 [cluster-ClusterId{value='693700cf575a2d441623f1a6', description='null'}-localhost:27017] DEBUG org.mongodb.driver.cluster -Updating cluster description to  {type=UNKNOWN, servers=[{address=localhost:27017, type=UNKNOWN, state=CONNECTING, exception={com.mongodb.MongoSocketOpenException: Exception opening socket}, caused by {java.net.ConnectException: Connection refused: getsockopt}}]
22:16:37.998 [cluster-ClusterId{value='693700cf575a2d441623f1a6', description='null'}-localhost:27017] DEBUG org.mongodb.driver.cluster -Updating cluster description to  {type=UNKNOWN, servers=[{address=localhost:27017, type=UNKNOWN, state=CONNECTING, exception={com.mongodb.MongoSocketOpenException: Exception opening socket}, caused by {java.net.ConnectException: Connection refused: getsockopt}}]
22:16:38.535 [cluster-ClusterId{value='693700cf575a2d441623f1a6', description='null'}-localhost:27017] DEBUG org.mongodb.driver.cluster -Updating cluster description to  {type=UNKNOWN, servers=[{address=localhost:27017, type=UNKNOWN, state=CONNECTING, exception={com.mongodb.MongoSocketOpenException: Exception opening socket}, caused by {java.net.ConnectException: Connection refused: getsockopt}}]
22:16:39.045 [cluster-ClusterId{value='693700cf575a2d441623f1a6', description='null'}-localhost:27017] DEBUG org.mongodb.driver.cluster -Updating cluster description to  {type=UNKNOWN, servers=[{address=localhost:27017, type=UNKNOWN, state=CONNECTING, exception={com.mongodb.MongoSocketOpenException: Exception opening socket}, caused by {java.net.ConnectException: Connection refused: getsockopt}}]
22:16:39.565 [cluster-ClusterId{value='693700cf575a2d441623f1a6', description='null'}-localhost:27017] DEBUG org.mongodb.driver.cluster -Updating cluster description to  {type=UNKNOWN, servers=[{address=localhost:27017, type=UNKNOWN, state=CONNECTING, exception={com.mongodb.MongoSocketOpenException: Exception opening socket}, caused by {java.net.ConnectException: Connection refused: getsockopt}}]
22:16:40.074 [cluster-ClusterId{value='693700cf575a2d441623f1a6', description='null'}-localhost:27017] DEBUG org.mongodb.driver.cluster -Updating cluster description to  {type=UNKNOWN, servers=[{address=localhost:27017, type=UNKNOWN, state=CONNECTING, exception={com.mongodb.MongoSocketOpenException: Exception opening socket}, caused by {java.net.ConnectException: Connection refused: getsockopt}}]
22:16:40.582 [cluster-ClusterId{value='693700cf575a2d441623f1a6', description='null'}-localhost:27017] DEBUG org.mongodb.driver.cluster -Updating cluster description to  {type=UNKNOWN, servers=[{address=localhost:27017, type=UNKNOWN, state=CONNECTING, exception={com.mongodb.MongoSocketOpenException: Exception opening socket}, caused by {java.net.ConnectException: Connection refused: getsockopt}}]
22:16:41.110 [cluster-ClusterId{value='693700cf575a2d441623f1a6', description='null'}-localhost:27017] DEBUG org.mongodb.driver.cluster -Updating cluster description to  {type=UNKNOWN, servers=[{address=localhost:27017, type=UNKNOWN, state=CONNECTING, exception={com.mongodb.MongoSocketOpenException: Exception opening socket}, caused by {java.net.ConnectException: Connection refused: getsockopt}}]
22:16:41.615 [cluster-ClusterId{value='693700cf575a2d441623f1a6', description='null'}-localhost:27017] DEBUG org.mongodb.driver.cluster -Updating cluster description to  {type=UNKNOWN, servers=[{address=localhost:27017, type=UNKNOWN, state=CONNECTING, exception={com.mongodb.MongoSocketOpenException: Exception opening socket}, caused by {java.net.ConnectException: Connection refused: getsockopt}}]
22:16:42.129 [cluster-ClusterId{value='693700cf575a2d441623f1a6', description='null'}-localhost:27017] DEBUG org.mongodb.driver.cluster -Updating cluster description to  {type=UNKNOWN, servers=[{address=localhost:27017, type=UNKNOWN, state=CONNECTING, exception={com.mongodb.MongoSocketOpenException: Exception opening socket}, caused by {java.net.ConnectException: Connection refused: getsockopt}}]
22:16:42.640 [cluster-ClusterId{value='693700cf575a2d441623f1a6', description='null'}-localhost:27017] DEBUG org.mongodb.driver.cluster -Updating cluster description to  {type=UNKNOWN, servers=[{address=localhost:27017, type=UNKNOWN, state=CONNECTING, exception={com.mongodb.MongoSocketOpenException: Exception opening socket}, caused by {java.net.ConnectException: Connection refused: getsockopt}}]
22:16:43.153 [cluster-ClusterId{value='693700cf575a2d441623f1a6', description='null'}-localhost:27017] DEBUG org.mongodb.driver.cluster -Updating cluster description to  {type=UNKNOWN, servers=[{address=localhost:27017, type=UNKNOWN, state=CONNECTING, exception={com.mongodb.MongoSocketOpenException: Exception opening socket}, caused by {java.net.ConnectException: Connection refused: getsockopt}}]
22:16:43.664 [cluster-ClusterId{value='693700cf575a2d441623f1a6', description='null'}-localhost:27017] DEBUG org.mongodb.driver.cluster -Updating cluster description to  {type=UNKNOWN, servers=[{address=localhost:27017, type=UNKNOWN, state=CONNECTING, exception={com.mongodb.MongoSocketOpenException: Exception opening socket}, caused by {java.net.ConnectException: Connection refused: getsockopt}}]
22:16:44.176 [cluster-ClusterId{value='693700cf575a2d441623f1a6', description='null'}-localhost:27017] DEBUG org.mongodb.driver.cluster -Updating cluster description to  {type=UNKNOWN, servers=[{address=localhost:27017, type=UNKNOWN, state=CONNECTING, exception={com.mongodb.MongoSocketOpenException: Exception opening socket}, caused by {java.net.ConnectException: Connection refused: getsockopt}}]
22:16:44.685 [cluster-ClusterId{value='693700cf575a2d441623f1a6', description='null'}-localhost:27017] DEBUG org.mongodb.driver.cluster -Updating cluster description to  {type=UNKNOWN, servers=[{address=localhost:27017, type=UNKNOWN, state=CONNECTING, exception={com.mongodb.MongoSocketOpenException: Exception opening socket}, caused by {java.net.ConnectException: Connection refused: getsockopt}}]
22:16:44.834 [main] DEBUG org.mongodb.driver.cluster -Server selection failed for operation with ID 3. Failure: com.mongodb.MongoTimeoutException: Timed out while waiting for a suitable server. Selector: WritableServerSelector, topology description: {type=UNKNOWN, servers=[{address=localhost:27017, type=UNKNOWN, state=CONNECTING, exception={com.mongodb.MongoSocketOpenException: Exception opening socket}, caused by {java.net.ConnectException: Connection refused: getsockopt}}]
22:16:44.839 [main] DEBUG o.springframework.test.context.cache -Spring test ApplicationContext cache statistics: [DefaultContextCache@8debe42 size = 1, maxSize = 32, parentContextCount = 0, hitCount = 66, missCount = 1, failureCount = 0]
22:16:44.840 [main] DEBUG o.springframework.test.context.cache -Spring test ApplicationContext cache statistics: [DefaultContextCache@8debe42 size = 1, maxSize = 32, parentContextCount = 0, hitCount = 67, missCount = 1, failureCount = 0]
22:16:44.842 [main] DEBUG o.springframework.test.context.cache -Spring test ApplicationContext cache statistics: [DefaultContextCache@8debe42 size = 1, maxSize = 32, parentContextCount = 0, hitCount = 68, missCount = 1, failureCount = 0]
22:16:44.843 [main] DEBUG o.springframework.test.context.cache -Spring test ApplicationContext cache statistics: [DefaultContextCache@8debe42 size = 1, maxSize = 32, parentContextCount = 0, hitCount = 69, missCount = 1, failureCount = 0]
22:16:44.843 [main] DEBUG o.springframework.test.context.cache -Spring test ApplicationContext cache statistics: [DefaultContextCache@8debe42 size = 1, maxSize = 32, parentContextCount = 0, hitCount = 70, missCount = 1, failureCount = 0]
22:16:44.845 [main] DEBUG o.springframework.test.context.cache -Spring test ApplicationContext cache statistics: [DefaultContextCache@8debe42 size = 1, maxSize = 32, parentContextCount = 0, hitCount = 71, missCount = 1, failureCount = 0]
22:16:44.847 [main] DEBUG o.springframework.test.context.cache -Spring test ApplicationContext cache statistics: [DefaultContextCache@8debe42 size = 1, maxSize = 32, parentContextCount = 0, hitCount = 72, missCount = 1, failureCount = 0]
22:16:44.848 [main] DEBUG o.s.t.c.s.DirtiesContextTestExecutionListener -After test method: class [UserServiceTests], method [testSaveNewUser], class annotated with @DirtiesContext [false] with mode [null], method annotated with @DirtiesContext [false] with mode [null]
22:16:44.848 [main] DEBUG o.s.t.c.w.ServletTestExecutionListener -Resetting RequestContextHolder for test class com.journalingapp.soham.journalApp.service.UserServiceTests
22:16:44.860 [main] DEBUG o.springframework.test.context.cache -Spring test ApplicationContext cache statistics: [DefaultContextCache@8debe42 size = 1, maxSize = 32, parentContextCount = 0, hitCount = 73, missCount = 1, failureCount = 0]
22:16:44.861 [main] DEBUG o.s.t.c.w.ServletTestExecutionListener -Setting up MockHttpServletRequest, MockHttpServletResponse, ServletWebRequest, and RequestContextHolder for test class com.journalingapp.soham.journalApp.service.UserServiceTests
22:16:44.864 [main] DEBUG o.s.t.c.s.DependencyInjectionTestExecutionListener -Performing dependency injection for test class com.journalingapp.soham.journalApp.service.UserServiceTests
22:16:44.865 [main] DEBUG o.springframework.test.context.cache -Spring test ApplicationContext cache statistics: [DefaultContextCache@8debe42 size = 1, maxSize = 32, parentContextCount = 0, hitCount = 74, missCount = 1, failureCount = 0]
22:16:44.866 [main] DEBUG o.springframework.test.context.cache -Spring test ApplicationContext cache statistics: [DefaultContextCache@8debe42 size = 1, maxSize = 32, parentContextCount = 0, hitCount = 75, missCount = 1, failureCount = 0]
22:16:44.879 [main] DEBUG o.s.t.c.s.DirtiesContextBeforeModesTestExecutionListener -Before test method: class [UserServiceTests], method [testSaveNewUser], class annotated with @DirtiesContext [false] with mode [null], method annotated with @DirtiesContext [false] with mode [null]
22:16:44.882 [main] DEBUG o.springframework.test.context.cache -Spring test ApplicationContext cache statistics: [DefaultContextCache@8debe42 size = 1, maxSize = 32, parentContextCount = 0, hitCount = 76, missCount = 1, failureCount = 0]
22:16:44.882 [main] DEBUG o.springframework.test.context.cache -Spring test ApplicationContext cache statistics: [DefaultContextCache@8debe42 size = 1, maxSize = 32, parentContextCount = 0, hitCount = 77, missCount = 1, failureCount = 0]
22:16:44.885 [main] DEBUG o.springframework.test.context.cache -Spring test ApplicationContext cache statistics: [DefaultContextCache@8debe42 size = 1, maxSize = 32, parentContextCount = 0, hitCount = 78, missCount = 1, failureCount = 0]
22:16:44.888 [main] DEBUG o.springframework.test.context.cache -Spring test ApplicationContext cache statistics: [DefaultContextCache@8debe42 size = 1, maxSize = 32, parentContextCount = 0, hitCount = 79, missCount = 1, failureCount = 0]
22:16:45.057 [main] DEBUG o.s.data.mongodb.core.MongoTemplate -Inserting Document containing fields: [userName, password, roles, _class] in collection: users
22:16:45.057 [main] DEBUG org.mongodb.driver.cluster -Server selection started for operation with ID 63. Selector: WritableServerSelector, topology description: {type=UNKNOWN, servers=[{address=localhost:27017, type=UNKNOWN, state=CONNECTING, exception={com.mongodb.MongoSocketOpenException: Exception opening socket}, caused by {java.net.ConnectException: Connection refused: getsockopt}}]
22:16:45.058 [main] INFO  org.mongodb.driver.cluster -Waiting for server to become available for operation with ID 63. Remaining time: 29999 ms. Selector: WritableServerSelector, topology description: {type=UNKNOWN, servers=[{address=localhost:27017, type=UNKNOWN, state=CONNECTING, exception={com.mongodb.MongoSocketOpenException: Exception opening socket}, caused by {java.net.ConnectException: Connection refused: getsockopt}}].
22:16:45.210 [cluster-ClusterId{value='693700cf575a2d441623f1a6', description='null'}-localhost:27017] DEBUG org.mongodb.driver.cluster -Updating cluster description to  {type=UNKNOWN, servers=[{address=localhost:27017, type=UNKNOWN, state=CONNECTING, exception={com.mongodb.MongoSocketOpenException: Exception opening socket}, caused by {java.net.ConnectException: Connection refused: getsockopt}}]
22:16:45.713 [cluster-ClusterId{value='693700cf575a2d441623f1a6', description='null'}-localhost:27017] DEBUG org.mongodb.driver.cluster -Updating cluster description to  {type=UNKNOWN, servers=[{address=localhost:27017, type=UNKNOWN, state=CONNECTING, exception={com.mongodb.MongoSocketOpenException: Exception opening socket}, caused by {java.net.ConnectException: Connection refused: getsockopt}}]
22:16:46.242 [cluster-ClusterId{value='693700cf575a2d441623f1a6', description='null'}-localhost:27017] DEBUG org.mongodb.driver.cluster -Updating cluster description to  {type=UNKNOWN, servers=[{address=localhost:27017, type=UNKNOWN, state=CONNECTING, exception={com.mongodb.MongoSocketOpenException: Exception opening socket}, caused by {java.net.ConnectException: Connection refused: getsockopt}}]
22:16:46.760 [cluster-ClusterId{value='693700cf575a2d441623f1a6', description='null'}-localhost:27017] DEBUG org.mongodb.driver.cluster -Updating cluster description to  {type=UNKNOWN, servers=[{address=localhost:27017, type=UNKNOWN, state=CONNECTING, exception={com.mongodb.MongoSocketOpenException: Exception opening socket}, caused by {java.net.ConnectException: Connection refused: getsockopt}}]
22:16:47.278 [cluster-ClusterId{value='693700cf575a2d441623f1a6', description='null'}-localhost:27017] DEBUG org.mongodb.driver.cluster -Updating cluster description to  {type=UNKNOWN, servers=[{address=localhost:27017, type=UNKNOWN, state=CONNECTING, exception={com.mongodb.MongoSocketOpenException: Exception opening socket}, caused by {java.net.ConnectException: Connection refused: getsockopt}}]
22:16:47.795 [cluster-ClusterId{value='693700cf575a2d441623f1a6', description='null'}-localhost:27017] DEBUG org.mongodb.driver.cluster -Updating cluster description to  {type=UNKNOWN, servers=[{address=localhost:27017, type=UNKNOWN, state=CONNECTING, exception={com.mongodb.MongoSocketOpenException: Exception opening socket}, caused by {java.net.ConnectException: Connection refused: getsockopt}}]
22:16:48.313 [cluster-ClusterId{value='693700cf575a2d441623f1a6', description='null'}-localhost:27017] DEBUG org.mongodb.driver.cluster -Updating cluster description to  {type=UNKNOWN, servers=[{address=localhost:27017, type=UNKNOWN, state=CONNECTING, exception={com.mongodb.MongoSocketOpenException: Exception opening socket}, caused by {java.net.ConnectException: Connection refused: getsockopt}}]
22:16:48.840 [cluster-ClusterId{value='693700cf575a2d441623f1a6', description='null'}-localhost:27017] DEBUG org.mongodb.driver.cluster -Updating cluster description to  {type=UNKNOWN, servers=[{address=localhost:27017, type=UNKNOWN, state=CONNECTING, exception={com.mongodb.MongoSocketOpenException: Exception opening socket}, caused by {java.net.ConnectException: Connection refused: getsockopt}}]
22:16:49.347 [cluster-ClusterId{value='693700cf575a2d441623f1a6', description='null'}-localhost:27017] DEBUG org.mongodb.driver.cluster -Updating cluster description to  {type=UNKNOWN, servers=[{address=localhost:27017, type=UNKNOWN, state=CONNECTING, exception={com.mongodb.MongoSocketOpenException: Exception opening socket}, caused by {java.net.ConnectException: Connection refused: getsockopt}}]
22:16:49.849 [cluster-ClusterId{value='693700cf575a2d441623f1a6', description='null'}-localhost:27017] DEBUG org.mongodb.driver.cluster -Updating cluster description to  {type=UNKNOWN, servers=[{address=localhost:27017, type=UNKNOWN, state=CONNECTING, exception={com.mongodb.MongoSocketOpenException: Exception opening socket}, caused by {java.net.ConnectException: Connection refused: getsockopt}}]
22:16:50.365 [cluster-ClusterId{value='693700cf575a2d441623f1a6', description='null'}-localhost:27017] DEBUG org.mongodb.driver.cluster -Updating cluster description to  {type=UNKNOWN, servers=[{address=localhost:27017, type=UNKNOWN, state=CONNECTING, exception={com.mongodb.MongoSocketOpenException: Exception opening socket}, caused by {java.net.ConnectException: Connection refused: getsockopt}}]
22:16:50.874 [cluster-ClusterId{value='693700cf575a2d441623f1a6', description='null'}-localhost:27017] DEBUG org.mongodb.driver.cluster -Updating cluster description to  {type=UNKNOWN, servers=[{address=localhost:27017, type=UNKNOWN, state=CONNECTING, exception={com.mongodb.MongoSocketOpenException: Exception opening socket}, caused by {java.net.ConnectException: Connection refused: getsockopt}}]
22:16:51.405 [cluster-ClusterId{value='693700cf575a2d441623f1a6', description='null'}-localhost:27017] DEBUG org.mongodb.driver.cluster -Updating cluster description to  {type=UNKNOWN, servers=[{address=localhost:27017, type=UNKNOWN, state=CONNECTING, exception={com.mongodb.MongoSocketOpenException: Exception opening socket}, caused by {java.net.ConnectException: Connection refused: getsockopt}}]
22:16:51.932 [cluster-ClusterId{value='693700cf575a2d441623f1a6', description='null'}-localhost:27017] DEBUG org.mongodb.driver.cluster -Updating cluster description to  {type=UNKNOWN, servers=[{address=localhost:27017, type=UNKNOWN, state=CONNECTING, exception={com.mongodb.MongoSocketOpenException: Exception opening socket}, caused by {java.net.ConnectException: Connection refused: getsockopt}}]
22:16:52.457 [cluster-ClusterId{value='693700cf575a2d441623f1a6', description='null'}-localhost:27017] DEBUG org.mongodb.driver.cluster -Updating cluster description to  {type=UNKNOWN, servers=[{address=localhost:27017, type=UNKNOWN, state=CONNECTING, exception={com.mongodb.MongoSocketOpenException: Exception opening socket}, caused by {java.net.ConnectException: Connection refused: getsockopt}}]
22:16:52.971 [cluster-ClusterId{value='693700cf575a2d441623f1a6', description='null'}-localhost:27017] DEBUG org.mongodb.driver.cluster -Updating cluster description to  {type=UNKNOWN, servers=[{address=localhost:27017, type=UNKNOWN, state=CONNECTING, exception={com.mongodb.MongoSocketOpenException: Exception opening socket}, caused by {java.net.ConnectException: Connection refused: getsockopt}}]
22:16:53.510 [cluster-ClusterId{value='693700cf575a2d441623f1a6', description='null'}-localhost:27017] DEBUG org.mongodb.driver.cluster -Updating cluster description to  {type=UNKNOWN, servers=[{address=localhost:27017, type=UNKNOWN, state=CONNECTING, exception={com.mongodb.MongoSocketOpenException: Exception opening socket}, caused by {java.net.ConnectException: Connection refused: getsockopt}}]
22:16:54.020 [cluster-ClusterId{value='693700cf575a2d441623f1a6', description='null'}-localhost:27017] DEBUG org.mongodb.driver.cluster -Updating cluster description to  {type=UNKNOWN, servers=[{address=localhost:27017, type=UNKNOWN, state=CONNECTING, exception={com.mongodb.MongoSocketOpenException: Exception opening socket}, caused by {java.net.ConnectException: Connection refused: getsockopt}}]
22:16:54.528 [cluster-ClusterId{value='693700cf575a2d441623f1a6', description='null'}-localhost:27017] DEBUG org.mongodb.driver.cluster -Updating cluster description to  {type=UNKNOWN, servers=[{address=localhost:27017, type=UNKNOWN, state=CONNECTING, exception={com.mongodb.MongoSocketOpenException: Exception opening socket}, caused by {java.net.ConnectException: Connection refused: getsockopt}}]
22:16:55.049 [cluster-ClusterId{value='693700cf575a2d441623f1a6', description='null'}-localhost:27017] DEBUG org.mongodb.driver.cluster -Updating cluster description to  {type=UNKNOWN, servers=[{address=localhost:27017, type=UNKNOWN, state=CONNECTING, exception={com.mongodb.MongoSocketOpenException: Exception opening socket}, caused by {java.net.ConnectException: Connection refused: getsockopt}}]
22:16:55.569 [cluster-ClusterId{value='693700cf575a2d441623f1a6', description='null'}-localhost:27017] DEBUG org.mongodb.driver.cluster -Updating cluster description to  {type=UNKNOWN, servers=[{address=localhost:27017, type=UNKNOWN, state=CONNECTING, exception={com.mongodb.MongoSocketOpenException: Exception opening socket}, caused by {java.net.ConnectException: Connection refused: getsockopt}}]
22:16:56.092 [cluster-ClusterId{value='693700cf575a2d441623f1a6', description='null'}-localhost:27017] DEBUG org.mongodb.driver.cluster -Updating cluster description to  {type=UNKNOWN, servers=[{address=localhost:27017, type=UNKNOWN, state=CONNECTING, exception={com.mongodb.MongoSocketOpenException: Exception opening socket}, caused by {java.net.ConnectException: Connection refused: getsockopt}}]
22:16:56.609 [cluster-ClusterId{value='693700cf575a2d441623f1a6', description='null'}-localhost:27017] DEBUG org.mongodb.driver.cluster -Updating cluster description to  {type=UNKNOWN, servers=[{address=localhost:27017, type=UNKNOWN, state=CONNECTING, exception={com.mongodb.MongoSocketOpenException: Exception opening socket}, caused by {java.net.ConnectException: Connection refused: getsockopt}}]
22:16:57.118 [cluster-ClusterId{value='693700cf575a2d441623f1a6', description='null'}-localhost:27017] DEBUG org.mongodb.driver.cluster -Updating cluster description to  {type=UNKNOWN, servers=[{address=localhost:27017, type=UNKNOWN, state=CONNECTING, exception={com.mongodb.MongoSocketOpenException: Exception opening socket}, caused by {java.net.ConnectException: Connection refused: getsockopt}}]
22:16:57.639 [cluster-ClusterId{value='693700cf575a2d441623f1a6', description='null'}-localhost:27017] DEBUG org.mongodb.driver.cluster -Updating cluster description to  {type=UNKNOWN, servers=[{address=localhost:27017, type=UNKNOWN, state=CONNECTING, exception={com.mongodb.MongoSocketOpenException: Exception opening socket}, caused by {java.net.ConnectException: Connection refused: getsockopt}}]
22:16:58.158 [cluster-ClusterId{value='693700cf575a2d441623f1a6', description='null'}-localhost:27017] DEBUG org.mongodb.driver.cluster -Updating cluster description to  {type=UNKNOWN, servers=[{address=localhost:27017, type=UNKNOWN, state=CONNECTING, exception={com.mongodb.MongoSocketOpenException: Exception opening socket}, caused by {java.net.ConnectException: Connection refused: getsockopt}}]
22:16:58.683 [cluster-ClusterId{value='693700cf575a2d441623f1a6', description='null'}-localhost:27017] DEBUG org.mongodb.driver.cluster -Updating cluster description to  {type=UNKNOWN, servers=[{address=localhost:27017, type=UNKNOWN, state=CONNECTING, exception={com.mongodb.MongoSocketOpenException: Exception opening socket}, caused by {java.net.ConnectException: Connection refused: getsockopt}}]
22:16:59.209 [cluster-ClusterId{value='693700cf575a2d441623f1a6', description='null'}-localhost:27017] DEBUG org.mongodb.driver.cluster -Updating cluster description to  {type=UNKNOWN, servers=[{address=localhost:27017, type=UNKNOWN, state=CONNECTING, exception={com.mongodb.MongoSocketOpenException: Exception opening socket}, caused by {java.net.ConnectException: Connection refused: getsockopt}}]
22:16:59.718 [cluster-ClusterId{value='693700cf575a2d441623f1a6', description='null'}-localhost:27017] DEBUG org.mongodb.driver.cluster -Updating cluster description to  {type=UNKNOWN, servers=[{address=localhost:27017, type=UNKNOWN, state=CONNECTING, exception={com.mongodb.MongoSocketOpenException: Exception opening socket}, caused by {java.net.ConnectException: Connection refused: getsockopt}}]
